candidate_id,budget_hash,in_05pct,in_10pct,in_20pct,in_40pct
F2A:A5I:L7V,378755,True,True,True,True
A5M:S8T:Q9A,1178653,True,True,True,True
S1W:L7V:S8C,5824496,True,True,True,True
R4Q:S8R:A11S,7671180,True,True,True,True
R4Q:L7V:S8K,8399296,True,True,True,True
S8L:H10Y:A11S,10769919,True,True,True,True
R4A:L7I:S8C,13304673,True,True,True,True
F2A:R4C:S8K,15658156,True,True,True,True
Q6R:L7V:Q9R,20168682,True,True,True,True
S8C:Q9A,20219595,True,True,True,True
S1W:L7I:Q9K,24291370,True,True,True,True
R4L:L7I:H10F,26475775,True,True,True,True
F2Q:Q3N:Q6R,26912034,True,True,True,True
L7V:Q9K,29367128,True,True,True,True
R4T:Q6R,34447191,True,True,True,True
A5M:S8L:H10F,35402253,True,True,True,True
F2Q:S8T:H10F,40635575,True,True,True,True
L7V:S8K:A11S,44800653,True,True,True,True
Q6R:L7V:H10F,48689143,True,True,True,True
R4H:L7V,51595633,True,True,True,True
R4L:Q6R:L7Q,52477201,True,True,True,True
Q6R:L7I:S8C,55875751,True,True,True,True
L7I:S8C:A11S,60055902,True,True,True,True
S1W:R4Q:S8L,62433437,True,True,True,True
Q3G:A5I:L7I,62594008,True,True,True,True
Q3N:L7Q:S8L,62789455,True,True,True,True
R4T:L7I:S8R,66516861,True,True,True,True
A5I:L7I:H10Y,67652463,True,True,True,True
R4H:L7Q,68373252,True,True,True,True
A5M:Q6R:L7Q,70735766,True,True,True,True
F2W:S8L:Q9A,71717661,True,True,True,True
Q3N:S8L,72347217,True,True,True,True
R4L:L7V:H10Y,73698085,True,True,True,True
F2Q:Q3G:H10Y,75779474,True,True,True,True
R4A:A5M:S8L,78170705,True,True,True,True
F2A:A5I:L7Q,84266850,True,True,True,True
Q3G:R4Q:L7I,88758280,True,True,True,True
Q3N:S8K,89124836,True,True,True,True
S1W:R4A:S8K,95818056,True,True,True,True
Q3G:L7I:S8T,97602900,True,True,True,True
Q3G:A5M:S8L,100642241,True,True,True,True
F2Q:R4L:L7Q,100779041,True,True,True,True
R4L:L7V:S8K,100779303,True,True,True,True
S1W:Q3N:A5M,103220450,True,True,True,True
A5M:L7V:H10F,105347549,True,True,True,True
A5M:L7V:S8C,112658760,True,True,True,True
R4T:L7Q:H10F,115883359,True,True,True,True
S1W:F2W:Q6R,116638147,True,True,True,True
R4L:L7V:Q9A,117298866,True,True,True,True
Q3G:A5M:S8K,117419860,True,True,True,True
A5M:Q6R:L7V,121068623,True,True,True,True
A5I:L7I:S8T,122491576,True,True,True,True
F2Q:S8T:H10Y,124523670,True,True,True,True
R4Q:L7V:S8L,125842629,True,True,True,True
Q6R:L7V:H10Y,132577238,True,True,True,True
F2W:R4Q:A5I,139824785,True,True,True,True
R4Q:Q9R:A11S,141467917,True,True,True,True
R4Q:L7V:S8C,142620248,True,True,True,True
L7I:H10F,160908555,True,True,True,True
R4T:S8K:Q9A,165990415,True,True,True,True
L7V:S8R:Q9K,167848389,True,True,True,True
Q6R:L7V:Q9K,171167253,True,True,True,True
S1W:L7I:Q9R,175289941,True,True,True,True
S1W:R4L:A11S,176888503,True,True,True,True
F2A,180626767,True,True,True,True
Q6R:L7I:Q9A,185827914,True,True,True,True
F2Q:S8R:H10Y,186446112,True,True,True,True
R4L:Q6R:L7I,186698153,True,True,True,True
F2Q:Q3N:Q9R,193261201,True,True,True,True
S1W:R4Q:S8T,196654389,True,True,True,True
F2Q:Q3N:A11S,198632889,True,True,True,True
F2W:A5M:Q9K,201930115,True,True,True,True
S8T:Q9R:A11S,202352237,True,True,True,True
Q6R:L7V:S8L,204464435,True,True,True,True
S1W:R4P:L7I,204524471,True,True,True,True
S1W:R4T:H10F,208205460,True,True,True,True
R4P:S8T:Q9K,209420512,True,True,True,True
S1W:R4A:S8L,213261389,True,True,True,True
R4A:L7V:Q9A,216035749,True,True,True,True
S1W:R4T,217652865,True,True,True,True
A5I:S8K:H10Y,219843623,True,True,True,True
L7I:S8K:A11S,226667398,True,True,True,True
Q3N:R4L:L7Q,231918344,True,True,True,True
R4T:L7Q:S8T,235311891,True,True,True,True
F2W:Q3N:S8K,239679919,True,True,True,True
Q3N:S8R,240123407,True,True,True,True
Q6R:Q9A:H10Y,240558650,True,True,True,True
R4A:A5M:S8R,245946895,True,True,True,True
F2Q:R4Q:L7I,252067142,True,True,True,True
A5I:L7I:S8L,256712528,True,True,True,True
S1W:L7V:S8L,257488781,True,True,True,True
F2W:R4L:L7Q,263327275,True,True,True,True
S1W:Q3N:Q9R,265783447,True,True,True,True
S1W:R4A:A11S,267978466,True,True,True,True
F2W:A5I:H10Y,269098936,True,True,True,True
Q6R:L7V:Q9A,271832967,True,True,True,True
R4Q:A11S,273629807,True,True,True,True
F2W:S8L:Q9R,289826708,True,True,True,True
R4Q:S8C:H10F,292853234,True,True,True,True
R4A:Q9K:H10Y,302892022,True,True,True,True
L7I:A11S,306380288,True,True,True,True
F2Q:Q3N:Q9K,310704534,True,True,True,True
F2Q:Q3G:Q9K,312854905,True,True,True,True
R4T:L7I:A11S,316423236,True,True,True,True
R4A:L7V:Q9K,316701463,True,True,True,True
S1W:Q3N:A11S,323672227,True,True,True,True
Q6R:S8T:Q9A,325184419,True,True,True,True
R4T:S8C:Q9K,330925317,True,True,True,True
Q3G:R4Q:S8K,333581440,True,True,True,True
R4T:S8K:Q9K,333766605,True,True,True,True
S1W:R4P:L7Q,338745423,True,True,True,True
S1W:R4L:H10F,344574332,True,True,True,True
Q3G:R4C:H10F,345024691,True,True,True,True
F2Q:R4A:Q6R,345182177,True,True,True,True
F2W:R4L:L7V,347215370,True,True,True,True
Q3N:R4L:L7V,349361677,True,True,True,True
F2A:Q3N:Q6R,353332210,True,True,True,True
F2Q:R4H:H10Y,353555907,True,True,True,True
S1W:Q3N:H10F,355711360,False,True,True,True
Q3G:L7I:Q9A,356493188,False,True,True,True
F2W:Q3N:Q9K,356762028,False,True,True,True
R4L:L7V:H10F,358917608,False,True,True,True
A5I:L7Q:A11S,359321273,False,True,True,True
R4L:L7V:Q9R,368963151,False,True,True,True
F2Q:R4C:S8T,372703761,False,True,True,True
F2W:Q3N:S8C,373900871,False,True,True,True
A5I:L7I:S8K,374155861,False,True,True,True
R4L:Q9R,375242236,False,True,True,True
R4P:S8T:Q9A,377196702,False,True,True,True
R4L:L7I:H10Y,378805774,False,True,True,True
L7I:H10Y,379017602,False,True,True,True
S1W:F2A:L7V,380906507,False,True,True,True
F2W:R4P:H10Y,382849549,False,True,True,True
F2Q:R4Q:A11S,386784396,False,True,True,True
F2Q:Q3G:H10F,394554235,False,True,True,True
R4T:Q9K:A11S,394996537,False,True,True,True
A5I:S8C:Q9A,402266432,False,True,True,True
F2Q:R4C:S8R,406258999,False,True,True,True
F2Q:R4T:H10Y,407353647,False,True,True,True
F2Q:Q3N:Q9A,411370248,False,True,True,True
S1W:S8T:Q9A,412064133,False,True,True,True
Q3N:Q6R:S8L,421137676,False,True,True,True
L7V:S8L:H10Y,424227672,False,True,True,True
F2W:R4Q:S8R,430809747,False,True,True,True
R4T:S8C:Q9A,431591031,False,True,True,True
R4A:L7V:Q9R,434144796,False,True,True,True
F2A:R4C:S8R,435098631,False,True,True,True
Q6R:L7I:Q9R,437492199,False,True,True,True
F2A:R4Q:Q9A,440474191,False,True,True,True
F2A:L7I,443225945,False,True,True,True
S1W:R4Q:A11S,448012146,False,True,True,True
Q3G:R4Q:S8L,451024773,False,True,True,True
Q3G:S8C:A11S,460810781,False,True,True,True
R4P:L7I:Q9K,462031289,False,True,True,True
S1W:F2A:L7Q,464794602,False,True,True,True
R4C:A5I:S8L,467512707,False,True,True,True
Q3G:R4Q:S8C,467802392,False,True,True,True
R4C:A5I:Q6R,472914329,False,True,True,True
Q3N:R4T:L7V,478608933,False,True,True,True
R4P:A5M:L7V,479975954,False,True,True,True
R4Q:S8R,487203544,False,True,True,True
F2A:Q3G:R4A,492782335,False,True,True,True
Q6R:S8T:Q9K,492960609,False,True,True,True
L7V:S8L:Q9R,496730020,False,True,True,True
Q3G:A5M:Q6R,499080235,False,True,True,True
R4Q:A5I:H10F,499197213,False,True,True,True
A5I:L7Q:Q9R,502727057,False,True,True,True
R4L:S8K:Q9A,504792215,False,True,True,True
F2Q:R4C:S8L,506924713,False,True,True,True
A5I:L7I:S8C,508376813,False,True,True,True
S1W:L7I:A11S,510654021,False,True,True,True
S1W:S8T:Q9K,512729847,False,True,True,True
R4P:L7V,512739577,False,True,True,True
A5I:S8R:H10F,513793963,False,True,True,True
Q3G:R4H:A5M,517166162,False,True,True,True
Q6R:L7I:A11S,521051155,False,True,True,True
F2W:Q3N:Q9A,524538218,False,True,True,True
S1W:F2W:S8L,526085721,False,True,True,True
Q3N:R4C:Q9A,527500940,False,True,True,True
R4Q:L7V:S8T,528505485,False,True,True,True
R4P:L7Q,529517196,False,True,True,True
F2W:R4Q:S8T,531475461,False,True,True,True
F2W:R4A:S8C,531646080,False,True,True,True
Q3N:Q6R:S8C,538581009,False,True,True,True
A5M:S8L:A11S,546058026,False,True,True,True
Q3N:L7V:S8L,546501970,False,True,True,True
A5I:Q6R:L7Q,547575658,False,True,True,True
L7V:S8R:Q9R,553733626,False,True,True,True
R4H:H10F:A11S,556266895,False,True,True,True
F2W:A5M:H10F,560495753,False,True,True,True
R4P:L7I:Q9A,562697003,False,True,True,True
S1W:Q3G:Q6R,565615087,False,True,True,True
F2Q:S8C:Q9A,567038194,False,True,True,True
A5I:S8C:Q9K,570042622,False,True,True,True
F2A:R4Q:S8C,570323186,False,True,True,True
F2Q:R4P:S8R,571080638,False,True,True,True
F2W:Q9K:H10Y,573021310,False,True,True,True
R4L:L7I:A11S,581258988,False,True,True,True
Q3G:L7V:H10F,586542541,False,True,True,True
R4Q:S8T,587869258,False,True,True,True
R4H:A11S,587911254,False,True,True,True
Q3G:S8L:Q9A,596073157,False,True,True,True
R4A:S8C:A11S,598066573,False,True,True,True
L7I:S8R:H10Y,599386553,False,True,True,True
F2Q:R4P:S8T,604635876,False,True,True,True
Q6R:L7V:S8T,607127291,False,True,True,True
F2A:R4Q:Q9K,608250381,False,True,True,True
R4H:A5M:Q6R,608416440,False,True,True,True
F2A:Q3G:R4H,610225668,False,True,True,True
R4Q:S8C:H10Y,611627995,False,True,True,True
R4P:S8K:H10Y,614683434,False,True,True,True
R4A:A5I:Q9K,617497767,False,True,True,True
A5I:L7Q:Q9K,620170390,False,True,True,True
F2A:R4Q:S8L,620656043,False,True,True,True
F2Q:R4T:Q9K,622968398,False,True,True,True
Q3G:R4C:A5M,623868475,False,True,True,True
L7V:H10F,623963756,False,True,True,True
R4P:S8T:Q9R,628860987,False,True,True,True
R4L:L7I:Q9A,632061471,False,True,True,True
Q3G:S8R:H10Y,634742702,False,True,True,True
F2Q:Q3N:A5M,635972416,False,True,True,True
R4Q:S8K,638202115,False,True,True,True
R4T:A5I:Q6R,646331600,False,True,True,True
A5I:L7Q,649406479,False,True,True,True
A5M:S8R:H10F,652038351,False,True,True,True
Q3N:S8K:H10F,652617227,False,True,True,True
S1W:R4P:A5I,654696838,False,True,True,True
S1W:F2A:S8R,656045041,False,True,True,True
R4A:Q9R:H10F,656738290,False,True,True,True
F2Q:R4C:S8C,657923284,False,True,True,True
F2A:Q9A:A11S,659949340,False,True,True,True
L7I:Q9R:A11S,660989982,False,True,True,True
R4P:S8K:H10F,665016291,False,True,True,True
F2W:R4A:S8K,665867032,False,True,True,True
F2Q:Q6R:Q9A,672742645,False,True,True,True
F2A:Q3G:R4T,677336144,False,False,True,True
S1W:L7I:H10F,678339850,False,False,True,True
A5I:Q6R:L7I,681796610,False,False,True,True
F2W:R4C:S8T,681796631,False,False,True,True
R4C:A5I:S8C,685621754,False,False,True,True
S1W:F2A:S8T,689600279,False,False,True,True
R4T:L7Q:A11S,691454924,False,False,True,True
R4Q:S8R:Q9A,693700159,False,False,True,True
Q6R:S8R:A11S,696465158,False,False,True,True
F2Q:R4Q:L7V,705062855,False,False,True,True
Q3N:Q9R,705230592,False,False,True,True
Q3N:R4L:S8C,705655648,False,False,True,True
F2Q:S8R:H10F,706552301,False,False,True,True
Q3N:A5M:Q9R,707270547,False,False,True,True
Q3G:R4C:Q9A,710409907,False,False,True,True
Q3G:R4H:Q6R,710502612,False,False,True,True
F2W:Q3G:Q9A,716560069,False,False,True,True
R4T:S8C:Q9R,716810554,False,False,True,True
A5I:S8C:Q9R,721041193,False,False,True,True
R4Q:S8L,722090210,False,False,True,True
A5M:L7I:S8T,727468036,False,False,True,True
R4H:Q6R:L7I,728398805,False,False,True,True
S1W:L7I:H10Y,728672707,False,False,True,True
A5I:S8R:H10Y,731903010,False,False,True,True
S1W:R4Q:Q9K,732882783,False,False,True,True
F2Q:R4P:S8L,738856828,False,False,True,True
F2Q:R4P:Q6R,743670070,False,False,True,True
F2A:Q3G:R4P,744446620,False,False,True,True
R4C:S8C:A11S,746942063,False,False,True,True
A5I:Q9R:H10Y,748321375,False,False,True,True
R4P:Q9K:A11S,749954085,False,False,True,True
L7I:S8L:A11S,752186921,False,False,True,True
Q3G:R4Q:S8R,753021915,False,False,True,True
Q3N:Q9R:H10F,754412119,False,False,True,True
F2A:R4Q:S8T,754876995,False,False,True,True
Q3G:R4P:S8L,755830846,False,False,True,True
F2Q:R4H:L7I,759793437,False,False,True,True
F2A:Q3G:R4Q,761224239,False,False,True,True
Q3N:R4L:H10Y,763567688,False,False,True,True
F2W:R4C:S8K,765684726,False,False,True,True
R4Q:S8C,772423067,False,False,True,True
S1W:F2A:S8K,773488374,False,False,True,True
Q3G:L7Q:H10Y,774695411,False,False,True,True
F2Q:R4H:L7V,776571056,False,False,True,True
S1W:L7V:Q9R,776939556,False,False,True,True
F2W:R4A:S8L,783310365,False,False,True,True
R4L:S8K:Q9R,790011738,False,False,True,True
S1W:R4P:A11S,790089075,False,False,True,True
Q3N:Q6R:S8R,790245294,False,False,True,True
Q3N:S8K:A11S,798088960,False,False,True,True
R4P:A5M:L7I,798750715,False,False,True,True
R4L:L7I:Q9K,799837661,False,False,True,True
A5I:S8K:A11S,801927769,False,False,True,True
R4Q:Q6R:L7Q,809860358,False,False,True,True
R4H:S8K:Q9R,815526094,False,False,True,True
F2W:Q3G:Q9K,817225783,False,False,True,True
F2Q:S8C:Q9R,818702479,False,False,True,True
Q3G:R4T:L7I,819642515,False,False,True,True
F2W:R4Q,821585802,False,False,True,True
S1W:F2A:S8L,823821231,False,False,True,True
F2W:R4P:S8K,826473951,False,False,True,True
F2W:L7I:S8C,830206569,False,False,True,True
Q3G:R4C:H10Y,831575642,False,False,True,True
R4P:S8K:A11S,832702120,False,False,True,True
R4A:S8K:Q9R,835924837,False,False,True,True
R4A:S8K,837751123,False,False,True,True
F2W:R4P,838363421,False,False,True,True
R4P:A5I:S8C,840628567,False,False,True,True
A5M:S8L:Q9A,842064693,False,False,True,True
F2A:L7Q,845888801,False,False,True,True
R4T:Q9R:H10F,851148939,False,False,True,True
Q3G:R4Q:S8T,853687629,False,False,True,True
Q3N:R4T:Q6R,854811279,False,False,True,True
S1W:F2A:H10Y,855006994,False,False,True,True
F2A:R4Q:S8R,855542709,False,False,True,True
F2Q:R4P:S8C,856300161,False,False,True,True
F2Q:R4A:L7I,860498038,False,False,True,True
R4Q:S8R:Q9K,861476349,False,False,True,True
R4T:L7Q,861608600,False,False,True,True
F2A:L7V,862666420,False,False,True,True
F2Q:R4P:H10Y,873076619,False,False,True,True
S1W:Q3N:H10Y,875817549,False,False,True,True
S1W:R4H:S8C,876583903,False,False,True,True
F2W:Q9A:H10F,877216497,False,False,True,True
R4C:A5M:S8T,877964351,False,False,True,True
Q3G:R4C:Q9K,878186097,False,False,True,True
S1W:R4A:Q9K,883710735,False,False,True,True
L7Q:S8R:A11S,885571127,False,False,True,True
F2W:A5M:Q6R,887693923,False,False,True,True
Q3G:R4P:S8T,890051798,False,False,True,True
R4Q:L7V:Q9R,892946956,False,False,True,True
S8T:Q9K,897176784,False,False,True,True
S1W:R4Q:Q9A,900658973,False,False,True,True
L7Q:S8R:H10Y,902258385,False,False,True,True
F2W:R4L,905473897,False,False,True,True
F2W:S8T:Q9A,912603701,False,False,True,True
Q9A:A11S,912714287,False,False,True,True
S1W:R4P:Q6R,915143764,False,False,True,True
R4L:L7I:Q9R,917280994,False,False,True,True
F2W:R4A:S8T,917531317,False,False,True,True
R4P:Q9K:H10F,917639914,False,False,True,True
F2W:R4T:L7I,918817051,False,False,True,True
Q9A:H10Y:A11S,919092999,False,False,True,True
A5I:Q9A:H10F,919788309,False,False,True,True
R4A:S8R:A11S,919817436,False,False,True,True
R4P:H10Y:A11S,920350336,False,False,True,True
R4A:S8L,921639218,False,False,True,True
A5M:L7Q:S8C,921848729,False,False,True,True
F2A:Q3G:Q6R,924347509,False,False,True,True
F2Q:R4L:Q6R,927940450,False,False,True,True
H10F,931299641,False,False,True,True
R4P:L7I,932180052,False,False,True,True
F2W:R4Q:S8L,934138317,False,False,True,True
R4L:Q6R:S8T,936932320,False,False,True,True
Q3N:L7V:S8T,949164826,False,False,True,True
R4T:A11S,951013986,False,False,True,True
S1W:R4Q:H10F,951431077,False,False,True,True
Q3N:R4L:Q6R,951918311,False,False,True,True
A5I:Q9A:A11S,953356354,False,False,True,True
R4P:S8L:Q9R,953651571,False,False,True,True
F2Q:R4C:H10Y,955840628,False,False,True,True
Q3N:R4L:S8L,957319933,False,False,True,True
F2A:R4H:H10F,960621466,False,False,True,True
A5M:S8K:H10Y,965885747,False,False,True,True
A5I:S8C:A11S,969917393,False,False,True,True
R4A:S8C,971972075,False,False,True,True
Q3G:Q6R:S8K,972186978,False,False,True,True
R4H:S8K:H10F,974146459,False,False,True,True
A5M:L7I:S8C,979132321,False,False,True,True
R4H:L7V:A11S,983505551,False,False,True,True
F2A:Q3N:A5I,986801372,False,False,True,True
R4C:S8K,987409209,False,False,True,True
Q3N:R4T:S8K,987863264,False,False,True,True
Q6R:H10Y,987971315,False,False,True,True
A5I:Q6R:S8C,990490382,False,False,True,True
Q3N:R4L:S8R,990875171,False,False,True,True
R4P:S8R:Q9A,991910208,False,False,True,True
L7V:A11S,993058567,False,False,True,True
A5I:H10Y:A11S,994159907,False,False,True,True
A5I:L7V:Q9A,1001253817,False,False,True,True
Q3N:Q6R,1007772187,False,False,True,True
S1W:R4H:S8K,1010804855,False,False,True,True
S8C:Q9A:H10F,1011344738,False,False,True,True
F2W:S8T:Q9K,1013269415,False,False,True,True
S1W:Q6R:S8T,1015998771,False,False,True,True
L7I:S8R:H10F,1018827028,False,False,True,True
Q3N:Q9A,1024005353,False,False,True,True
S1W:R4L:L7I,1024283667,False,False,True,True
F2A:Q3G:Q9R,1025160318,False,False,True,True
R4Q:S8L:H10Y,1042553552,False,False,True,True
S1W:A5M:Q9K,1043738131,False,False,True,True
S1W:A5M,1049475214,False,False,True,True
F2W:R4T:H10F,1050860836,False,False,True,True
F2Q:Q6R:H10Y,1050889344,False,False,True,True
L7Q:S8R:H10F,1053256956,False,False,True,True
A5M:L7Q:S8K,1056069681,False,False,True,True
Q3G:S8R,1061416280,False,False,True,True
A5M:Q9K:H10F,1063577047,False,False,True,True
S1W:Q3N:R4Q,1066603334,False,False,True,True
F2A:Q9R:A11S,1067701103,False,False,True,True
Q6R:S8K:H10Y,1069184313,False,False,True,True
F2W:Q9R:H10Y,1071422515,False,False,True,True
F2A:A11S,1072875641,False,False,True,True
S1W:L7Q:S8R,1072913342,False,False,True,True
S1W:Q3N:R4P,1083380953,False,False,True,True
R4L:S8T,1084568381,False,False,True,True
R4C:A5I,1084797072,False,False,True,True
F2W:A5I:S8C,1090168144,False,False,True,True
Q3N:A5M:Q9K,1093155784,False,False,True,True
F2A:Q3N:L7Q,1094120529,False,False,True,True
S1W:R4H:S8T,1094692950,False,False,True,True
Q3G:R4H:S8T,1095807262,False,False,True,True
R4C:A5M:S8C,1096073398,False,False,True,True
A5I:Q9R:H10F,1100651374,False,False,True,True
A5I:L7V:Q9K,1101919531,False,False,True,True
S1W:L7Q:S8T,1106468580,False,False,True,True
S1W:A5I,1116585690,False,False,True,True
S1W:Q6R:S8R,1116664485,False,False,True,True
R4H:L7I:H10F,1117376339,False,False,True,True
S1W:R4Q:Q9R,1118768020,False,False,True,True
R4C:S8C,1121630161,False,False,True,True
Q3N:R4T:S8C,1122084216,False,False,True,True
Q3N:Q9K,1124671067,False,False,True,True
Q3G:R4H:S8R,1129362500,False,False,True,True
R4L:L7Q:H10Y,1141369702,False,False,True,True
L7Q:S8T:H10Y,1141931447,False,False,True,True
F2Q:Q9R:H10Y,1145717529,False,False,True,True
S1W:S8C:Q9R,1151414565,False,False,True,True
Q3G:A5M:Q9K,1152966091,False,False,True,True
R4P:Q6R:S8C,1155575353,False,False,True,True
A5I:S8L:Q9A,1160565081,False,False,True,True
Q3G:S8T,1162081994,False,False,True,True
F2W:S8C:A11S,1163132549,False,False,True,True
A5M:S8C:Q9R,1164986557,False,False,True,True
F2A:R4P:L7I,1167141093,False,False,True,True
F2W:R4T:H10Y,1168304169,False,False,True,True
L7Q:A11S,1169224088,False,False,True,True
Q3N:R4Q:S8T,1172604818,False,False,True,True
A5M:L7Q:S8R,1173513014,False,False,True,True
S1W:R4T:A11S,1173980159,False,False,True,True
L7I:S8K:H10F,1175347713,False,False,True,True
S8R:H10Y,1176476879,False,False,True,True
S1W:S8R:A11S,1178569156,False,False,True,True
A5M:L7V:Q9A,1181760229,False,False,True,True
R4H:S8L:H10Y,1189677273,False,False,True,True
A5I:S8L:A11S,1191290870,False,False,True,True
F2A:S8C:A11S,1200514539,False,False,True,True
S1W:A5M:Q9A,1211514321,False,False,True,True
F2Q:R4L:Q9K,1211629782,False,False,True,True
R4Q:L7V:Q9A,1211721717,False,False,True,True
Q3G:S8K,1212414851,False,False,True,True
R4Q:Q6R:L7I,1212523214,False,False,True,True
S1W:R4C:L7I,1217947346,False,False,True,True
R4L:S8L,1218789333,False,False,True,True
A5I:L7V:Q9R,1219362864,False,False,True,True
R4A:S8K:Q9K,1221810074,False,False,True,True
S1W:L7Q:S8K,1223911913,False,False,True,True
A5I:Q6R,1225804820,False,False,True,True
F2A:Q3N:L7I,1228341481,False,False,True,True
R4C:A5M:S8K,1230294350,False,False,True,True
R4H:A5I:S8R,1234159212,False,False,True,True
R4L:S8C,1235566952,False,False,True,True
R4P:S8L:Q9A,1238871094,False,False,True,True
F2Q:Q3G:A5I,1239454047,False,False,True,True
L7I:S8L:H10Y,1243870391,False,False,True,True
S1W:L7Q:H10Y,1248193419,False,False,True,True
R4Q:H10Y,1248230185,False,False,True,True
Q6R:Q9K:H10F,1249938437,False,False,True,True
R4L:A5I:S8C,1255407347,False,False,True,True
Q3N:L7V:Q9A,1261007774,False,False,True,True
S1W,1261194921,False,False,True,True
A5I:S8L:Q9K,1261230795,False,False,True,True
Q3G:Q6R:Q9R,1261675290,False,False,True,True
F2Q:S8C:A11S,1265924923,False,False,True,True
F2A:A5M:Q9K,1267746165,False,False,False,True
R4Q:Q9K,1268819824,False,False,False,True
F2Q:R4T:S8L,1272629392,False,False,False,True
S8T:H10Y,1273463689,False,False,False,True
F2W:Q3N:R4C,1275025248,False,False,False,True
L7V:S8R:A11S,1279059844,False,False,False,True
F2A:A5M:S8L,1280151827,False,False,False,True
A5M:L7V:Q9K,1282425943,False,False,False,True
F2Q:Q3N,1284392207,False,False,False,True
Q3N:S8R:H10F,1288131846,False,False,False,True
L7Q:S8R,1289621305,False,False,False,True
R4P:Q6R:S8K,1289796305,False,False,False,True
R4P:S8K:Q9R,1290085798,False,False,False,True
F2A:Q3G:S8K,1293240998,False,False,False,True
R4Q:A5M:L7V,1294860945,False,False,False,True
S1W:S8K:H10Y,1297665611,False,False,False,True
S1W:R4P:S8T,1300448414,False,False,False,True
L7V:S8T:Q9A,1301442757,False,False,False,True
Q3G:R4T:L7V,1306193466,False,False,False,True
R4A:A5I:Q6R,1307204527,False,False,False,True
F2W:Q3N:R4A,1308580486,False,False,False,True
R4P:S8R:Q9R,1310684969,False,False,False,True
F2W:L7I,1311788115,False,False,False,True
R4Q:L7V:Q9K,1312387431,False,False,False,True
A5I:L7V:H10F,1319469041,False,False,False,True
L7Q:S8T,1323176543,False,False,False,True
L7I:S8L:H10F,1327758486,False,False,False,True
S1W:Q3N:L7Q,1330706815,False,False,False,True
F2W:S8C:H10F,1330921546,False,False,False,True
R4C:S8K:A11S,1333236279,False,False,False,True
L7I:S8R:Q9R,1333409947,False,False,False,True
R4P:S8L:Q9K,1339536808,False,False,False,True
S1W:R4P:H10Y,1342234397,False,False,False,True
F2A:Q3G:S8L,1343573855,False,False,False,True
Q3G:A5I:H10F,1349510301,False,False,False,True
R4P:Q9R:A11S,1351578220,False,False,False,True
R4T:Q6R:L7I,1353321041,False,False,False,True
R4P:L7V:H10Y,1355635985,False,False,False,True
Q3N:R4Q:S8C,1357158627,False,False,False,True
S1W:L7Q:S8C,1358132865,False,False,False,True
S1W:R4P:H10F,1359012016,False,False,False,True
R4H:Q9K:A11S,1363125197,False,False,False,True
F2A:A5I:H10Y,1367819658,False,False,False,True
S1W:Q6R:S8C,1368328770,False,False,False,True
F2A:A5M:Q9A,1368411879,False,False,False,True
S1W:S8C:Q9A,1369523612,False,False,False,True
R4Q:Q9K:A11S,1375727108,False,False,False,True
F2A:A5M:H10F,1380018135,False,False,False,True
R4C:Q9R:H10Y,1380441469,False,False,False,True
S8K:H10F,1387241875,False,False,False,True
A5M:L7V:Q9R,1399869276,False,False,False,True
F2Q:Q3G,1401835540,False,False,False,True
S8R:Q9K,1402093678,False,False,False,True
L7V:S8T:Q9K,1402108471,False,False,False,True
R4L:Q9R:A11S,1403303704,False,False,False,True
L7V:S8K:Q9R,1403924093,False,False,False,True
S8K:Q9K,1404244049,False,False,False,True
R4C:S8T,1406849684,False,False,False,True
R4P:Q6R:S8R,1407239638,False,False,False,True
Q3G:L7V:S8L,1412179781,False,False,False,True
S1W:Q6R:S8L,1418661627,False,False,False,True
R4C:L7Q:A11S,1419080723,False,False,False,True
F2Q:R4P:A5I,1419840928,False,False,False,True
S1W:R4L:L7Q,1426946523,False,False,False,True
Q3G:L7V:S8C,1428957400,False,False,False,True
F2Q:S8R:A11S,1429385226,False,False,False,True
S1W:A5M:Q9R,1429623368,False,False,False,True
F2A:R4C:A5M,1439742961,False,False,False,True
R4P:Q6R:S8T,1440794876,False,False,False,True
R4H:S8T,1442555865,False,False,False,True
R4A:S8T:A11S,1442759602,False,False,False,True
A5I:S8T:H10Y,1443114756,False,False,False,True
R4C:S8R:Q9K,1449021043,False,False,False,True
F2A:R4P:L7V,1452360616,False,False,False,True
A5M:S8K:H10F,1452436698,False,False,False,True
F2Q:R4C:A5I,1456100461,False,False,False,True
F2A:Q3G:A5M,1456165219,False,False,False,True
R4L:L7I,1456793528,False,False,False,True
R4L:Q6R:S8K,1457038509,False,False,False,True
F2W:Q3N:R4H,1459579057,False,False,False,True
R4L:L7V:A11S,1462607227,False,False,False,True
S1W:L7Q:H10F,1466302466,False,False,False,True
R4P:Q9A:A11S,1471833375,False,False,False,True
R4L:A5I:S8L,1473516394,False,False,False,True
R4T:S8L:A11S,1474058099,False,False,False,True
R4A:L7Q,1474766819,False,False,False,True
R4H:S8R,1476111103,False,False,False,True
S1W:A5M:A11S,1480505806,False,False,False,True
S1W:R4Q:L7Q,1484463912,False,False,False,True
Q3N:S8T:A11S,1484767239,False,False,False,True
S1W:R4P:S8K,1485002223,False,False,False,True
S1W:Q3N:R4H,1486043809,False,False,False,True
R4T:Q9K:H10F,1486663558,False,False,False,True
R4A:Q9K,1489157184,False,False,False,True
Q3N:R4Q:S8K,1491379579,False,False,False,True
R4C:A11S,1498575197,False,False,False,True
S1W:Q9A:A11S,1500124294,False,False,False,True
A5M,1500567105,False,False,False,True
S1W:R4H:H10Y,1502267125,False,False,False,True
F2A:Q3N,1504729567,False,False,False,True
R4P:L7V:H10F,1506634556,False,False,False,True
R4L:A5I:S8R,1507071632,False,False,False,True
Q3N:R4T:S8T,1507969453,False,False,False,True
Q3G:Q6R:A11S,1511490340,False,False,False,True
R4C:S8L:H10F,1512209219,False,False,False,True
S1W:S8K:H10F,1515774658,False,False,False,True
R4P:S8L:A11S,1518023895,False,False,False,True
L7V:S8T:Q9R,1519551804,False,False,False,True
L7V:S8K:Q9K,1521367426,False,False,False,True
R4T:S8C:A11S,1521547332,False,False,False,True
F2A:Q3G:A5I,1523275695,False,False,False,True
F2Q:R4T:S8C,1524293677,False,False,False,True
A5M:H10Y,1525700729,False,False,False,True
F2W:Q3N:R4L,1526689533,False,False,False,True
L7Q:S8L:A11S,1528424753,False,False,False,True
R4T:S8L:Q9K,1529282284,False,False,False,True
R4P:S8L:H10Y,1534814321,False,False,False,True
Q3G:R4Q:Q9A,1536903861,False,False,False,True
S1W:S8C:Q9K,1537299802,False,False,False,True
R4P:S8K:Q9A,1541750083,False,False,False,True
Q3N:S8K:Q9K,1541930409,False,False,False,True
F2Q:A5I,1549298204,False,False,False,True
S1W:Q3N:R4L,1553154285,False,False,False,True
F2W:Q9R:H10F,1557973466,False,False,False,True
S8R:A11S,1560154625,False,False,False,True
A5I:S8T:H10F,1560558089,False,False,False,True
A5M:L7I:A11S,1560638893,False,False,False,True
A5M:Q9R:A11S,1561389661,False,False,False,True
R4Q:S8C:Q9R,1561575021,False,False,False,True
F2Q:Q9R:H10F,1565158004,False,False,False,True
F2A:R4P:L7Q,1569803949,False,False,False,True
R4H:L7I:S8T,1570749695,False,False,False,True
F2Q:Q6R:H10F,1570995533,False,False,False,True
S1W:Q6R:L7Q,1576754926,False,False,False,True
Q3N:R4A:S8C,1577495987,False,False,False,True
S1W:F2W:Q9K,1578409571,False,False,False,True
L7Q:Q9K,1579212785,False,False,False,True
R4L:S8T:H10F,1583339744,False,False,False,True
S1W:R4H:A11S,1584339979,False,False,False,True
F2A:A5I:A11S,1585941512,False,False,False,True
F2A:Q3N:Q9R,1593448993,False,False,False,True
F2W:Q3N:R4P,1593800009,False,False,False,True
R4C:H10F:A11S,1594645738,False,False,False,True
S1W:R4P:Q9K,1602187500,False,False,False,True
R4H:A5I:S8L,1603266830,False,False,False,True
R4H:S8L:Q9K,1606812768,False,False,False,True
Q3N:R4L:Q9K,1606980927,False,False,False,True
R4C:S8T:Q9A,1607990635,False,False,False,True
R4H:S8L:H10F,1609117748,False,False,False,True
A5I:S8T,1611212638,False,False,False,True
F2Q:Q3N:S8K,1614692669,False,False,False,True
R4Q:A5M,1615936630,False,False,False,True
R4C:S8R:Q9A,1616797233,False,False,False,True
S1W:R4C:Q6R,1623797365,False,False,False,True
Q3G:R4T:H10F,1626052348,False,False,False,True
S1W:Q6R:L7V,1627087783,False,False,False,True
L7I:S8T:A11S,1630363697,False,False,False,True
F2Q:Q3N:S8T,1631470288,False,False,False,True
Q6R:S8T:H10F,1636280771,False,False,False,True
Q3G:R4Q:Q9K,1637569575,False,False,False,True
Q3N:S8K:Q9A,1642596123,False,False,False,True
F2Q:Q9A:H10F,1643614015,False,False,False,True
F2W:Q3G:S8T,1643892093,False,False,False,True
A5I:S8R,1644767876,False,False,False,True
R4C:S8T:A11S,1645006160,False,False,False,True
Q6R:S8R:H10F,1645145473,False,False,False,True
S1W:F2Q:H10Y,1652121858,False,False,False,True
F2Q:L7Q,1656617361,False,False,False,True
Q3N:Q6R:A11S,1658386461,False,False,False,True
F2W:Q3N:R4T,1660910485,False,False,False,True
R4C:Q9A,1665739972,False,False,False,True
F2Q:Q3G:Q6R,1671591781,False,False,False,True
Q3N:R4P:H10Y,1674081580,False,False,False,True
R4C:A5I:L7Q,1675411334,False,False,False,True
R4H:S8K:A11S,1677290352,False,False,False,True
R4C:S8L:A11S,1679998216,False,False,False,True
S1W:L7Q:Q9R,1684133629,False,False,False,True
R4P:S8L:H10F,1685812892,False,False,False,True
Q3N:A5I:L7Q,1706500711,False,False,False,True
R4L:L7V,1708457813,False,False,False,True
F2A:Q3G:S8R,1712681473,False,False,False,True
Q3G:L7V:S8R,1714176923,False,False,False,True
R4C:S8C:H10Y,1721542441,False,False,False,True
F2A:R4C:H10F,1723952041,False,False,False,True
S1W:R4C:Q9R,1724610174,False,False,False,True
Q3G:Q9R,1725589227,False,False,False,True
R4C:A5I:L7V,1725744191,False,False,False,True
L7Q:S8L,1725839399,False,False,False,True
Q3N:A11S,1726063622,False,False,False,True
R4P:A5I:Q6R,1726309060,False,False,False,True
S1W:Q6R:H10F,1726611711,False,False,False,True
A5I:S8T:A11S,1726818174,False,False,False,True
S1W:S8C:A11S,1728406389,False,False,False,True
F2Q:Q3N:S8R,1732136002,False,False,False,True
S1W:Q3N:L7I,1733369671,False,False,False,True
F2Q:Q3N:H10Y,1743295623,False,False,False,True
F2Q:S8L:H10Y,1744720990,False,False,False,True
A5I:S8L,1745433590,False,False,False,True
F2A:Q3G:S8T,1746236711,False,False,False,True
F2Q:R4C:Q9A,1747813105,False,False,False,True
F2W:Q6R:S8C,1750637874,False,False,False,True
L7V:H10Y:A11S,1753819295,False,False,False,True
Q3N:S8R:Q9K,1760117398,False,False,False,True
Q9A:H10F,1769768164,False,False,False,True
F2W:Q6R:Q9K,1788461901,False,False,False,True
S1W:F2A:R4T,1788920128,False,False,False,True
A5I:L7Q:S8C,1789937573,False,False,False,True
F2Q:L7I,1790838313,False,False,False,True
F2W:Q3G:S8C,1794890664,False,False,False,True
Q3N:R4A:S8L,1795605034,False,False,False,True
A5I:S8K,1795766447,False,False,False,True
F2W:L7V,1798339066,False,False,False,True
L7Q:S8L:Q9R,1800139657,False,False,False,True
F2W:Q6R:S8L,1800970731,False,False,False,True
F2W:R4A:L7I,1802677984,False,False,False,True
Q6R:S8T:A11S,1804069768,False,False,False,True
S1W:F2W:R4H,1805948646,False,False,False,True
Q3G:L7V:S8T,1814842637,False,False,False,True
L7V:S8C:A11S,1828793909,False,False,False,True
S1W:S8T:H10F,1829374973,False,False,False,True
R4L:S8R:Q9R,1831694173,False,False,False,True
S1W:R4A:Q6R,1839196375,False,False,False,True
F2A:Q9R,1839296209,False,False,False,True
R4H:S8L,1845218721,False,False,False,True
S1W:S8T:H10Y,1846152592,False,False,False,True
R4A:A11S,1857015679,False,False,False,True
Q3G:R4A:Q9K,1857906935,False,False,False,True
R4H:S8K,1861996340,False,False,False,True
R4C:L7V:Q9R,1869453202,False,False,False,True
S1W:F2W:R4L,1873059122,False,False,False,True
S8K:H10Y,1873792826,False,False,False,True
Q9A:H10Y,1887211497,False,False,False,True
F2A:R4L:A5I,1887829788,False,False,False,True
Q3G,1891268177,False,False,False,True
R4C:S8T:Q9R,1893210158,False,False,False,True
F2W:R4H:Q6R,1898958284,False,False,False,True
A5I:L7Q:H10Y,1903984007,False,False,False,True
R4T:A5I,1909165969,False,False,False,True
A5I:Q9K,1912848556,False,False,False,True
R4T:L7V:S8K,1916076639,False,False,False,True
S1W:F2Q:R4A,1920912767,False,False,False,True
R4Q:Q6R,1922602512,False,False,False,True
S1W:F2W:R4C,1923391979,False,False,False,True
A5I:S8T:Q9R,1923802072,False,False,False,True
A5I:L7Q:S8K,1924158525,False,False,False,True
R4L:S8L:Q9K,1924245668,False,False,False,True
F2A:Q9R:H10F,1924858148,False,False,False,True
F2A:A5I:Q9K,1925851361,False,False,False,True
F2A:R4T:Q9K,1926947102,False,False,False,True
Q3N:R4A:S8T,1929825986,False,False,False,True
R4T:S8T:H10F,1934571864,False,False,False,True
F2W:Q6R:S8T,1935191683,False,False,False,True
R4T:Q9K:H10Y,1939659271,False,False,False,True
A5I:L7Q:S8T,1940936144,False,False,False,True
A5M:H10F,1945141204,False,False,False,True
R4A:S8T:H10F,1946075365,False,False,False,True
R4T:S8L:Q9R,1948722759,False,False,False,True
R4L:S8R:Q9K,1949137506,False,False,False,True
F2A:Q9K,1956739542,False,False,False,True
R4Q:H10Y:A11S,1960210887,False,False,False,True
R4L:Q9K:A11S,1966202785,False,False,False,True
Q9K:A11S,1967101749,False,False,False,True
Q3N:R4P:A5M,1967154137,False,False,False,True
R4L:H10Y:A11S,1968757284,False,False,False,True
S1W:R4C:Q9A,1976274459,False,False,False,True
F2A:Q3N:S8T,1978678816,False,False,False,True
Q3G:S8R:Q9A,1980037311,False,False,False,True
S1W:R4C:H10F,1981000459,False,False,False,True
L7I:S8R:A11S,1984601727,False,False,False,True
S1W:R4C:S8K,1992690854,False,False,False,True
S1W:R4Q:A5I,1995137473,False,False,False,True
F2Q:S8R:Q9A,1996096661,False,False,False,True
S1W:A5M:S8T,2004728561,False,False,False,True
R4Q:L7Q:S8R,2005331878,False,False,False,True
R4P:S8R:H10Y,2010268447,False,False,False,True
F2A:R4L:L7V,2011926564,False,False,False,True
R4Q:H10F:A11S,2015863232,False,False,False,True
F2W:Q3G:L7I,2016117240,False,False,False,True
A5M:S8K:Q9A,2019861532,False,False,False,True
S1W:R4P:Q9R,2021627975,False,False,False,True
S8L:Q9K,2022721976,False,False,False,True
F2A:Q3N:H10Y,2022798391,False,False,False,True
L7Q:H10Y,2024973018,False,False,False,True
R4T:S8L:H10Y,2026203421,False,False,False,True
A5M:Q6R:Q9K,2028826293,False,False,False,True
S1W:F2W:A5I,2033955453,False,False,False,True
F2W:Q6R:S8R,2035857397,False,False,False,True
S1W:A5M:S8R,2038283799,False,False,False,True
R4Q:L7Q:S8T,2038887116,False,False,False,True
S1W:S8C,2039690259,False,False,False,True
A5M:Q6R:S8L,2041335123,False,False,False,True
R4T:S8L:H10F,2042981040,False,False,False,True
S1W:R4C:S8L,2043023711,False,False,False,True
S1W:A5I:L7I,2043940224,False,False,False,True
R4H:L7Q:Q9R,2044008222,False,False,False,True
R4Q:S8K:Q9K,2047342378,False,False,False,True
Q3N:R4P:S8C,2059538476,False,False,False,True
S1W:R4Q:A5M,2062247949,False,False,False,True
L7Q:S8K:H10F,2071011545,False,False,False,True
R4T:S8R:A11S,2071384565,False,False,False,True
Q3G:R4H:A11S,2071567091,False,False,False,True
A5I:S8T:Q9K,2074800643,False,False,False,True
F2A:R4L:Q9K,2074933766,False,False,False,True
R4L:S8L:Q9R,2075244239,False,False,False,True
Q9R,2077499272,False,False,False,True
S1W:Q6R:H10Y,2078941710,False,False,False,True
Q3N:R4P:L7I,2081518668,False,False,False,True
S8R:Q9K:H10F,2083653593,False,False,False,True
F2Q:A5M:A11S,2092067556,False,False,False,True
Q3G:Q6R:L7Q,2096197510,False,False,False,True
F2Q:S8R:Q9K,2096762375,False,False,False,True
A5M:Q6R:H10F,2099729815,False,False,False,True
R4L:S8T:H10Y,2103445933,False,False,False,True
Q3G:R4C:L7V,2110423123,False,False,False,True
R4C:L7V:Q9A,2121117487,False,False,False,True
S1W:R4C:A11S,2126472192,False,False,False,True
S1W:R4C:S8C,2126911806,False,False,False,True
R4T:Q6R:Q9K,2128172910,False,False,False,True
A5M:Q6R:Q9A,2129492007,False,False,False,True
R4P:S8C:H10Y,2135143458,False,False,False,True
S1W:A5M:S8L,2138949513,False,False,False,True
L7V:S8K:H10Y,2140383755,False,False,False,True
S1W:F2A:R4A,2141250127,False,False,False,True
Q3N:R4Q:Q9K,2142785640,False,False,False,True
Q3G:Q6R:L7V,2146530367,False,False,False,True
F2W:Q3G:L7Q,2150338192,False,False,False,True
Q3N:R4C:S8C,2151611545,False,False,False,True
S1W:R4C:A5M,2155615075,False,False,False,True
S1W:A5M:S8K,2155727132,False,False,False,True
F2Q:Q9R,2155842657,False,False,False,True
F2W:A5I:Q9A,2159269613,False,False,False,True
Q6R:S8R:Q9R,2162751488,False,False,False,True
F2Q:Q3G:L7V,2164102027,False,False,False,True
F2A:H10F,2164542662,False,False,False,True
L7I:Q9A:H10F,2167120242,False,False,False,True
Q3N:L7I:Q9R,2173896870,False,False,False,True
S1W:S8K,2173911211,False,False,False,True
S1W:F2A:R4C,2174805365,False,False,False,True
A5I:L7V:S8L,2176342561,False,False,False,True
Q3N:R4P:S8L,2176981809,False,False,False,True
F2W:S8L:H10Y,2180750952,False,False,False,True
R4L:S8R:H10Y,2185820651,False,False,False,True
R4T:S8T:H10Y,2186236149,False,False,False,True
A5M:S8K:Q9K,2187637722,False,False,False,True
S1W:F2Q:R4Q,2189354671,False,False,False,True
S1W:F2A:R4L,2191582984,False,False,False,True
Q3N:R4P:S8K,2193759428,False,False,False,True
Q3G:R4C:L7Q,2194311218,False,False,False,True
F2A:Q6R:Q9R,2194830396,False,False,False,True
R4H:L7Q:Q9K,2195006793,False,False,False,True
R4Q:S8K:Q9R,2198340949,False,False,False,True
F2Q:Q9A:A11S,2198397228,False,False,False,True
S1W:R4C:H10Y,2199109506,False,False,False,True
R4T:S8R,2200150931,False,False,False,True
R4A:L7Q:Q9A,2202420300,False,False,False,True
R4P:L7Q:H10Y,2209919434,False,False,False,True
R4T:L7I:Q9K,2214310149,False,False,False,True
R4H:L7V:S8R,2219397112,False,False,False,True
S1W:Q3G:L7Q,2219401472,False,False,False,True
L7Q:S8T:Q9K,2221585222,False,False,False,True
S1W:R4C:A5I,2222725551,False,False,False,True
S1W:R4Q:Q6R,2225252231,False,False,False,True
S1W:F2W:R4Q,2225389121,False,False,False,True
F2A:A5I:S8T,2227590447,False,False,False,True
R4H:A5M,2235661737,False,False,False,True
A5I:S8T:Q9A,2242576833,False,False,False,True
A5M:Q9R:H10F,2243745202,False,False,False,True
R4A:S8R:Q9A,2244200655,False,False,False,True
R4C:L7V:S8C,2250966482,False,False,False,True
Q3G:A5I,2257259842,False,False,False,True
R4L:Q9R:H10Y,2259052634,False,False,False,True
R4P:L7Q:H10F,2260252291,False,False,False,True
F2Q:R4Q:S8T,2262194259,False,False,False,True
R4H:Q6R,2264445067,False,False,False,True
S1W:F2Q:L7V,2265402683,False,False,False,True
S1W:Q6R:A11S,2281394924,False,False,False,True
F2A:A5M,2282007424,False,False,False,True
R4H:Q6R:S8T,2282423300,False,False,False,True
R4Q:S8L:A11S,2285492666,False,False,False,True
R4Q:L7Q,2285495379,False,False,False,True
Q3N:R4C:S8K,2285832497,False,False,False,True
R4P:S8L,2287623257,False,False,False,True
Q3N:H10Y,2288858700,False,False,False,True
S1W:A5M:S8C,2289948084,False,False,False,True
S1W:S8R,2291354544,False,False,False,True
R4P:L7V:Q9A,2297488470,False,False,False,True
F2Q:Q3N:R4L,2297707999,False,False,False,True
R4T:L7V:S8R,2301961876,False,False,False,True
Q3N:R4C:S8L,2302610116,False,False,False,True
R4H:A5I,2302772213,False,False,False,True
Q3N:L7Q:H10F,2306843163,False,False,False,True
Q3N:R4P:S8T,2311202761,False,False,False,True
Q3N:R4T:Q9K,2312639751,False,False,False,True
R4Q:Q9A:H10Y,2319815028,False,False,False,True
R4H:L7V:S8T,2320062826,False,False,False,True
L7Q:S8T:Q9A,2322250936,False,False,False,True
F2W:R4A:L7V,2322784173,False,False,False,True
Q6R:S8L:Q9K,2322930553,False,False,False,True
S1W:Q3G:H10Y,2324689664,False,False,False,True
Q3G:R4Q:Q6R,2327276335,False,False,False,True
S1W:A5M:L7I,2330667684,False,False,False,True
F2W:R4H:S8R,2341269548,False,False,False,True
Q3N:R4P:S8R,2344757999,False,False,False,True
R4H:S8T:Q9R,2351043827,False,False,False,True
S1W:F2Q:Q6R,2352477941,False,False,False,True
Q3G:R4T:S8R,2352912192,False,False,False,True
F2A:R4H:Q6R,2354314030,False,False,False,True
R4Q:L7I:A11S,2355687453,False,False,False,True
L7V:S8K:H10F,2358492802,False,False,False,True
R4H:S8L:A11S,2362612127,False,False,False,True
F2Q:R4Q:S8R,2362859973,False,False,False,True
F2A:Q3N:S8C,2364564053,False,False,False,True
R4T:L7I:H10Y,2367017158,False,False,False,True
R4C:S8C:Q9R,2367504491,False,False,False,True
R4Q:L7V,2369383474,False,False,False,True
R4A:L7Q:Q9K,2370196490,False,False,False,True
R4H:L7V:S8K,2370395683,False,False,False,True
Q3N:R4A:L7Q,2372591755,False,False,False,True
R4P:S8R:A11S,2373157841,False,False,False,True
Q6R:L7V:A11S,2377053780,False,False,False,True
F2A:Q3N:S8L,2381341672,False,False,False,True
F2Q:R4L:S8C,2381396965,False,False,False,True
R4A:S8K:A11S,2382059829,False,False,False,True
F2Q:Q3G:L7I,2382211074,False,False,False,True
S1W:Q3N:S8L,2384032230,False,False,False,True
L7Q:S8K:Q9K,2385769075,False,False,False,True
A5I:L7I:A11S,2386688289,False,False,False,True
F2Q:Q9K:H10Y,2388665516,False,False,False,True
R4P:L7I:A11S,2392946064,False,False,False,True
R4P:L7V:Q9K,2398154184,False,False,False,True
R4H:Q6R:S8K,2399866633,False,False,False,True
S8L:H10F,2408038476,False,False,False,True
R4A:A5M,2415756326,False,False,False,True
Q6R:S8L:Q9A,2423596267,False,False,False,True
R4P:L7Q:A11S,2427938120,False,False,False,True
Q3G:S8C:Q9K,2428471698,False,False,False,True
S1W:Q3N:S8K,2434365087,False,False,False,True
F2Q:Q3G:S8R,2439240561,False,False,False,True
R4Q:L7Q:S8L,2441549972,False,False,False,True
A5M:Q6R:S8T,2443997979,False,False,False,True
S1W:R4C:S8T,2445686567,False,False,False,True
S1W:A5I:L7Q,2446603080,False,False,False,True
S1W:A5M:L7V,2448111017,False,False,False,True
Q3N:Q6R:L7I,2448274021,False,False,False,True
S1W:Q9A:H10F,2448804609,False,False,False,True
R4T:S8C,2451815216,False,False,False,True
Q6R:S8K:A11S,2454399487,False,False,False,True
R4Q:Q9R:H10F,2455160066,False,False,False,True
R4H:S8C:Q9R,2456334998,False,False,False,True
Q3N:R4A:L7V,2456479850,False,False,False,True
R4H:A5M:H10F,2463716780,False,False,False,True
F2W:R4H:A5I,2464728590,False,False,False,True
S1W:A5M:L7Q,2464888636,False,False,False,True
L7V:S8C:Q9R,2465147493,False,False,False,True
R4H:H10Y:A11S,2468474936,False,False,False,True
S1W:Q9R:H10F,2470899658,False,False,False,True
F2Q:Q3G:S8T,2472795799,False,False,False,True
Q6R:S8R:Q9A,2481526249,False,False,False,True
Q3N:R4P:L7Q,2484181524,False,False,False,True
R4C:S8C:Q9K,2484947824,False,False,False,True
L7I:S8K,2489076390,False,False,False,True
L7Q:S8K:H10Y,2490452020,False,False,False,True
F2A:R4L:Q9R,2494374241,False,False,False,True
F2A:Q3N:S8K,2498785005,False,False,False,True
R4C:H10Y,2499705499,False,False,False,True
R4A:L7I:H10F,2499707618,False,False,False,True
S8R:Q9K:H10Y,2503094068,False,False,False,True
Q3N:R4A:L7I,2506812707,False,False,False,True
Q3N:R4H:A5M,2508516289,False,False,False,True
Q3N:L7V,2510304545,False,False,False,False
F2Q:R4L:S8K,2515617917,False,False,False,False
R4C:S8R:H10F,2518676697,False,False,False,False
R4A:L7Q:Q9R,2521195061,False,False,False,False
S1W:Q9R:H10Y,2521232515,False,False,False,False
Q3G:R4L:S8L,2521747250,False,False,False,False
S1W:F2W:H10Y,2522218596,False,False,False,False
A5I:A11S,2527024819,False,False,False,False
Q3N:L7Q,2527082164,False,False,False,False
S8L:Q9R:A11S,2528306853,False,False,False,False
Q3N:R4T:A11S,2528621834,False,False,False,False
F2Q:R4L:S8T,2532395536,False,False,False,False
R4H:Q6R:S8C,2534087585,False,False,False,False
F2A:R4C:L7Q,2535741772,False,False,False,False
L7I:S8L,2539409247,False,False,False,False
F2W:S8K:Q9K,2540882130,False,False,False,False
F2Q:S8T,2541072480,False,False,False,False
A5M:Q6R:S8R,2544663693,False,False,False,False
L7Q:S8K:Q9A,2553545265,False,False,False,False
Q3N:L7I:S8C,2555513318,False,False,False,False
R4L:L7I:S8T,2557115699,False,False,False,False
Q3N:S8L:A11S,2557178351,False,False,False,False
F2A:S8R:Q9A,2558129765,False,False,False,False
A5M:Q9R:H10Y,2562519963,False,False,False,False
R4A:Q6R:S8L,2563976723,False,False,False,False
S1W:A5I:L7V,2564046413,False,False,False,False
Q3N:R4H:A5I,2575626765,False,False,False,False
F2A:R4T:S8L,2576608096,False,False,False,False
L7Q:Q9R:H10Y,2578990268,False,False,False,False
Q6R:S8R:Q9K,2582191963,False,False,False,False
R4A:L7I:Q9K,2583495650,False,False,False,False
F2A:S8L:A11S,2584262956,False,False,False,False
R4T:S8K,2586036168,False,False,False,False
S1W:Q3G:R4T,2587814942,False,False,False,False
Q3N:L7I:Q9K,2593337345,False,False,False,False
R4Q:L7Q:Q9R,2595763813,False,False,False,False
R4L:A5I,2596381065,False,False,False,False
A5I:S8K:Q9R,2597190065,False,False,False,False
Q3G:A5M:L7Q,2597975716,False,False,False,False
S1W:F2Q:Q9K,2604289321,False,False,False,False
F2Q:Q3G:S8L,2607016751,False,False,False,False
F2Q:R4Q:S8C,2614524258,False,False,False,False
R4H:L7Q:H10Y,2614769058,False,False,False,False
F2Q:Q3N:R4Q,2616482760,False,False,False,False
S8C:H10F,2620427227,False,False,False,False
R4T:S8R:Q9R,2628327589,False,False,False,False
R4C:S8K:Q9R,2633105107,False,False,False,False
F2Q:Q3N:R4P,2633260379,False,False,False,False
S1W:F2W:H10F,2639661929,False,False,False,False
L7Q:S8T:Q9R,2641025697,False,False,False,False
F2W:S8K:Q9A,2641547844,False,False,False,False
S1W:R4T:S8K,2642500307,False,False,False,False
L7I:H10F:A11S,2643593005,False,False,False,False
R4A:H10Y:A11S,2651127991,False,False,False,False
S8T,2652501297,False,False,False,False
R4C:S8C:Q9A,2652724014,False,False,False,False
R4L:S8L:H10Y,2657692837,False,False,False,False
R4L:L7I:S8R,2657781413,False,False,False,False
Q3N:Q6R:H10Y,2659516763,False,False,False,False
F2Q:A5M:H10F,2660402279,False,False,False,False
R4L:A5M,2663491541,False,False,False,False
Q3G:R4P:Q9R,2664107455,False,False,False,False
R4T:Q6R:S8T,2664401304,False,False,False,False
F2Q:R4Q:S8L,2664857115,False,False,False,False
F2A:S8K:Q9R,2669345079,False,False,False,False
S1W:Q3G:R4Q,2671703037,False,False,False,False
L7V:S8T:H10F,2672196285,False,False,False,False
Q3N:H10F,2674743937,False,False,False,False
R4C:Q6R:S8C,2681055052,False,False,False,False
L7V:S8C:Q9A,2683256540,False,False,False,False
R4A:L7I:Q9A,2684161364,False,False,False,False
S8R,2686056535,False,False,False,False
R4Q:L7I,2688158235,False,False,False,False
F2Q:Q3G:S8C,2690904846,False,False,False,False
F2A:R4T:S8K,2694051429,False,False,False,False
Q3N:R4H:Q9K,2699563219,False,False,False,False
F2Q:Q3N:R4T,2700370855,False,False,False,False
Q3G:R4A:S8K,2701454032,False,False,False,False
R4T:S8L,2703479501,False,False,False,False
R4Q:L7I:S8L,2703570188,False,False,False,False
S1W:Q9A,2703863206,False,False,False,False
R4Q:A5M:S8T,2706609529,False,False,False,False
F2W:R4H:L7Q,2706857079,False,False,False,False
F2W:R4A:A5I,2716014401,False,False,False,False
S1W:Q9K:H10F,2721116895,False,False,False,False
F2Q:L7V:S8L,2723182751,False,False,False,False
R4P:S8R,2723841351,False,False,False,False
F2Q:R4T:A11S,2726286305,False,False,False,False
Q3G:A5M:L7I,2732196668,False,False,False,False
Q6R:L7Q:H10F,2737043320,False,False,False,False
A5I:S8R:Q9R,2737401502,False,False,False,False
S1W:Q3G,2739095730,False,False,False,False
Q3N:A5I:S8L,2741086718,False,False,False,False
S8L:Q9R:H10Y,2746325539,False,False,False,False
Q3G:R4T,2748357945,False,False,False,False
F2Q:R4Q:S8K,2748745210,False,False,False,False
Q3G:H10F,2757769124,False,False,False,False
F2W:R4H:S8K,2760710023,False,False,False,False
L7I:S8C:Q9K,2764759395,False,False,False,False
R4T:Q6R:S8R,2765067018,False,False,False,False
Q3G:R4T:S8K,2772352667,False,False,False,False
F2Q:R4Q:A5I,2772444955,False,False,False,False
F2A:R4L:A11S,2773731945,False,False,False,False
R4H:S8R:Q9R,2774128833,False,False,False,False
L7Q:S8K:A11S,2774155438,False,False,False,False
S1W:R4T:S8C,2776721259,False,False,False,False
S8L:A11S,2777236455,False,False,False,False
F2W:R4A:A5M,2783124877,False,False,False,False
S1W:R4A:L7V,2783801117,False,False,False,False
Q3G:R4A:H10Y,2786639760,False,False,False,False
S1W:Q3N:S8T,2786695086,False,False,False,False
S8L,2786722249,False,False,False,False
S1W:Q3G:R4H,2789146370,False,False,False,False
Q3N:A5I:S8K,2791419575,False,False,False,False
F2W:R4L:A5M,2793668942,False,False,False,False
R4T:S8T:Q9R,2795843391,False,False,False,False
R4T:Q6R:S8L,2798622256,False,False,False,False
Q3G:R4Q,2798690802,False,False,False,False
R4Q:S8T:Q9R,2799990564,False,False,False,False
S1W:R4A:L7I,2800578736,False,False,False,False
S8K,2803499868,False,False,False,False
S1W:Q9K,2804528920,False,False,False,False
R4H:A5M:S8K,2810994603,False,False,False,False
R4A:L7V:H10F,2813307933,False,False,False,False
A5I:S8K:Q9A,2815299112,False,False,False,False
Q3G:R4P,2815468421,False,False,False,False
Q3G:R4A:S8L,2818897365,False,False,False,False
R4T:L7I:H10F,2820012871,False,False,False,False
S1W:Q3N:S8R,2820250324,False,False,False,False
R4Q:L7I:S8C,2821013521,False,False,False,False
Q3N:R4A:A5I,2822611834,False,False,False,False
L7Q:S8C:Q9A,2823006009,False,False,False,False
F2Q:R4H:A5I,2823613176,False,False,False,False
Q3G:R4L:S8R,2823744392,False,False,False,False
S1W:F2A:Q9K,2824626681,False,False,False,False
R4A:L7Q:H10F,2827093354,False,False,False,False
A5I:S8R:A11S,2827589280,False,False,False,False
F2A:R4T:S8C,2828272381,False,False,False,False
R4P:S8T:H10Y,2828797529,False,False,False,False
S1W:R4H:Q6R,2833472156,False,False,False,False
R4P:L7I:S8C,2840081230,False,False,False,False
S1W:R4L:S8C,2842772867,False,False,False,False
S1W:Q3G:H10F,2844795853,False,False,False,False
F2W:S8R,2844954624,False,False,False,False
R4H:Q9A:H10F,2846711036,False,False,False,False
Q3N:R4H:Q6R,2848443219,False,False,False,False
Q3N:Q6R:L7Q,2850936877,False,False,False,False
L7V:S8C:Q9K,2851032730,False,False,False,False
F2A:R4T:A5I,2853649412,False,False,False,False
Q3G:R4T:S8L,2856240762,False,False,False,False
Q3G:A5M:H10F,2857339537,False,False,False,False
Q3G:L7Q,2859708115,False,False,False,False
F2W:R4L:A5I,2860779418,False,False,False,False
Q3N:R4H:Q9A,2867339409,False,False,False,False
S1W:R4H:Q9R,2868748607,False,False,False,False
Q6R:H10Y:A11S,2873002837,False,False,False,False
Q3G:H10Y,2875212457,False,False,False,False
Q3N:A5I:S8T,2875307670,False,False,False,False
R4C:S8T:H10F,2877117179,False,False,False,False
R4A:L7Q:H10Y,2877426211,False,False,False,False
A5I:S8R:Q9K,2888400073,False,False,False,False
S1W:Q3N,2890094301,False,False,False,False
R4H:A5M:S8L,2894882698,False,False,False,False
S1W:L7V,2897988938,False,False,False,False
F2A:R4P:Q6R,2902901478,False,False,False,False
L7I:S8R,2908516865,False,False,False,False
F2A:R4T:A11S,2909681265,False,False,False,False
A5M:A11S,2910812735,False,False,False,False
R4T:Q6R:S8K,2916065589,False,False,False,False
R4C:S8K:Q9A,2918324630,False,False,False,False
L7Q:S8C:Q9K,2923671723,False,False,False,False
S1W:A5M:H10F,2924897145,False,False,False,False
S1W:F2A:Q9A,2925292395,False,False,False,False
F2Q:S8C,2926957717,False,False,False,False
R4P:L7Q:Q9K,2927131809,False,False,False,False
R4Q:L7Q:A11S,2927563317,False,False,False,False
R4H:A5M:S8R,2928437936,False,False,False,False
L7I:S8C:Q9A,2932535585,False,False,False,False
R4C:Q6R:S8T,2932719337,False,False,False,False
S8C,2937720820,False,False,False,False
F2A:R4C:L7I,2938404628,False,False,False,False
S1W:Q3G:R4A,2940144941,False,False,False,False
Q3G:R4L:L7I,2940653899,False,False,False,False
R4L:S8L:H10F,2942912360,False,False,False,False
S8T:Q9A:H10Y,2943356628,False,False,False,False
Q3G:L7V,2943596210,False,False,False,False
S1W:L7I,2948321795,False,False,False,False
F2A:Q3N:R4P,2959680555,False,False,False,False
R4L:L7I:S8L,2959778555,False,False,False,False
R4A:S8L:H10Y,2965587072,False,False,False,False
R4C:Q6R:S8R,2966274575,False,False,False,False
R4A:Q9A:H10Y,2970483108,False,False,False,False
R4L:L7Q:S8R,2971663133,False,False,False,False
Q6R:S8R,2972473638,False,False,False,False
R4C:Q9R:A11S,2975831379,False,False,False,False
S1W:R4L:S8K,2976993819,False,False,False,False
F2A:R4T:S8T,2979270952,False,False,False,False
F2A:R4L:S8R,2980269778,False,False,False,False
A5M:H10Y:A11S,2980509687,False,False,False,False
S1W:Q3G:S8L,2984433989,False,False,False,False
F2Q:R4L:H10Y,2986015815,False,False,False,False
Q6R:L7Q:H10Y,2988707605,False,False,False,False
A5I:S8R:Q9A,2989065787,False,False,False,False
R4L:L7Q:Q9K,2992812709,False,False,False,False
S1W:F2W:A11S,2997413982,False,False,False,False
F2Q:R4C:L7Q,3001084252,False,False,False,False
Q6R:S8L:H10F,3001188731,False,False,False,False
S1W:Q3G:S8C,3001211608,False,False,False,False
A5I:Q6R:Q9A,3008073451,False,False,False,False
Q3G:A5M:H10Y,3008338108,False,False,False,False
S1W:S8C:H10Y,3020192691,False,False,False,False
F2A:R4H:S8C,3021953257,False,False,False,False
F2A:Q3N:R4T,3026791031,False,False,False,False
R4C:L7I,3031426341,False,False,False,False
R4T:L7V:H10F,3033446080,False,False,False,False
Q3G:R4C,3033577468,False,False,False,False
A5I:L7V:A11S,3034316246,False,False,False,False
A5M:S8L,3037049458,False,False,False,False
R4Q:L7I:H10F,3038042994,False,False,False,False
F2W:Q6R:L7V,3040462807,False,False,False,False
L7Q:S8C:Q9R,3041115056,False,False,False,False
F2W:Q3N:H10Y,3041524573,False,False,False,False
R4P:L7Q:S8K,3044213918,False,False,False,False
S1W:F2W:L7V,3046169337,False,False,False,False
F2W:R4L:H10F,3047165164,False,False,False,False
L7Q:Q9K:H10Y,3047576265,False,False,False,False
R4T:S8K:H10F,3049323471,False,False,False,False
Q3G:R4P:Q9K,3049992692,False,False,False,False
R4T:Q6R:S8C,3050286541,False,False,False,False
S1W:A5I:S8K,3054664504,False,False,False,False
Q3G:R4A:L7I,3056901560,False,False,False,False
S1W:R4L:S8L,3060881914,False,False,False,False
F2Q:S8K,3061178669,False,False,False,False
Q3G:R4A,3067132706,False,False,False,False
R4A:Q6R:S8R,3067305293,False,False,False,False
R4Q:A5I:L7I,3071224152,False,False,False,False
A5I:H10Y,3079170141,False,False,False,False
F2A:R4A:H10Y,3079307566,False,False,False,False
F2A:R4T:S8R,3079936666,False,False,False,False
Q3N:R4H:Q9R,3085448456,False,False,False,False
R4T:H10F:A11S,3086417243,False,False,False,False
A5M:S8C,3087382315,False,False,False,False
R4L:L7Q:S8K,3089106466,False,False,False,False
Q3G:R4L:Q9K,3089265216,False,False,False,False
F2Q:Q3N:L7I,3092055065,False,False,False,False
R4L:L7Q:Q9A,3093478423,False,False,False,False
F2A:Q3N:R4H,3093901507,False,False,False,False
L7V,3095883753,False,False,False,False
R4P:Q6R:L7I,3104899293,False,False,False,False
F2Q:R4H:S8C,3105539961,False,False,False,False
Q3N:R4P:Q6R,3112406779,False,False,False,False
L7Q,3112661372,False,False,False,False
L7I:Q9K:H10F,3113280684,False,False,False,False
F2Q:Q6R:L7Q,3116798336,False,False,False,False
F2Q:R4T:A5I,3117620436,False,False,False,False
Q6R:L7V,3118961184,False,False,False,False
L7V:S8C:H10Y,3120580211,False,False,False,False
F2W:Q6R:L7I,3124350902,False,False,False,False
F2A:S8C,3126506725,False,False,False,False
Q3N:R4P:Q9A,3128639945,False,False,False,False
S8L:Q9K:A11S,3129930988,False,False,False,False
F2W:S8C,3130174147,False,False,False,False
S1W:F2Q:S8R,3140811905,False,False,False,False
F2A:S8L,3143284344,False,False,False,False
S1W:R4T:L7I,3145295051,False,False,False,False
S1W:S8R:Q9K,3148979589,False,False,False,False
Q3G:R4L,3151020801,False,False,False,False
S1W:R4H:Q9A,3153968130,False,False,False,False
F2W:Q3G:A5I,3155704777,False,False,False,False
F2A:R4H:S8K,3156174209,False,False,False,False
Q3G:R4L:L7V,3158762946,False,False,False,False
R4C:L7I:S8C,3162474879,False,False,False,False
R4A:S8T:Q9K,3162645279,False,False,False,False
F2W:R4T:S8K,3163828227,False,False,False,False
S8K:A11S,3165579128,False,False,False,False
S1W:A5I:Q6R,3166603047,False,False,False,False
R4C:Q9K:H10F,3169386093,False,False,False,False
S1W:A5I:H10Y,3170384136,False,False,False,False
S1W:A5I:S8L,3172107837,False,False,False,False
S1W:F2Q:S8T,3174367143,False,False,False,False
R4T:S8T:Q9K,3181728628,False,False,False,False
F2W:Q3G:H10F,3187674301,False,False,False,False
Q3G:R4A:L7Q,3191122512,False,False,False,False
R4C:Q9A:A11S,3196762976,False,False,False,False
S1W:A5I:S8R,3205663075,False,False,False,False
Q3N:A5M:L7Q,3207561243,False,False,False,False
F2A:Q3N:R4A,3211344840,False,False,False,False
F2Q:S8K:H10Y,3212574973,False,False,False,False
Q3G:R4H,3218131277,False,False,False,False
S1W:R4L:Q9R,3221726291,False,False,False,False
R4C:S8R:A11S,3221820590,False,False,False,False
F2W:Q3G:A5M,3222815253,False,False,False,False
S1W:S8R:H10Y,3229163078,False,False,False,False
F2Q:S8K:H10F,3229352592,False,False,False,False
Q6R:L7Q,3236404517,False,False,False,False
F2Q:R4H:S8K,3239760913,False,False,False,False
S1W:H10F:A11S,3241617640,False,False,False,False
F2A:Q3N:R4C,3244900078,False,False,False,False
R4C:L7I:S8L,3246362974,False,False,False,False
F2W:R4T:S8L,3247716322,False,False,False,False
R4P:S8T:H10F,3248238004,False,False,False,False
S1W:S8R:Q9A,3249645303,False,False,False,False
F2W:Q3N:L7I,3254066295,False,False,False,False
S1W:R4H:Q9K,3254633844,False,False,False,False
F2Q:R4H:S8L,3256538532,False,False,False,False
Q3G:R4P:A5I,3257988190,False,False,False,False
F2A:S8K,3260727677,False,False,False,False
Q3G:L7I,3262370971,False,False,False,False
F2W:S8K,3264395099,False,False,False,False
F2A:R4L:S8C,3265489301,False,False,False,False
R4L:H10F:A11S,3271177155,False,False,False,False
F2W:A11S,3277449591,False,False,False,False
F2A:S8T,3277505296,False,False,False,False
S1W:R4T:L7Q,3279516003,False,False,False,False
F2A:R4L:S8L,3282266920,False,False,False,False
Q3G:R4T:A5I,3282873706,False,False,False,False
S1W:Q3G:S8R,3286431131,False,False,False,False
Q3G:L7Q:S8R,3291669030,False,False,False,False
A5I:Q6R:Q9R,3293292974,False,False,False,False
R4H:S8C:H10F,3293597779,False,False,False,False
F2A:R4H:A5I,3298823624,False,False,False,False
F2A:R4A:A11S,3302549132,False,False,False,False
S1W:A5I:S8T,3306328789,False,False,False,False
R4A:L7V:S8K,3307680624,False,False,False,False
Q3G:R4A:L7V,3308565845,False,False,False,False
R4C:L7I:Q9A,3313112226,False,False,False,False
R4C:L7V,3316645864,False,False,False,False
Q3N:S8C:H10F,3322445507,False,False,False,False
R4Q:A5I:L7V,3322888437,False,False,False,False
S8C:A11S,3323571120,False,False,False,False
R4Q:S8T:H10F,3324438901,False,False,False,False
R4P:S8C:Q9R,3327045278,False,False,False,False
L7V:S8R:H10Y,3329550598,False,False,False,False
R4A:S8T:Q9A,3330421469,False,False,False,False
F2Q:A5M:Q9K,3331168805,False,False,False,False
A5M:S8R,3339046600,False,False,False,False
R4H:Q9R:A11S,3339715012,False,False,False,False
S1W:A5M:H10Y,3344337620,False,False,False,False
L7Q:S8C:H10Y,3344677020,False,False,False,False
F2A:R4A:S8T,3345835603,False,False,False,False
S1W:Q3G:A11S,3355451626,False,False,False,False
R4T:A5I:H10Y,3360030057,False,False,False,False
F2Q:R4A:A5I,3360087499,False,False,False,False
S1W:R4T:L7V,3363404098,False,False,False,False
F2Q:R4P:L7I,3366367029,False,False,False,False
L7I:S8T:Q9R,3367043209,False,False,False,False
R4T:Q9K,3373928847,False,False,False,False
S8R:H10Y:A11S,3376631545,False,False,False,False
R4L:L7Q:Q9R,3378697946,False,False,False,False
A5M:S8R:Q9R,3382718322,False,False,False,False
S1W:Q3G:S8T,3387096845,False,False,False,False
F2W:Q3N:L7Q,3388287247,False,False,False,False
F2Q:R4H:S8T,3390759484,False,False,False,False
Q6R:S8K,3391914113,False,False,False,False
F2Q:R4A:A11S,3394211676,False,False,False,False
F2A:R4L:S8K,3399710253,False,False,False,False
F2Q:R4A:Q9R,3400135858,False,False,False,False
F2A:R4H:L7I,3403327469,False,False,False,False
Q6R:S8L,3408691732,False,False,False,False
S1W:R4T:Q6R,3410805248,False,False,False,False
R4C:L7I:S8R,3414139164,False,False,False,False
S1W:H10F,3417147564,False,False,False,False
F2A:R4P:S8K,3418194425,False,False,False,False
S1W:R4L:A5M,3420404382,False,False,False,False
F2Q:R4A:A5M,3427197975,False,False,False,False
R4A:S8L:Q9R,3428075276,False,False,False,False
R4L:A11S,3431239546,False,False,False,False
A5M:L7I:Q9R,3431776797,False,False,False,False
F2Q:A5M:Q9A,3431834519,False,False,False,False
F2A:R4P:S8L,3434972044,False,False,False,False
F2W:A5M:S8K,3440562828,False,False,False,False
S1W:Q3N:Q6R,3454266532,False,False,False,False
F2A:R4T:L7Q,3455661593,False,False,False,False
A5M:L7I,3455956107,False,False,False,False
S1W:R4L:Q6R,3458731528,False,False,False,False
R4H:Q9K:H10Y,3458811467,False,False,False,False
S1W:R4T:Q9A,3461682558,False,False,False,False
R4P:S8C:Q9K,3478043849,False,False,False,False
F2A:S8T:Q9A,3481244375,False,False,False,False
Q3N:S8C:A11S,3490234504,False,False,False,False
S1W:S8K:A11S,3496946637,False,False,False,False
L7I:Q9K:H10Y,3499165921,False,False,False,False
A5M:L7Q:A11S,3503980645,False,False,False,False
L7Q:S8L:H10Y,3504459391,False,False,False,False
F2Q:R4Q,3505399768,False,False,False,False
Q3G:R4L:Q9R,3508705691,False,False,False,False
F2Q:Q3N:L7V,3511495540,False,False,False,False
F2A:R4P:A5I,3515582288,False,False,False,False
A5I:L7I:Q9R,3516133593,False,False,False,False
Q6R:S8K:Q9K,3520890816,False,False,False,False
F2Q:R4P,3522177387,False,False,False,False
R4C:L7Q:S8L,3529068374,False,False,False,False
S1W:R4H:A5M,3529739818,False,False,False,False
A5M:S8T:H10F,3533082277,False,False,False,False
R4H:A5M:L7V,3535072330,False,False,False,False
A5M:S8C:H10Y,3538325963,False,False,False,False
A5I:S8L:H10F,3538342289,False,False,False,False
R4A:S8T:Q9R,3548530516,False,False,False,False
R4T:L7V:H10Y,3553552269,False,False,False,False
L7V:S8C,3559495763,False,False,False,False
L7Q:S8R:Q9R,3569853139,False,False,False,False
F2A:Q3G:H10F,3570550027,False,False,False,False
R4T:S8C:H10Y,3572141254,False,False,False,False
F2W:A5M:S8C,3574783780,False,False,False,False
R4C:L7V:H10F,3577688559,False,False,False,False
R4P:S8C:Q9A,3578709563,False,False,False,False
Q9R:H10Y:A11S,3588963806,False,False,False,False
A5M:L7Q:Q9A,3592705420,False,False,False,False
F2A:A5M:L7Q,3604519766,False,False,False,False
R4Q:S8L:Q9A,3604703301,False,False,False,False
L7I:S8T:H10Y,3606398335,False,False,False,False
S1W:R4L:Q9K,3607611528,False,False,False,False
R4A:A5I:S8K,3608476928,False,False,False,False
F2Q:S8T:Q9R,3614437674,False,False,False,False
S1W:S8L:Q9K,3628859791,False,False,False,False
R4T:H10Y:A11S,3629106380,False,False,False,False
Q3N:R4P,3631303302,False,False,False,False
A5M:S8R:Q9A,3634382607,False,False,False,False
R4C:L7I:H10F,3635072888,False,False,False,False
Q6R:L7I,3639067373,False,False,False,False
F2Q:Q3G:R4P,3639226124,False,False,False,False
Q3N:R4Q,3648080921,False,False,False,False
F2Q:R4H:Q9A,3649649772,False,False,False,False
A5M:L7I:Q9A,3649885844,False,False,False,False
F2Q:R4A:Q9A,3651800143,False,False,False,False
F2A:A5M:L7V,3654852623,False,False,False,False
S8L:H10F:A11S,3655407496,False,False,False,False
F2Q:Q3G:R4Q,3656003743,False,False,False,False
F2Q:R4H,3656398339,False,False,False,False
R4T:A5I:S8K,3656795331,False,False,False,False
Q3N:R4H:S8T,3660450481,False,False,False,False
Q6R:L7Q:Q9R,3665113567,False,False,False,False
A5M:L7Q:H10F,3671769642,False,False,False,False
A5M:L7V,3674065154,False,False,False,False
R4L:S8C:A11S,3674871996,False,False,False,False
F2W:R4C:A5M,3676311699,False,False,False,False
R4Q:L7I:Q9R,3683898093,False,False,False,False
S1W:F2A:A5M,3684115347,False,False,False,False
L7V:S8K,3693716715,False,False,False,False
Q3N:R4H:S8R,3694005719,False,False,False,False
A5I:Q9K:H10F,3698036515,False,False,False,False
F2A:R4A:S8C,3698165602,False,False,False,False
Q3N:R4T,3698413778,False,False,False,False
S8C:Q9K:A11S,3704182743,False,False,False,False
Q3N:A5M:A11S,3705467767,False,False,False,False
F2W:A5M,3707908830,False,False,False,False
S1W:R4T:Q9R,3713346843,False,False,False,False
R4C:L7Q:S8C,3713622183,False,False,False,False
S1W:R4A:A5I,3713915153,False,False,False,False
F2A:R4A:Q9K,3715201277,False,False,False,False
A5M:Q6R,3721569472,False,False,False,False
A5M:L7Q:H10Y,3722102499,False,False,False,False
F2Q:R4L,3723508815,False,False,False,False
Q6R:S8C:H10F,3724474988,False,False,False,False
R4L:S8K:H10Y,3725364454,False,False,False,False
R4Q:S8R:H10F,3727066911,False,False,False,False
R4P:A5M,3728382513,False,False,False,False
R4A:A5I:S8C,3742697880,False,False,False,False
F2W:R4C:A5I,3743422175,False,False,False,False
F2W:Q6R,3746132808,False,False,False,False
R4A:S8L:Q9A,3746850037,False,False,False,False
F2A:R4A:S8L,3748498459,False,False,False,False
S1W:Q3G:Q9R,3751538316,False,False,False,False
S1W:L7I:S8L,3758371236,False,False,False,False
F2Q:S8T:Q9K,3765436245,False,False,False,False
S8K:H10Y:A11S,3767346034,False,False,False,False
F2W:Q3N:A5M,3771452306,False,False,False,False
L7V:S8L,3777604810,False,False,False,False
F2Q:S8K:Q9A,3779993738,False,False,False,False
Q6R:Q9A,3781014620,False,False,False,False
S1W:R4A:A5M,3781025629,False,False,False,False
S1W:Q3G:A5I,3782440217,False,False,False,False
L7V:S8R:H10F,3782546311,False,False,False,False
F2W:R4L:S8C,3783987155,False,False,False,False
F2Q:A11S,3784457065,False,False,False,False
R4H:L7I:Q9A,3785653459,False,False,False,False
S1W:A11S,3786345543,False,False,False,False
L7I:S8L:Q9K,3788488774,False,False,False,False
Q3N:R4H:S8L,3794671433,False,False,False,False
R4P:A5I,3795492989,False,False,False,False
S1W:S8L:Q9A,3796635981,False,False,False,False
Q6R:L7Q:S8C,3799695743,False,False,False,False
S1W:H10Y,3803032801,False,False,False,False
F2A:R4P:S8R,3804079662,False,False,False,False
R4C:S8L:Q9A,3804546083,False,False,False,False
F2Q:R4C,3807396910,False,False,False,False
A5M:S8L:H10Y,3810263360,False,False,False,False
L7V:S8R,3811160048,False,False,False,False
F2W:A5M:L7Q,3813111212,False,False,False,False
A5M:Q9A:H10Y,3815056228,False,False,False,False
F2Q:R4H:Q9K,3817425962,False,False,False,False
F2Q:R4A:Q9K,3819576333,False,False,False,False
F2W:A5M:S8T,3826448065,False,False,False,False
R4A:L7Q:S8C,3826634073,False,False,False,False
F2A:R4A:S8K,3832386554,False,False,False,False
F2A:R4A:Q9R,3832644610,False,False,False,False
R4C:L7Q:Q9A,3843574346,False,False,False,False
R4A:S8L:Q9K,3847515751,False,False,False,False
F2W:Q3G:R4C,3847803991,False,False,False,False
F2W:L7V:Q9R,3848024660,False,False,False,False
S1W:Q3G:A5M,3849550693,False,False,False,False
L7I:S8K:Q9R,3850797440,False,False,False,False
L7Q:S8L:H10F,3856789390,False,False,False,False
F2A:R4T:L7I,3858324449,False,False,False,False
S1W:L7I:S8R,3859036950,False,False,False,False
R4Q:Q6R:S8R,3863373789,False,False,False,False
A5I:Q9K:A11S,3865825512,False,False,False,False
F2Q:S8T:Q9A,3866101959,False,False,False,False
R4Q:Q9K:H10F,3879213575,False,False,False,False
L7I:S8C:H10Y,3879827812,False,False,False,False
Q3N:R4C,3882967587,False,False,False,False
Q6R:L7Q:S8L,3883583838,False,False,False,False
F2A:R4C:Q6R,3884503427,False,False,False,False
Q3G:A5I:S8R,3884670443,False,False,False,False
F2A:S8T:H10Y,3886704294,False,False,False,False
R4C:L7I:H10Y,3886737173,False,False,False,False
F2W:A5I:L7V,3891583805,False,False,False,False
F2W:Q9K,3895012808,False,False,False,False
R4Q:S8C:A11S,3905464989,False,False,False,False
F2A:R4P:H10Y,3906505947,False,False,False,False
F2W:A5I:L7I,3908361424,False,False,False,False
A5M:L7Q:Q9R,3911480181,False,False,False,False
L7V:S8T,3911825762,False,False,False,False
R4A:S8R:H10Y,3917775550,False,False,False,False
F2W:R4L:S8K,3918208107,False,False,False,False
H10F:A11S,3920204855,False,False,False,False
F2A:S8R:A11S,3926512602,False,False,False,False
L7V:S8T:A11S,3931913018,False,False,False,False
A5M:Q9A:H10F,3932499561,False,False,False,False
R4L:Q9K:H10Y,3942134255,False,False,False,False
R4L:L7V:S8T,3942750886,False,False,False,False
F2A:R4L,3943846175,False,False,False,False
Q3N:R4H:S8C,3945670004,False,False,False,False
F2Q:Q9K:A11S,3952617318,False,False,False,False
R4P,3953152574,False,False,False,False
R4H:L7I:Q9K,3953429649,False,False,False,False
R4T:Q9A:A11S,3955204851,False,False,False,False
L7Q:S8R:Q9K,3955738376,False,False,False,False
F2Q:Q3G:R4C,3958000885,False,False,False,False
L7I:S8T:H10F,3958728334,False,False,False,False
F2Q:R4A:S8T,3966202947,False,False,False,False
F2Q:R4H:Q9R,3968424533,False,False,False,False
A5M:S8K:A11S,3969066741,False,False,False,False
R4Q,3969930193,False,False,False,False
Q3G:L7I:S8K,3973129721,False,False,False,False
F2Q:Q3G:R4L,3974778504,False,False,False,False
R4A:L7Q:S8L,3977632644,False,False,False,False
Q3G:R4Q:L7Q,3981062720,False,False,False,False
Q3G:A5I:S8T,3985336157,False,False,False,False
Q3G:L7I:S8L,3989907340,False,False,False,False
Q6R:A11S,3991152309,False,False,False,False
Q3G:A5M:S8T,3992946681,False,False,False,False
F2A:R4A,3994179032,False,False,False,False
F2A:R4P:Q9K,3995859474,False,False,False,False
R4A:S8L:A11S,3996349034,False,False,False,False
Q3N:R4C:A5I,3996431640,False,False,False,False
L7I:S8C:H10F,3997271145,False,False,False,False
F2A:R4A:Q6R,3998993777,False,False,False,False
R4P:S8T:A11S,4001732383,False,False,False,False
S1W:R4A:S8R,4004900115,False,False,False,False
Q3G:R4L:A5M,4015864358,False,False,False,False
F2W:R4P:L7Q,4017782975,False,False,False,False
Q6R:L7Q:S8T,4017804790,False,False,False,False
R4A:L7I:S8R,4023052446,False,False,False,False
A5M:Q9R,4024007899,False,False,False,False
F2A:R4C,4027734270,False,False,False,False
F2Q:S8K:Q9R,4031658023,False,False,False,False
Q6R:L7I:S8T,4032068286,False,False,False,False
Q3N:R4H,4033966158,False,False,False,False
A5M:H10F:A11S,4034610192,False,False,False,False
S1W:F2Q,4040443748,False,False,False,False
R4T:L7V:Q9R,4042462295,False,False,False,False
R4L:S8L:A11S,4046601979,False,False,False,False
Q6R:Q9A:H10F,4048974995,False,False,False,False
S8T:Q9K:H10Y,4049759462,False,False,False,False
Q3N:R4T:A5I,4050848057,False,False,False,False
R4Q:S8K:A11S,4051391301,False,False,False,False
R4A:L7I:S8T,4056607684,False,False,False,False
A5I:S8K:H10F,4061815206,False,False,False,False
S8R:Q9A:H10F,4062492615,False,False,False,False
F2Q:R4A:S8R,4066868661,False,False,False,False
F2Q:R4H:Q6R,4069237342,False,False,False,False
R4A:S8C:Q9R,4069668733,False,False,False,False
R4A:L7Q:S8R,4078298358,False,False,False,False
Q3N:R4C:L7I,4080147133,False,False,False,False
Q3G:R4L:A5I,4082974834,False,False,False,False
S1W:R4T:H10Y,4083732281,False,False,False,False
Q6R:S8C:A11S,4093569799,False,False,False,False
Q3G:R4Q:L7V,4098506053,False,False,False,False
R4A:S8R:H10F,4102329359,False,False,False,False
Q3N:R4Q:A5M,4103113726,False,False,False,False
Q3N:R4H:L7V,4103832937,False,False,False,False
S1W:R4A:S8T,4105565829,False,False,False,False
S1W:R4Q:S8C,4105736448,False,False,False,False
F2Q:R4Q:H10F,4106180127,False,False,False,False
Q3G:L7I:S8C,4107350673,False,False,False,False
S1W:R4L,4109957305,False,False,False,False
R4A:L7Q:S8T,4111853596,False,False,False,False
R4Q:Q6R:S8C,4115038074,False,False,False,False
Q3N:R4T:A5M,4117958533,False,False,False,False
R4C:L7Q:H10Y,4118761277,False,False,False,False
Q3N:R4H:L7Q,4120610556,False,False,False,False
A5M:S8T:Q9K,4128369759,False,False,False,False
R4A:A5I:S8T,4128583117,False,False,False,False
F2W:Q3G:R4P,4133023514,False,False,False,False
F2W:R4L:S8T,4136317154,False,False,False,False
F2W:R4T:A5M,4141562742,False,False,False,False
S1W:L7V:S8T,4149793221,False,False,False,False
F2W:Q3G:R4Q,4149801133,False,False,False,False
R4L,4154484002,False,False,False,False
A5M:L7V:S8R,4155961771,False,False,False,False
F2Q:A5I:S8L,4156792135,False,False,False,False
Q3N:A5M,4157486841,False,False,False,False
F2W:R4P:H10F,4157710656,False,False,False,False
L7I:S8K:Q9A,4169572201,False,False,False,False
S1W:Q3G:Q9K,4170978791,False,False,False,False
R4Q:A5I:Q6R,4172484543,False,False,False,False
R4L:S8R:A11S,4172924525,False,False,False,False
F2W,4173596921,False,False,False,False
R4H:S8T:A11S,4173870935,False,False,False,False
R4A:L7I:S8K,4174051017,False,False,False,False
S1W:R4H,4177067781,False,False,False,False
S1W:F2A:Q6R,4183363557,False,False,False,False
F2Q:Q6R:S8R,4183827995,False,False,False,False
R4A:S8C:Q9K,4187112066,False,False,False,False
R4H:S8T:H10Y,4190661361,False,False,False,False
F2W:R4H:H10Y,4199876869,False,False,False,False
R4C:L7I:A11S,4201878699,False,False,False,False
Q6R:S8C:Q9R,4205931907,False,False,False,False
F2Q,4207152159,False,False,False,False
L7I:S8L:Q9R,4207929249,False,False,False,False
Q3G:S8T:A11S,4208216866,False,False,False,False
R4L:Q9A:H10Y,4211222133,False,False,False,False
Q3N:R4C:L7Q,4214368085,False,False,False,False
S8C:Q9K,4214521177,False,False,False,False
Q6R:L7I:S8K,4216622095,False,False,False,False
R4Q:S8K:H10F,4219077130,False,False,False,False
R4Q:L7Q:H10Y,4219349619,False,False,False,False
S1W:R4T:A5M,4220505510,False,False,False,False
S1W:R4H:L7Q,4220853287,False,False,False,False
Q3N:L7Q:S8T,4223535799,False,False,False,False
Q3N:A5I,4224597317,False,False,False,False
R4P:A11S,4227437150,False,False,False,False
R4P:S8C:A11S,4230829728,False,False,False,False
R4A,4238372097,False,False,False,False
S1W:R4Q:S8K,4239957400,False,False,False,False
A5M:L7V:S8T,4256627485,False,False,False,False
Q3N:R4Q:L7Q,4257087931,False,False,False,False
S1W:R4C,4260955876,False,False,False,False
R4L:L7V:S8C,4261525647,False,False,False,False
F2A:R4Q,4262620936,False,False,False,False
Q3G:R4A:A5M,4263599573,False,False,False,False
S1W:Q6R,4266300344,False,False,False,False
R4A:L7I:A11S,4268702445,False,False,False,False
R4A:Q9R:A11S,4269350045,False,False,False,False
L7I:S8K:Q9K,4270237915,False,False,False,False
Q3G:R4C:A11S,4270794008,False,False,False,False
F2Q:R4T:L7V,4273294044,False,False,False,False
A5M:L7V:S8K,4273405104,False,False,False,False
F2Q:H10Y,4276140535,False,False,False,False
S1W:R4A:H10Y,4277713432,False,False,False,False
Q3G:A5M:S8C,4278166204,False,False,False,False
F2A:R4P,4279398555,False,False,False,False
R4T:A5I:Q9K,4287413040,False,False,False,False
S1W:R4T:A5I,4287615986,False,False,False,False
R4A:S8C:Q9A,4287777780,False,False,False,False
R4L:Q9A:A11S,4293294987,False,False,False,False
F2A:R4C:S8L,4293847833,False,False,False,False
S1W:R4A,4294511114,False,False,False,False
Q3G:R4H:L7I,4294850615,False,False,False,False
