family,budget_percent,arm,rank,candidate_id,mutation_count,predicted_score,true_score
passive,5,B3,1,I52S:A58T:K74I:S75F:Y95F,5,10.53970372839266,9.48938885791846
passive,5,B3,2,I52S:A58T:K74I:S75F:S77N,5,10.53015974312352,9.48309718987226
passive,5,B3,3,S30N:S31N:I52S:K74I:S75F,5,10.511884907437008,9.39139087708071
passive,5,B3,4,I52S:K74I:S75F:S84N:R87T,5,10.49730612203242,9.40896651776656
passive,5,B3,5,S30N:I52S:K74I:S75F:S84N,5,10.488114010301972,9.4429009909838
passive,5,B3,6,F29S:I52S:K74I:S75F:R87T,5,10.469930467250972,9.51303872847957
passive,5,B3,7,S31N:I52S:K74I:S75F:R87T,5,10.45905363816049,9.40027222314205
passive,5,B3,8,S31N:I52S:K74I:S75F:T76S,5,10.44732980189952,9.4377858549573
passive,5,B3,9,I52S:K74I:S75F:T76S:R87T,5,10.437045729902511,9.44538119657374
passive,5,B3,10,S30N:I52S:K74I:S75F:S77N,5,10.412016754079987,9.4199500626905
passive,5,B3,11,I52S:K74I:S75F:T76S:Y95F,5,10.406323303118937,9.40200685763068
passive,5,B3,12,I52S:A58T:K74I:S75F:R87T,5,10.38360307098152,9.52173312337524
passive,5,B3,13,I52S:K74I:S75F:R87T:Y95F,5,10.380740632087509,9.41134399801726
passive,5,B3,14,S30N:I52S:A58T:K74I:S75F,5,10.368496206620655,9.48769552004718
passive,5,B3,15,I52S:A58T:T71S:K74I:S75F,5,10.365508134370687,9.5528506444559
passive,5,B3,16,I52S:N59A:K74I:S75F:S84N,5,10.360924285058555,9.41998275178323
passive,5,B3,17,S31N:I52S:T71S:K74I:S75F,5,10.340071307032597,9.369814324944
passive,5,B3,18,I52S:A58T:N59A:K74I:S75F,5,10.339186056055247,9.4708380646481
passive,5,B3,19,I52S:T57S:A58T:K74I:S75F,5,10.335959517918436,9.50411551470317
passive,5,B3,20,I52S:K74I:S75F:Y95F,4,10.322117462963623,9.43303965905298
passive,5,B3,21,I52S:K74I:S75F:S77N,4,10.252435442902735,9.43196879451809
passive,5,B3,22,I52S:N59A:K74I:S75F:S77N,5,10.240098137510069,9.41808695008185
passive,5,B3,23,I52S:T57S:K74I:S75F:R87T,5,10.237509691505345,9.47155196176
passive,5,B3,24,I52S:N59A:K74I:S75F:T76S,5,10.228684782925,9.47855331540935
passive,5,B3,25,S30N:I52S:K74I:S75F:T76S,5,10.227127506863324,9.40626211922647
passive,5,B3,26,S31N:I52S:T57S:A58T:S75F,5,10.196958641471555,9.48960076931103
passive,5,B3,27,I52S:T71S:K74I:S75F:T76S,5,10.178553846269567,9.46468514406023
passive,5,B3,28,S31N:I52S:A58T:S75F:R87T,5,10.175909404763232,9.41223193782941
passive,5,B3,29,S30N:I52S:T71S:K74I:S75F,5,10.174152084182989,9.40942019974806
passive,5,B3,30,K74I:S75F:S84N:Y95F,4,10.166626316099018,9.5085122251922
passive,5,B3,31,S31N:I52S:A58T:S75F:S77N,5,10.156228157816146,9.36238400726393
passive,5,B3,32,I52S:A58T:S75F:S84N:R87T,5,10.133537493708294,9.46950414508452
passive,5,B3,33,I52S:T71S:K74I:S75F,4,10.130465912973447,9.41413825749977
passive,5,B3,34,S31N:I52S:A58T:S75F,4,10.124659332353655,9.40969869106159
passive,5,B3,35,T71S:K74I:S75F:S84N:Y95F,5,10.123730100346217,9.5132150047452
passive,5,B3,36,I52S:S75F:T76S:S84N:R87T,5,10.11621210971168,9.45559264648812
passive,5,B3,37,I52S:A58T:S75F:S77N:S84N,5,10.1100413107926,9.52302054434456
passive,5,B3,38,I52S:A58T:K74I:S75F:Y106S,5,10.109544722072684,9.41325576437237
passive,5,B3,39,K74I:S75F:S77N:S84N:R87T,5,10.10772095169566,9.58481315074569
passive,5,B3,40,K74I:S75F:T76S:S77N:Y95F,5,10.103529432477291,9.44974629399226
passive,5,B3,41,I52S:T57S:K74I:S75F:T76S,5,10.097892515855282,9.38360330106869
passive,5,B3,42,I52S:T57S:N59A:K74I:S75F,5,10.088953171620636,9.43557490684999
passive,5,B3,43,I52S:A58T:S75F:S84N:Y95F,5,10.076407649847807,9.54542140865139
passive,5,B3,44,S30N:S31N:I52S:S75F:S84N,5,10.070632504129854,9.38451913092848
passive,5,B3,45,I52S:A58T:S75F:S77N:Y95F,5,10.06835291067123,9.48797846895563
passive,5,B3,46,T71S:K74I:S75F:T76S:S84N,5,10.06226931758317,9.472701700535
passive,5,B3,47,F29S:K74I:S75F:S84N:Y95F,5,10.055076950707251,9.63375006192709
passive,5,B3,48,F29S:S30N:I52S:S75F:S84N,5,10.049502471814158,9.48495114587793
passive,5,B3,49,S30N:I52S:S75F:S77N:R87T,5,10.04852828496494,9.42589447793151
passive,5,B3,50,S31N:I52S:A58T:T71S:S75F,5,10.037904525636142,9.433119094339
passive,5,B5,1,I52S:A58T:K74I:S75F:Y95F,5,10.478681875551288,9.48938885791846
passive,5,B5,2,I52S:K74I:S75F:S84N:R87T,5,10.398913352441,9.40896651776656
passive,5,B5,3,F29S:I52S:K74I:S75F:R87T,5,10.38674550065894,9.51303872847957
passive,5,B5,4,I52S:K74I:S75F:T76S:R87T,5,10.368243984314525,9.44538119657374
passive,5,B5,5,I52S:A58T:N59A:K74I:S75F,5,10.366666909672016,9.4708380646481
passive,5,B5,6,S31N:I52S:K74I:S75F:R87T,5,10.36620778560315,9.40027222314205
passive,5,B5,7,S30N:S31N:I52S:K74I:S75F,5,10.3629159544715,9.39139087708071
passive,5,B5,8,I52S:A58T:T71S:K74I:S75F,5,10.361023495898026,9.5528506444559
passive,5,B5,9,I52S:A58T:K74I:S75F:S77N,5,10.360116474375952,9.48309718987226
passive,5,B5,10,I52S:A58T:K74I:S75F:R87T,5,10.343894780321031,9.52173312337524
passive,5,B5,11,S30N:I52S:K74I:S75F:S84N,5,10.343698681279712,9.4429009909838
passive,5,B5,12,I52S:T57S:A58T:K74I:S75F,5,10.314557511939352,9.50411551470317
passive,5,B5,13,I52S:N59A:K74I:S75F:S84N,5,10.3041584083247,9.41998275178323
passive,5,B5,14,I52S:K74I:S75F:R87T:Y95F,5,10.301797979136042,9.41134399801726
passive,5,B5,15,I52S:K74I:S75F:T76S:Y95F,5,10.29623591287108,9.40200685763068
passive,5,B5,16,S30N:I52S:A58T:K74I:S75F,5,10.289125286924143,9.48769552004718
passive,5,B5,17,S31N:I52S:K74I:S75F:T76S,5,10.277530598367033,9.4377858549573
passive,5,B5,18,S30N:I52S:K74I:S75F:S77N,5,10.266607336982974,9.4199500626905
passive,5,B5,19,I52S:N59A:K74I:S75F:S77N,5,10.266217663469456,9.41808695008185
passive,5,B5,20,S31N:I52S:T71S:K74I:S75F,5,10.254500211226452,9.369814324944
passive,5,B5,21,I52S:T57S:K74I:S75F:R87T,5,10.223475675251864,9.47155196176
passive,5,B5,22,S31N:I52S:T57S:A58T:S75F,5,10.217589181000976,9.48960076931103
passive,5,B5,23,I52S:K74I:S75F:Y95F,4,10.200182227937823,9.43303965905298
passive,5,B5,24,I52S:N59A:K74I:S75F:T76S,5,10.198057401245658,9.47855331540935
passive,5,B5,25,S31N:I52S:A58T:S75F:R87T,5,10.139976428863353,9.41223193782941
passive,5,B5,26,I52S:K74I:S75F:S77N,4,10.125848287848676,9.43196879451809
passive,5,B5,27,I52S:T57S:N59A:K74I:S75F,5,10.124586723008806,9.43557490684999
passive,5,B5,28,I52S:A58T:S75F:S84N:R87T,5,10.121520494857098,9.46950414508452
passive,5,B5,29,S30N:I52S:K74I:S75F:T76S,5,10.115241753500449,9.40626211922647
passive,5,B5,30,I52S:T71S:K74I:S75F,4,10.09416297593863,9.41413825749977
passive,5,B5,31,I52S:T71S:K74I:S75F:T76S,5,10.080946931363377,9.46468514406023
passive,5,B5,32,S30N:I52S:T71S:K74I:S75F,5,10.074229019804129,9.40942019974806
passive,5,B5,33,S31N:I52S:A58T:T71S:S75F,5,10.0508149104391,9.433119094339
passive,5,B5,34,I52S:S75F:T76S:S84N:R87T,5,10.041623857507076,9.45559264648812
passive,5,B5,35,S31N:I52S:A58T:S75F:S77N,5,10.040708489661451,9.36238400726393
passive,5,B5,36,I52S:A58T:S75F:S84N:Y95F,5,10.039217629278564,9.54542140865139
passive,5,B5,37,T71S:K74I:S75F:S84N:Y95F,5,10.03301393674004,9.5132150047452
passive,5,B5,38,K74I:S75F:S84N:Y95F,4,10.031848968573168,9.5085122251922
passive,5,B5,39,I52S:T57S:K74I:S75F:T76S,5,10.026733592712686,9.38360330106869
passive,5,B5,40,K74I:S75F:T76S:S77N:Y95F,5,10.021940590894626,9.44974629399226
passive,5,B5,41,I52S:A58T:K74I:S75F:Y106S,5,10.014045166743706,9.41325576437237
passive,5,B5,42,F29S:K74I:S75F:S84N:Y95F,5,10.00735488409965,9.63375006192709
passive,5,B5,43,S31N:I52S:A58T:S75F,4,10.004726498652357,9.40969869106159
passive,5,B5,44,I52S:A58T:T71S:S75F,4,10.002137603854877,9.46781990478142
passive,5,B5,45,I52S:A58T:S75F:S77N:S84N,5,10.000878656602868,9.52302054434456
passive,5,B5,46,I52S:A58T:S75F:T76S:R87T,5,9.990828571753363,9.48733880323357
passive,5,B5,47,I52S:A58T:T71S:S75F:S84N,5,9.976439026370675,9.55426412441271
passive,5,B5,48,K74I:S75F:S77N:S84N:R87T,5,9.975637434364176,9.58481315074569
passive,5,B5,49,S31N:N59A:K74I:S75F:Y95F,5,9.973403891814804,9.48713737626498
passive,5,B5,50,S30N:I52S:S75F:S77N:R87T,5,9.970374425424724,9.42589447793151
passive,5,V83,1,I52S:A58T:K74I:S75F:Y95F,5,10.478681875551288,9.48938885791846
passive,5,V83,2,I52S:K74I:S75F:S84N:R87T,5,10.398913352441,9.40896651776656
passive,5,V83,3,F29S:I52S:K74I:S75F:R87T,5,10.38674550065894,9.51303872847957
passive,5,V83,4,I52S:K74I:S75F:T76S:R87T,5,10.368243984314525,9.44538119657374
passive,5,V83,5,I52S:A58T:N59A:K74I:S75F,5,10.366666909672016,9.4708380646481
passive,5,V83,6,S31N:I52S:K74I:S75F:R87T,5,10.36620778560315,9.40027222314205
passive,5,V83,7,S30N:S31N:I52S:K74I:S75F,5,10.3629159544715,9.39139087708071
passive,5,V83,8,I52S:A58T:T71S:K74I:S75F,5,10.361023495898026,9.5528506444559
passive,5,V83,9,I52S:A58T:K74I:S75F:S77N,5,10.360116474375952,9.48309718987226
passive,5,V83,10,I52S:A58T:K74I:S75F:R87T,5,10.343894780321031,9.52173312337524
passive,5,V83,11,S30N:I52S:K74I:S75F:S84N,5,10.343698681279712,9.4429009909838
passive,5,V83,12,I52S:T57S:A58T:K74I:S75F,5,10.314557511939352,9.50411551470317
passive,5,V83,13,I52S:N59A:K74I:S75F:S84N,5,10.3041584083247,9.41998275178323
passive,5,V83,14,I52S:K74I:S75F:R87T:Y95F,5,10.301797979136042,9.41134399801726
passive,5,V83,15,I52S:K74I:S75F:T76S:Y95F,5,10.29623591287108,9.40200685763068
passive,5,V83,16,S30N:I52S:A58T:K74I:S75F,5,10.289125286924143,9.48769552004718
passive,5,V83,17,S31N:I52S:K74I:S75F:T76S,5,10.277530598367033,9.4377858549573
passive,5,V83,18,S30N:I52S:K74I:S75F:S77N,5,10.266607336982974,9.4199500626905
passive,5,V83,19,I52S:N59A:K74I:S75F:S77N,5,10.266217663469456,9.41808695008185
passive,5,V83,20,S31N:I52S:T71S:K74I:S75F,5,10.254500211226452,9.369814324944
passive,5,V83,21,I52S:T57S:K74I:S75F:R87T,5,10.223475675251864,9.47155196176
passive,5,V83,22,S31N:I52S:T57S:A58T:S75F,5,10.217589181000976,9.48960076931103
passive,5,V83,23,I52S:K74I:S75F:Y95F,4,10.200182227937823,9.43303965905298
passive,5,V83,24,I52S:N59A:K74I:S75F:T76S,5,10.198057401245658,9.47855331540935
passive,5,V83,25,S31N:I52S:A58T:S75F:R87T,5,10.139976428863353,9.41223193782941
passive,5,V83,26,I52S:K74I:S75F:S77N,4,10.125848287848676,9.43196879451809
passive,5,V83,27,I52S:T57S:N59A:K74I:S75F,5,10.124586723008806,9.43557490684999
passive,5,V83,28,I52S:A58T:S75F:S84N:R87T,5,10.121520494857098,9.46950414508452
passive,5,V83,29,S30N:I52S:K74I:S75F:T76S,5,10.115241753500449,9.40626211922647
passive,5,V83,30,I52S:T71S:K74I:S75F,4,10.09416297593863,9.41413825749977
passive,5,V83,31,I52S:T71S:K74I:S75F:T76S,5,10.080946931363377,9.46468514406023
passive,5,V83,32,S30N:I52S:T71S:K74I:S75F,5,10.074229019804129,9.40942019974806
passive,5,V83,33,S31N:I52S:A58T:T71S:S75F,5,10.0508149104391,9.433119094339
passive,5,V83,34,I52S:S75F:T76S:S84N:R87T,5,10.041623857507076,9.45559264648812
passive,5,V83,35,S31N:I52S:A58T:S75F:S77N,5,10.040708489661451,9.36238400726393
passive,5,V83,36,I52S:A58T:S75F:S84N:Y95F,5,10.039217629278564,9.54542140865139
passive,5,V83,37,T71S:K74I:S75F:S84N:Y95F,5,10.03301393674004,9.5132150047452
passive,5,V83,38,K74I:S75F:S84N:Y95F,4,10.031848968573168,9.5085122251922
passive,5,V83,39,I52S:T57S:K74I:S75F:T76S,5,10.026733592712686,9.38360330106869
passive,5,V83,40,K74I:S75F:T76S:S77N:Y95F,5,10.021940590894626,9.44974629399226
passive,5,V83,41,I52S:A58T:K74I:S75F:Y106S,5,10.014045166743706,9.41325576437237
passive,5,V83,42,F29S:K74I:S75F:S84N:Y95F,5,10.00735488409965,9.63375006192709
passive,5,V83,43,S31N:I52S:A58T:S75F,4,10.004726498652357,9.40969869106159
passive,5,V83,44,I52S:A58T:T71S:S75F,4,10.002137603854877,9.46781990478142
passive,5,V83,45,I52S:A58T:S75F:S77N:S84N,5,10.000878656602868,9.52302054434456
passive,5,V83,46,I52S:A58T:S75F:T76S:R87T,5,9.990828571753363,9.48733880323357
passive,5,V83,47,I52S:A58T:T71S:S75F:S84N,5,9.976439026370675,9.55426412441271
passive,5,V83,48,K74I:S75F:S77N:S84N:R87T,5,9.975637434364176,9.58481315074569
passive,5,V83,49,S31N:N59A:K74I:S75F:Y95F,5,9.973403891814804,9.48713737626498
passive,5,V83,50,S30N:I52S:S75F:S77N:R87T,5,9.970374425424724,9.42589447793151
passive,10,B3,1,S30N:I52S:K74I:S75F:S77N,5,10.444522927506974,9.4199500626905
passive,10,B3,2,I52S:A58T:K74I:S75F:S77N,5,10.44227038872496,9.48309718987226
passive,10,B3,3,I52S:T57S:A58T:K74I:S75F,5,10.394120342187646,9.50411551470317
passive,10,B3,4,S30N:I52S:A58T:K74I:S75F,5,10.361781402759888,9.48769552004718
passive,10,B3,5,S30N:S31N:I52S:K74I:S75F,5,10.35786918588542,9.39139087708071
passive,10,B3,6,I52S:A58T:T71S:K74I:S75F,5,10.348029792447484,9.5528506444559
passive,10,B3,7,I52S:K74I:S75F:T76S:R87T,5,10.347085611661972,9.44538119657374
passive,10,B3,8,S31N:I52S:K74I:S75F:R87T,5,10.318783537139533,9.40027222314205
passive,10,B3,9,S30N:I52S:K74I:S75F:S84N,5,10.318743430936646,9.4429009909838
passive,10,B3,10,S30N:I52S:T71S:K74I:S75F,5,10.307334766072206,9.40942019974806
passive,10,B3,11,S31N:I52S:K74I:S75F:T76S,5,10.30676820227263,9.4377858549573
passive,10,B3,12,I52S:A58T:K74I:S75F:Y95F,5,10.298064296772251,9.48938885791846
passive,10,B3,13,S31N:I52S:T71S:K74I:S75F,5,10.290454444440387,9.369814324944
passive,10,B3,14,I52S:A58T:K74I:S75F:R87T,5,10.274397327885437,9.52173312337524
passive,10,B3,15,I52S:K74I:S75F:S84N:R87T,5,10.260740066007834,9.40896651776656
passive,10,B3,16,S30N:I52S:K74I:S75F:T76S,5,10.251740583150296,9.40626211922647
passive,10,B3,17,I52S:T57S:K74I:S75F:R87T,5,10.248455881447285,9.47155196176
passive,10,B3,18,F29S:I52S:K74I:S75F:R87T,5,10.244091393430397,9.51303872847957
passive,10,B3,19,I52S:T71S:K74I:S75F:T76S,5,10.238382546689415,9.46468514406023
passive,10,B3,20,I52S:K74I:S75F:S77N,4,10.216495075932423,9.43196879451809
passive,10,B3,21,I52S:K74I:S75F:T76S:Y95F,5,10.20516344732926,9.40200685763068
passive,10,B3,22,I52S:T57S:K74I:S75F:T76S,5,10.19382727985497,9.38360330106869
passive,10,B3,23,S31N:I52S:T57S:A58T:S75F,5,10.192420991564488,9.48960076931103
passive,10,B3,24,I52S:K74I:S75F:R87T:Y95F,5,10.187024579192425,9.41134399801726
passive,10,B3,25,I52S:A58T:N59A:K74I:S75F,5,10.180290278405696,9.4708380646481
passive,10,B3,26,S30N:K74I:S75F:S77N:R87T,5,10.167570360441138,9.49706545671141
passive,10,B3,27,S30N:S31N:K74I:S75F:R87T,5,10.156264397785488,9.57206699216608
passive,10,B3,28,I52S:T71S:K74I:S75F,4,10.149531431231267,9.41413825749977
passive,10,B3,29,I52S:K74I:S75F:Y95F,4,10.1368443903719,9.43303965905298
passive,10,B3,30,I52S:N59A:K74I:S75F:S84N,5,10.124734429685152,9.41998275178323
passive,10,B3,31,S31N:K74I:S75F:T76S:S77N,5,10.11337983201884,9.44666611714712
passive,10,B3,32,S31N:T71S:K74I:S75F:T76S,5,10.112202014517244,9.50039080855885
passive,10,B3,33,I52S:N59A:K74I:S75F:T76S,5,10.10703879885903,9.47855331540935
passive,10,B3,34,S31N:T57S:K74I:S75F:T76S,5,10.09999766357254,9.46599372679872
passive,10,B3,35,S30N:K74I:S75F:S77N:Y95F,5,10.097188132877418,9.53965017205841
passive,10,B3,36,S30N:K74I:S75F:R87T:Y95F,5,10.095916185921814,9.60693161465318
passive,10,B3,37,T71S:K74I:S75F:T76S:R87T,5,10.09020642040689,9.43573162193706
passive,10,B3,38,S31N:I52S:A58T:S75F:S77N,5,10.06937852387033,9.36238400726393
passive,10,B3,39,I52S:N59A:K74I:S75F:S77N,5,10.061193922496834,9.41808695008185
passive,10,B3,40,I52S:T57S:N59A:K74I:S75F,5,10.052143206012628,9.43557490684999
passive,10,B3,41,K74I:S75F:T76S:R87T,4,10.04925150138132,9.47164420976294
passive,10,B3,42,K74I:S75F:S77N:S84N:R87T,5,10.04307870607626,9.58481315074569
passive,10,B3,43,I52S:A58T:S75F:S77N:S84N,5,10.03028358627118,9.52302054434456
passive,10,B3,44,K74I:S75F:T76S:S77N:Y95F,5,10.030225804734672,9.44974629399226
passive,10,B3,45,S30N:K74I:S75F:T76S:Y95F,5,10.023888858911777,9.46511072396986
passive,10,B3,46,S30N:K74I:S75F:Y95F,4,10.023761107794549,9.50359668506999
passive,10,B3,47,S31N:I52S:A58T:S75F,4,10.021770540567696,9.40969869106159
passive,10,B3,48,T71S:K74I:S75F:T76S:S84N,5,10.02157555897589,9.472701700535
passive,10,B3,49,S31N:T57S:K74I:S75F,4,10.015682044897437,9.41710702866017
passive,10,B3,50,S30N:T57S:K74I:S75F:R87T,5,10.007567755570289,9.64452957106668
passive,10,B5,1,I52S:T57S:A58T:K74I:S75F,5,10.338870679780245,9.50411551470317
passive,10,B5,2,I52S:A58T:T71S:K74I:S75F,5,10.302839034448594,9.5528506444559
passive,10,B5,3,S30N:I52S:A58T:K74I:S75F,5,10.285783316429256,9.48769552004718
passive,10,B5,4,I52S:A58T:K74I:S75F:S77N,5,10.2807529524342,9.48309718987226
passive,10,B5,5,S31N:I52S:T57S:A58T:S75F,5,10.258729473296851,9.48960076931103
passive,10,B5,6,I52S:A58T:K74I:S75F:Y95F,5,10.252067019062768,9.48938885791846
passive,10,B5,7,S30N:I52S:K74I:S75F:S77N,5,10.249171514788724,9.4199500626905
passive,10,B5,8,I52S:A58T:N59A:K74I:S75F,5,10.213739728980231,9.4708380646481
passive,10,B5,9,I52S:A58T:K74I:S75F:R87T,5,10.207949128130146,9.52173312337524
passive,10,B5,10,I52S:K74I:S75F:T76S:R87T,5,10.206915659423853,9.44538119657374
passive,10,B5,11,S30N:I52S:K74I:S75F:S84N,5,10.150066597144376,9.4429009909838
passive,10,B5,12,I52S:T57S:K74I:S75F:R87T,5,10.117951139646935,9.47155196176
passive,10,B5,13,S30N:S31N:K74I:S75F:R87T,5,10.114052456132091,9.57206699216608
passive,10,B5,14,F29S:I52S:K74I:S75F:R87T,5,10.113463485817851,9.51303872847957
passive,10,B5,15,S30N:I52S:T71S:K74I:S75F,5,10.10927235689284,9.40942019974806
passive,10,B5,16,I52S:K74I:S75F:S84N:R87T,5,10.10700922024311,9.40896651776656
passive,10,B5,17,S30N:K74I:S75F:S77N:R87T,5,10.105373463881376,9.49706545671141
passive,10,B5,18,S30N:S31N:I52S:K74I:S75F,5,10.0987891463089,9.39139087708071
passive,10,B5,19,I52S:T57S:K74I:S75F:T76S,5,10.092669489764074,9.38360330106869
passive,10,B5,20,I52S:N59A:K74I:S75F:S84N,5,10.089618797631651,9.41998275178323
passive,10,B5,21,I52S:K74I:S75F:R87T:Y95F,5,10.082693298472147,9.41134399801726
passive,10,B5,22,S30N:I52S:K74I:S75F:T76S,5,10.079379711732011,9.40626211922647
passive,10,B5,23,I52S:A58T:S75F:S77N:S84N,5,10.065797839385764,9.52302054434456
passive,10,B5,24,I52S:K74I:S75F:T76S:Y95F,5,10.062083752741655,9.40200685763068
passive,10,B5,25,I52S:N59A:K74I:S75F:S77N,5,10.056520459713974,9.41808695008185
passive,10,B5,26,S31N:I52S:A58T:S75F:S77N,5,10.0533566857719,9.36238400726393
passive,10,B5,27,I52S:T57S:N59A:K74I:S75F,5,10.043022229394971,9.43557490684999
passive,10,B5,28,I52S:N59A:K74I:S75F:T76S,5,10.042497758393344,9.47855331540935
passive,10,B5,29,S30N:K74I:S75F:R87T:Y95F,5,10.036464106109062,9.60693161465318
passive,10,B5,30,S31N:I52S:T71S:K74I:S75F,5,10.035316629359745,9.369814324944
passive,10,B5,31,S31N:I52S:K74I:S75F:R87T,5,10.035303967832476,9.40027222314205
passive,10,B5,32,S30N:T57S:K74I:S75F:R87T,5,10.03455312451684,9.64452957106668
passive,10,B5,33,S30N:K74I:S75F:S77N:Y95F,5,10.034481878816951,9.53965017205841
passive,10,B5,34,S31N:T57S:K74I:S75F:T76S,5,10.0311222486496,9.46599372679872
passive,10,B5,35,I52S:T57S:A58T:S75F:S77N,5,10.030601753159806,9.57444090465279
passive,10,B5,36,I52S:A58T:T71S:S75F,4,10.021748835054952,9.46781990478142
passive,10,B5,37,S31N:I52S:K74I:S75F:T76S,5,10.01751425049255,9.4377858549573
passive,10,B5,38,I52S:T71S:K74I:S75F:T76S,5,10.014881683320333,9.46468514406023
passive,10,B5,39,S31N:K74I:S75F:T76S:S77N,5,10.008271003627272,9.44666611714712
passive,10,B5,40,K74I:S75F:T76S:S77N:Y95F,5,10.001225581481291,9.44974629399226
passive,10,B5,41,K74I:S75F:S77N:S84N:R87T,5,9.993318210383132,9.58481315074569
passive,10,B5,42,I52S:A58T:T71S:S75F:S84N,5,9.993253228290252,9.55426412441271
passive,10,B5,43,S30N:I52S:A58T:S75F,4,9.992172238140432,9.50930155868219
passive,10,B5,44,S31N:I52S:A58T:T71S:S75F,5,9.983070340396512,9.433119094339
passive,10,B5,45,T71S:K74I:S75F:T76S:R87T,5,9.980561812278845,9.43573162193706
passive,10,B5,46,K74I:S75F:S77N:R87T:Y95F,5,9.973536284209102,9.4722218392604
passive,10,B5,47,S30N:I52S:A58T:S75F:Y95F,5,9.959730896920384,9.54018615823198
passive,10,B5,48,K74I:S75F:T76S:R87T,4,9.948817213341846,9.47164420976294
passive,10,B5,49,S30N:T57S:K74I:S75F:S84N,5,9.945433988711088,9.57709066253224
passive,10,B5,50,S30N:K74I:S75F:T76S:Y95F,5,9.945254339822927,9.46511072396986
passive,10,V83,1,I52S:T57S:A58T:K74I:S75F,5,10.338870679780245,9.50411551470317
passive,10,V83,2,I52S:A58T:T71S:K74I:S75F,5,10.302839034448594,9.5528506444559
passive,10,V83,3,S30N:I52S:A58T:K74I:S75F,5,10.285783316429256,9.48769552004718
passive,10,V83,4,I52S:A58T:K74I:S75F:S77N,5,10.2807529524342,9.48309718987226
passive,10,V83,5,S31N:I52S:T57S:A58T:S75F,5,10.258729473296851,9.48960076931103
passive,10,V83,6,I52S:A58T:K74I:S75F:Y95F,5,10.252067019062768,9.48938885791846
passive,10,V83,7,S30N:I52S:K74I:S75F:S77N,5,10.249171514788724,9.4199500626905
passive,10,V83,8,I52S:A58T:N59A:K74I:S75F,5,10.213739728980231,9.4708380646481
passive,10,V83,9,I52S:A58T:K74I:S75F:R87T,5,10.207949128130146,9.52173312337524
passive,10,V83,10,I52S:K74I:S75F:T76S:R87T,5,10.206915659423853,9.44538119657374
passive,10,V83,11,S30N:I52S:K74I:S75F:S84N,5,10.150066597144376,9.4429009909838
passive,10,V83,12,I52S:T57S:K74I:S75F:R87T,5,10.117951139646935,9.47155196176
passive,10,V83,13,S30N:S31N:K74I:S75F:R87T,5,10.114052456132091,9.57206699216608
passive,10,V83,14,F29S:I52S:K74I:S75F:R87T,5,10.113463485817851,9.51303872847957
passive,10,V83,15,S30N:I52S:T71S:K74I:S75F,5,10.10927235689284,9.40942019974806
passive,10,V83,16,I52S:K74I:S75F:S84N:R87T,5,10.10700922024311,9.40896651776656
passive,10,V83,17,S30N:K74I:S75F:S77N:R87T,5,10.105373463881376,9.49706545671141
passive,10,V83,18,S30N:S31N:I52S:K74I:S75F,5,10.0987891463089,9.39139087708071
passive,10,V83,19,I52S:T57S:K74I:S75F:T76S,5,10.092669489764074,9.38360330106869
passive,10,V83,20,I52S:N59A:K74I:S75F:S84N,5,10.089618797631651,9.41998275178323
passive,10,V83,21,I52S:K74I:S75F:R87T:Y95F,5,10.082693298472147,9.41134399801726
passive,10,V83,22,S30N:I52S:K74I:S75F:T76S,5,10.079379711732011,9.40626211922647
passive,10,V83,23,I52S:A58T:S75F:S77N:S84N,5,10.065797839385764,9.52302054434456
passive,10,V83,24,I52S:K74I:S75F:T76S:Y95F,5,10.062083752741655,9.40200685763068
passive,10,V83,25,I52S:N59A:K74I:S75F:S77N,5,10.056520459713974,9.41808695008185
passive,10,V83,26,S31N:I52S:A58T:S75F:S77N,5,10.0533566857719,9.36238400726393
passive,10,V83,27,I52S:T57S:N59A:K74I:S75F,5,10.043022229394971,9.43557490684999
passive,10,V83,28,I52S:N59A:K74I:S75F:T76S,5,10.042497758393344,9.47855331540935
passive,10,V83,29,S30N:K74I:S75F:R87T:Y95F,5,10.036464106109062,9.60693161465318
passive,10,V83,30,S31N:I52S:T71S:K74I:S75F,5,10.035316629359745,9.369814324944
passive,10,V83,31,S31N:I52S:K74I:S75F:R87T,5,10.035303967832476,9.40027222314205
passive,10,V83,32,S30N:T57S:K74I:S75F:R87T,5,10.03455312451684,9.64452957106668
passive,10,V83,33,S30N:K74I:S75F:S77N:Y95F,5,10.034481878816951,9.53965017205841
passive,10,V83,34,S31N:T57S:K74I:S75F:T76S,5,10.0311222486496,9.46599372679872
passive,10,V83,35,I52S:T57S:A58T:S75F:S77N,5,10.030601753159806,9.57444090465279
passive,10,V83,36,I52S:A58T:T71S:S75F,4,10.021748835054952,9.46781990478142
passive,10,V83,37,S31N:I52S:K74I:S75F:T76S,5,10.01751425049255,9.4377858549573
passive,10,V83,38,I52S:T71S:K74I:S75F:T76S,5,10.014881683320333,9.46468514406023
passive,10,V83,39,S31N:K74I:S75F:T76S:S77N,5,10.008271003627272,9.44666611714712
passive,10,V83,40,K74I:S75F:T76S:S77N:Y95F,5,10.001225581481291,9.44974629399226
passive,10,V83,41,K74I:S75F:S77N:S84N:R87T,5,9.993318210383132,9.58481315074569
passive,10,V83,42,I52S:A58T:T71S:S75F:S84N,5,9.993253228290252,9.55426412441271
passive,10,V83,43,S30N:I52S:A58T:S75F,4,9.992172238140432,9.50930155868219
passive,10,V83,44,S31N:I52S:A58T:T71S:S75F,5,9.983070340396512,9.433119094339
passive,10,V83,45,T71S:K74I:S75F:T76S:R87T,5,9.980561812278845,9.43573162193706
passive,10,V83,46,K74I:S75F:S77N:R87T:Y95F,5,9.973536284209102,9.4722218392604
passive,10,V83,47,S30N:I52S:A58T:S75F:Y95F,5,9.959730896920384,9.54018615823198
passive,10,V83,48,K74I:S75F:T76S:R87T,4,9.948817213341846,9.47164420976294
passive,10,V83,49,S30N:T57S:K74I:S75F:S84N,5,9.945433988711088,9.57709066253224
passive,10,V83,50,S30N:K74I:S75F:T76S:Y95F,5,9.945254339822927,9.46511072396986
passive,20,B3,1,F29S:I52S:K74I:S75F:R87T,5,10.446738721179988,9.51303872847957
passive,20,B3,2,I52S:A58T:K74I:S75F:S77N,5,10.385197503566756,9.48309718987226
passive,20,B3,3,S30N:I52S:K74I:S75F:S77N,5,10.38194316317511,9.4199500626905
passive,20,B3,4,I52S:A58T:K74I:S75F:R87T,5,10.366577818890793,9.52173312337524
passive,20,B3,5,I52S:T57S:A58T:K74I:S75F,5,10.356755882594884,9.50411551470317
passive,20,B3,6,I52S:A58T:K74I:S75F:Y95F,5,10.340602438743195,9.48938885791846
passive,20,B3,7,I52S:K74I:S75F:R87T:Y95F,5,10.332950833175769,9.41134399801726
passive,20,B3,8,I52S:T57S:K74I:S75F:R87T,5,10.321381273783553,9.47155196176
passive,20,B3,9,I52S:A58T:T71S:K74I:S75F,5,10.315200475269611,9.5528506444559
passive,20,B3,10,I52S:K74I:S75F:T76S:R87T,5,10.312803917941103,9.44538119657374
passive,20,B3,11,S30N:I52S:A58T:K74I:S75F,5,10.302899540400068,9.48769552004718
passive,20,B3,12,I52S:K74I:S75F:T76S:Y95F,5,10.299569853014662,9.40200685763068
passive,20,B3,13,I52S:K74I:S75F:S84N:R87T,5,10.291640342481108,9.40896651776656
passive,20,B3,14,S30N:I52S:K74I:S75F:S84N,5,10.269141078560788,9.4429009909838
passive,20,B3,15,S30N:I52S:T71S:K74I:S75F,5,10.267506377268942,9.40942019974806
passive,20,B3,16,S30N:I52S:K74I:S75F:T76S,5,10.257799394502552,9.40626211922647
passive,20,B3,17,S31N:I52S:K74I:S75F:R87T,5,10.239699736367823,9.40027222314205
passive,20,B3,18,I52S:K74I:S75F:S77N,4,10.23590670568851,9.43196879451809
passive,20,B3,19,I52S:T57S:K74I:S75F:T76S,5,10.235376026361546,9.38360330106869
passive,20,B3,20,I52S:K74I:S75F:Y95F,4,10.228011929795189,9.43303965905298
passive,20,B3,21,I52S:T71S:K74I:S75F:T76S,5,10.213349523766311,9.46468514406023
passive,20,B3,22,S31N:I52S:K74I:S75F:T76S,5,10.2052717040606,9.4377858549573
passive,20,B3,23,S30N:S31N:I52S:K74I:S75F,5,10.205237658003602,9.39139087708071
passive,20,B3,24,S30N:K74I:S75F:S77N:R87T,5,10.2050306297688,9.49706545671141
passive,20,B3,25,S30N:K74I:S75F:R87T:Y95F,5,10.174696293839418,9.60693161465318
passive,20,B3,26,I52S:A58T:N59A:K74I:S75F,5,10.165897569585374,9.4708380646481
passive,20,B3,27,S31N:I52S:T71S:K74I:S75F,5,10.156095784770214,9.369814324944
passive,20,B3,28,I52S:N59A:K74I:S75F:S77N,5,10.147999456835754,9.41808695008185
passive,20,B3,29,I52S:N59A:K74I:S75F:T76S,5,10.14086273172483,9.47855331540935
passive,20,B3,30,I52S:T71S:K74I:S75F,4,10.137199358419526,9.41413825749977
passive,20,B3,31,I52S:T57S:N59A:K74I:S75F,5,10.131257450723629,9.43557490684999
passive,20,B3,32,I52S:N59A:K74I:S75F:S84N,5,10.12669401698298,9.41998275178323
passive,20,B3,33,K74I:S75F:S77N:S84N:R87T,5,10.124493989491707,9.58481315074569
passive,20,B3,34,S30N:S31N:K74I:S75F:R87T,5,10.122429891512816,9.57206699216608
passive,20,B3,35,S30N:K74I:S75F:S77N:Y95F,5,10.11606830742782,9.53965017205841
passive,20,B3,36,S30N:T57S:K74I:S75F:R87T,5,10.1111266339945,9.64452957106668
passive,20,B3,37,S30N:K74I:S75F:T76S:Y95F,5,10.107473834917725,9.46511072396986
passive,20,B3,38,K74I:S75F:S77N:R87T:Y95F,5,10.104211388670588,9.4722218392604
passive,20,B3,39,S31N:K74I:S75F:T76S:S77N,5,10.080701094361746,9.44666611714712
passive,20,B3,40,T57S:K74I:S75F:S77N:R87T,5,10.074977572685182,9.42175027021712
passive,20,B3,41,S30N:K74I:S75F:Y95F,4,10.066776137845766,9.50359668506999
passive,20,B3,42,K74I:S75F:T76S:S77N:Y95F,5,10.065981563498454,9.44974629399226
passive,20,B3,43,S30N:T57S:K74I:S75F:S77N,5,10.04511855559321,9.51865246991028
passive,20,B3,44,K74I:S75F:T76S:R87T,4,10.039697543571885,9.47164420976294
passive,20,B3,45,I52S:A58T:K74I:S75F:Y106S,5,10.033733046043553,9.41325576437237
passive,20,B3,46,T71S:K74I:S75F:T76S:R87T,5,10.031130167066518,9.43573162193706
passive,20,B3,47,K74I:S75F:S77N:R87T,4,10.026823509177907,9.45004191887323
passive,20,B3,48,S31N:T57S:K74I:S75F:T76S,5,10.020403920264286,9.46599372679872
passive,20,B3,49,T71S:K74I:S75F:T76S:S84N,5,10.01936480987918,9.472701700535
passive,20,B3,50,T57S:K74I:S75F:R87T:Y95F,5,10.015894538057903,9.60239057952898
passive,20,B5,1,F29S:I52S:K74I:S75F:R87T,5,10.262243356169426,9.51303872847957
passive,20,B5,2,I52S:A58T:K74I:S75F:Y95F,5,10.25534277636904,9.48938885791846
passive,20,B5,3,I52S:A58T:K74I:S75F:R87T,5,10.24942922366319,9.52173312337524
passive,20,B5,4,I52S:T57S:A58T:K74I:S75F,5,10.248838362963902,9.50411551470317
passive,20,B5,5,I52S:A58T:K74I:S75F:S77N,5,10.246287997401955,9.48309718987226
passive,20,B5,6,S30N:I52S:A58T:K74I:S75F,5,10.243504807850057,9.48769552004718
passive,20,B5,7,I52S:A58T:T71S:K74I:S75F,5,10.194512181816028,9.5528506444559
passive,20,B5,8,I52S:A58T:N59A:K74I:S75F,5,10.185195589442522,9.4708380646481
passive,20,B5,9,S30N:I52S:K74I:S75F:S77N,5,10.178494169949976,9.4199500626905
passive,20,B5,10,I52S:K74I:S75F:R87T:Y95F,5,10.156935990069195,9.41134399801726
passive,20,B5,11,I52S:K74I:S75F:T76S:R87T,5,10.107645730816952,9.44538119657374
passive,20,B5,12,I52S:K74I:S75F:T76S:Y95F,5,10.099132386830442,9.40200685763068
passive,20,B5,13,I52S:N59A:K74I:S75F:S77N,5,10.091301932835584,9.41808695008185
passive,20,B5,14,S30N:I52S:K74I:S75F:S84N,5,10.086159137903923,9.4429009909838
passive,20,B5,15,S30N:K74I:S75F:S77N:R87T,5,10.080902416412329,9.49706545671141
passive,20,B5,16,I52S:K74I:S75F:S84N:R87T,5,10.078115479844948,9.40896651776656
passive,20,B5,17,S30N:I52S:K74I:S75F:T76S,5,10.063925360811131,9.40626211922647
passive,20,B5,18,K74I:S75F:S77N:R87T:Y95F,5,10.051012572614765,9.4722218392604
passive,20,B5,19,I52S:N59A:K74I:S75F:T76S,5,10.045674784087929,9.47855331540935
passive,20,B5,20,I52S:T57S:K74I:S75F:R87T,5,10.04501074474058,9.47155196176
passive,20,B5,21,S30N:K74I:S75F:S77N:Y95F,5,10.036308936205549,9.53965017205841
passive,20,B5,22,K74I:S75F:S77N:S84N:R87T,5,10.035237556068928,9.58481315074569
passive,20,B5,23,I52S:N59A:K74I:S75F:S84N,5,10.027494434277424,9.41998275178323
passive,20,B5,24,I52S:T57S:A58T:S75F:S77N,5,10.023419384285097,9.57444090465279
passive,20,B5,25,S30N:I52S:T71S:K74I:S75F,5,10.02096729916568,9.40942019974806
passive,20,B5,26,S30N:K74I:S75F:R87T:Y95F,5,10.020426174209268,9.60693161465318
passive,20,B5,27,S30N:T57S:K74I:S75F:R87T,5,10.01938228920647,9.64452957106668
passive,20,B5,28,I52S:T57S:K74I:S75F:T76S,5,10.007914387217198,9.38360330106869
passive,20,B5,29,S31N:I52S:T57S:A58T:S75F,5,9.995047401120775,9.48960076931103
passive,20,B5,30,I52S:A58T:T71S:S75F:Y95F,5,9.9882976584816,9.48859961402963
passive,20,B5,31,I52S:T57S:N59A:K74I:S75F,5,9.97505924596984,9.43557490684999
passive,20,B5,32,S30N:T57S:K74I:S75F:S84N,5,9.974881961546297,9.57709066253224
passive,20,B5,33,I52S:T57S:A58T:S75F:Y95F,5,9.97174139990441,9.57934864681809
passive,20,B5,34,S30N:T57S:K74I:S75F:S77N,5,9.965017150492413,9.51865246991028
passive,20,B5,35,I52S:A58T:S75F:S84N:R87T,5,9.961517833509069,9.46950414508452
passive,20,B5,36,S30N:K74I:S75F:T76S:Y95F,5,9.960482633719366,9.46511072396986
passive,20,B5,37,I52S:A58T:T71S:S75F,4,9.96034099575518,9.46781990478142
passive,20,B5,38,S30N:S31N:I52S:K74I:S75F,5,9.956274218534874,9.39139087708071
passive,20,B5,39,I52S:T71S:K74I:S75F:T76S,5,9.954646273013722,9.46468514406023
passive,20,B5,40,S30N:S31N:K74I:S75F:R87T,5,9.950746147428523,9.57206699216608
passive,20,B5,41,I52S:K74I:S75F:Y95F,4,9.948938929516904,9.43303965905298
passive,20,B5,42,K74I:S75F:T76S:S77N:Y95F,5,9.94812550166697,9.44974629399226
passive,20,B5,43,I52S:A58T:S75F:S77N:S84N,5,9.947178086630052,9.52302054434456
passive,20,B5,44,S30N:I52S:A58T:S75F:Y95F,5,9.940713321385504,9.54018615823198
passive,20,B5,45,S30N:I52S:A58T:S75F,4,9.93907821886775,9.50930155868219
passive,20,B5,46,F29S:K74I:S75F:S77N:R87T,5,9.936568008863013,9.48810178682967
passive,20,B5,47,I52S:A58T:K74I:S75F:Y106S,5,9.93401376173976,9.41325576437237
passive,20,B5,48,S31N:K74I:S75F:T76S:S77N,5,9.93257257133243,9.44666611714712
passive,20,B5,49,T57S:K74I:S75F:S77N:R87T,5,9.92269028451155,9.42175027021712
passive,20,B5,50,I52S:A58T:S75F:S77N:Y95F,5,9.914367792883748,9.48797846895563
passive,20,V83,1,F29S:I52S:K74I:S75F:R87T,5,10.262243356169426,9.51303872847957
passive,20,V83,2,I52S:A58T:K74I:S75F:Y95F,5,10.25534277636904,9.48938885791846
passive,20,V83,3,I52S:A58T:K74I:S75F:R87T,5,10.24942922366319,9.52173312337524
passive,20,V83,4,I52S:T57S:A58T:K74I:S75F,5,10.248838362963902,9.50411551470317
passive,20,V83,5,I52S:A58T:K74I:S75F:S77N,5,10.246287997401955,9.48309718987226
passive,20,V83,6,S30N:I52S:A58T:K74I:S75F,5,10.243504807850057,9.48769552004718
passive,20,V83,7,I52S:A58T:T71S:K74I:S75F,5,10.194512181816028,9.5528506444559
passive,20,V83,8,I52S:A58T:N59A:K74I:S75F,5,10.185195589442522,9.4708380646481
passive,20,V83,9,S30N:I52S:K74I:S75F:S77N,5,10.178494169949976,9.4199500626905
passive,20,V83,10,I52S:K74I:S75F:R87T:Y95F,5,10.156935990069195,9.41134399801726
passive,20,V83,11,I52S:K74I:S75F:T76S:R87T,5,10.107645730816952,9.44538119657374
passive,20,V83,12,I52S:K74I:S75F:T76S:Y95F,5,10.099132386830442,9.40200685763068
passive,20,V83,13,I52S:N59A:K74I:S75F:S77N,5,10.091301932835584,9.41808695008185
passive,20,V83,14,S30N:I52S:K74I:S75F:S84N,5,10.086159137903923,9.4429009909838
passive,20,V83,15,S30N:K74I:S75F:S77N:R87T,5,10.080902416412329,9.49706545671141
passive,20,V83,16,I52S:K74I:S75F:S84N:R87T,5,10.078115479844948,9.40896651776656
passive,20,V83,17,S30N:I52S:K74I:S75F:T76S,5,10.063925360811131,9.40626211922647
passive,20,V83,18,K74I:S75F:S77N:R87T:Y95F,5,10.051012572614765,9.4722218392604
passive,20,V83,19,I52S:N59A:K74I:S75F:T76S,5,10.045674784087929,9.47855331540935
passive,20,V83,20,I52S:T57S:K74I:S75F:R87T,5,10.04501074474058,9.47155196176
passive,20,V83,21,S30N:K74I:S75F:S77N:Y95F,5,10.036308936205549,9.53965017205841
passive,20,V83,22,K74I:S75F:S77N:S84N:R87T,5,10.035237556068928,9.58481315074569
passive,20,V83,23,I52S:N59A:K74I:S75F:S84N,5,10.027494434277424,9.41998275178323
passive,20,V83,24,I52S:T57S:A58T:S75F:S77N,5,10.023419384285097,9.57444090465279
passive,20,V83,25,S30N:I52S:T71S:K74I:S75F,5,10.02096729916568,9.40942019974806
passive,20,V83,26,S30N:K74I:S75F:R87T:Y95F,5,10.020426174209268,9.60693161465318
passive,20,V83,27,S30N:T57S:K74I:S75F:R87T,5,10.01938228920647,9.64452957106668
passive,20,V83,28,I52S:T57S:K74I:S75F:T76S,5,10.007914387217198,9.38360330106869
passive,20,V83,29,S31N:I52S:T57S:A58T:S75F,5,9.995047401120775,9.48960076931103
passive,20,V83,30,I52S:A58T:T71S:S75F:Y95F,5,9.9882976584816,9.48859961402963
passive,20,V83,31,I52S:T57S:N59A:K74I:S75F,5,9.97505924596984,9.43557490684999
passive,20,V83,32,S30N:T57S:K74I:S75F:S84N,5,9.974881961546297,9.57709066253224
passive,20,V83,33,I52S:T57S:A58T:S75F:Y95F,5,9.97174139990441,9.57934864681809
passive,20,V83,34,S30N:T57S:K74I:S75F:S77N,5,9.965017150492413,9.51865246991028
passive,20,V83,35,I52S:A58T:S75F:S84N:R87T,5,9.961517833509069,9.46950414508452
passive,20,V83,36,S30N:K74I:S75F:T76S:Y95F,5,9.960482633719366,9.46511072396986
passive,20,V83,37,I52S:A58T:T71S:S75F,4,9.96034099575518,9.46781990478142
passive,20,V83,38,S30N:S31N:I52S:K74I:S75F,5,9.956274218534874,9.39139087708071
passive,20,V83,39,I52S:T71S:K74I:S75F:T76S,5,9.954646273013722,9.46468514406023
passive,20,V83,40,S30N:S31N:K74I:S75F:R87T,5,9.950746147428523,9.57206699216608
passive,20,V83,41,I52S:K74I:S75F:Y95F,4,9.948938929516904,9.43303965905298
passive,20,V83,42,K74I:S75F:T76S:S77N:Y95F,5,9.94812550166697,9.44974629399226
passive,20,V83,43,I52S:A58T:S75F:S77N:S84N,5,9.947178086630052,9.52302054434456
passive,20,V83,44,S30N:I52S:A58T:S75F:Y95F,5,9.940713321385504,9.54018615823198
passive,20,V83,45,S30N:I52S:A58T:S75F,4,9.93907821886775,9.50930155868219
passive,20,V83,46,F29S:K74I:S75F:S77N:R87T,5,9.936568008863013,9.48810178682967
passive,20,V83,47,I52S:A58T:K74I:S75F:Y106S,5,9.93401376173976,9.41325576437237
passive,20,V83,48,S31N:K74I:S75F:T76S:S77N,5,9.93257257133243,9.44666611714712
passive,20,V83,49,T57S:K74I:S75F:S77N:R87T,5,9.92269028451155,9.42175027021712
passive,20,V83,50,I52S:A58T:S75F:S77N:Y95F,5,9.914367792883748,9.48797846895563
passive,40,B3,1,I52S:A58T:T71S:K74I:S75F,5,10.397784297195509,9.5528506444559
passive,40,B3,2,F29S:I52S:K74I:S75F:R87T,5,10.387566137664576,9.51303872847957
passive,40,B3,3,I52S:A58T:K74I:S75F:S77N,5,10.360784363133837,9.48309718987226
passive,40,B3,4,I52S:T57S:A58T:K74I:S75F,5,10.333245300134644,9.50411551470317
passive,40,B3,5,S30N:I52S:A58T:K74I:S75F,5,10.330751304327356,9.48769552004718
passive,40,B3,6,I52S:A58T:K74I:S75F:R87T,5,10.329333943206128,9.52173312337524
passive,40,B3,7,I52S:A58T:K74I:S75F:Y95F,5,10.318210453770224,9.48938885791846
passive,40,B3,8,S30N:I52S:K74I:S75F:S77N,5,10.291960246591517,9.4199500626905
passive,40,B3,9,I52S:T71S:K74I:S75F:T76S,5,10.288622117977903,9.46468514406023
passive,40,B3,10,S30N:I52S:T71S:K74I:S75F,5,10.283954147129029,9.40942019974806
passive,40,B3,11,S30N:I52S:K74I:S75F:T76S,5,10.27954553921177,9.40626211922647
passive,40,B3,12,S30N:S31N:I52S:K74I:S75F,5,10.266891354588216,9.39139087708071
passive,40,B3,13,S31N:I52S:T71S:K74I:S75F,5,10.262286946126656,9.369814324944
passive,40,B3,14,S31N:I52S:K74I:S75F:T76S,5,10.261987026894513,9.4377858549573
passive,40,B3,15,S31N:I52S:K74I:S75F:R87T,5,10.261532246904611,9.40027222314205
passive,40,B3,16,I52S:K74I:S75F:T76S:Y95F,5,10.259199213640668,9.40200685763068
passive,40,B3,17,I52S:T57S:K74I:S75F:R87T,5,10.253881145961127,9.47155196176
passive,40,B3,18,I52S:A58T:N59A:K74I:S75F,5,10.24680424598635,9.4708380646481
passive,40,B3,19,I52S:K74I:S75F:R87T:Y95F,5,10.246678945248098,9.41134399801726
passive,40,B3,20,I52S:K74I:S75F:T76S:R87T,5,10.239307268463191,9.44538119657374
passive,40,B3,21,S30N:I52S:K74I:S75F:S84N,5,10.213050136282565,9.4429009909838
passive,40,B3,22,I52S:T57S:K74I:S75F:T76S,5,10.206510228434782,9.38360330106869
passive,40,B3,23,I52S:K74I:S75F:S84N:R87T,5,10.20503414891477,9.40896651776656
passive,40,B3,24,I52S:K74I:S75F:Y95F,4,10.176216525526886,9.43303965905298
passive,40,B3,25,I52S:N59A:K74I:S75F:S77N,5,10.173623716418287,9.41808695008185
passive,40,B3,26,I52S:K74I:S75F:S77N,4,10.17337818237944,9.43196879451809
passive,40,B3,27,I52S:T71S:K74I:S75F,4,10.164714555580634,9.41413825749977
passive,40,B3,28,S30N:S31N:K74I:S75F:R87T,5,10.162351782225088,9.57206699216608
passive,40,B3,29,I52S:N59A:K74I:S75F:T76S,5,10.160652772594087,9.47855331540935
passive,40,B3,30,I52S:T57S:N59A:K74I:S75F,5,10.133949489700576,9.43557490684999
passive,40,B3,31,S31N:T71S:K74I:S75F:T76S,5,10.132763897691316,9.50039080855885
passive,40,B3,32,I52S:N59A:K74I:S75F:S84N,5,10.125470223579416,9.41998275178323
passive,40,B3,33,S31N:K74I:S75F:T76S:S77N,5,10.109195494567455,9.44666611714712
passive,40,B3,34,S30N:T57S:K74I:S75F:R87T,5,10.092732663653017,9.64452957106668
passive,40,B3,35,S30N:K74I:S75F:T76S:Y95F,5,10.089030163454328,9.46511072396986
passive,40,B3,36,S30N:K74I:S75F:R87T:Y95F,5,10.08453552360155,9.60693161465318
passive,40,B3,37,T71S:K74I:S75F:T76S:R87T,5,10.083132670995276,9.43573162193706
passive,40,B3,38,S30N:K74I:S75F:S77N:R87T,5,10.068259247506292,9.49706545671141
passive,40,B3,39,S31N:T57S:K74I:S75F:T76S,5,10.063994826783494,9.46599372679872
passive,40,B3,40,T71S:K74I:S75F:T76S:S84N,5,10.058477784293531,9.472701700535
passive,40,B3,41,S30N:K74I:S75F:S77N:Y95F,5,10.04717918825472,9.53965017205841
passive,40,B3,42,S30N:T57S:K74I:S75F:T76S,5,10.037336117586875,9.53497992711347
passive,40,B3,43,K74I:S75F:T76S:S77N:Y95F,5,10.0330748045975,9.44974629399226
passive,40,B3,44,S31N:I52S:T57S:A58T:S75F,5,10.02543619211307,9.48960076931103
passive,40,B3,45,I52S:A58T:T71S:S75F,4,10.024765146035255,9.46781990478142
passive,40,B3,46,I52S:A58T:K74I:S75F:Y106S,5,10.01538856830013,9.41325576437237
passive,40,B3,47,T71S:K74I:S75F:S84N:Y95F,5,10.012948111660616,9.5132150047452
passive,40,B3,48,S30N:K74I:S75F:Y95F,4,10.000123620381116,9.50359668506999
passive,40,B3,49,S31N:K74I:S75F:R87T,4,9.99478856043255,9.52439643799642
passive,40,B3,50,K74I:S75F:S77N:S84N:R87T,5,9.993766960364148,9.58481315074569
passive,40,B5,1,I52S:A58T:T71S:K74I:S75F,5,10.075649861181777,9.5528506444559
passive,40,B5,2,F29S:I52S:K74I:S75F:R87T,5,10.060477486320986,9.51303872847957
passive,40,B5,3,I52S:A58T:K74I:S75F:S77N,5,10.052137545239423,9.48309718987226
passive,40,B5,4,I52S:A58T:N59A:K74I:S75F,5,10.043776953377336,9.4708380646481
passive,40,B5,5,I52S:T57S:A58T:K74I:S75F,5,10.02444994980025,9.50411551470317
passive,40,B5,6,I52S:A58T:K74I:S75F:Y95F,5,10.013997389104476,9.48938885791846
passive,40,B5,7,S30N:I52S:A58T:K74I:S75F,5,9.992372210973487,9.48769552004718
passive,40,B5,8,I52S:A58T:K74I:S75F:R87T,5,9.99176505667801,9.52173312337524
passive,40,B5,9,I52S:N59A:K74I:S75F:S77N,5,9.93737958960253,9.41808695008185
passive,40,B5,10,I52S:N59A:K74I:S75F:T76S,5,9.930128636909878,9.47855331540935
passive,40,B5,11,S31N:I52S:T57S:A58T:S75F,5,9.922259418946302,9.48960076931103
passive,40,B5,12,I52S:T57S:A58T:S75F:S77N,5,9.9111469597862,9.57444090465279
passive,40,B5,13,I52S:A58T:S75F:S77N:S84N,5,9.897485333773014,9.52302054434456
passive,40,B5,14,S30N:I52S:K74I:S75F:T76S,5,9.897320268420945,9.40626211922647
passive,40,B5,15,I52S:A58T:T71S:S75F:S84N,5,9.896933355799831,9.55426412441271
passive,40,B5,16,I52S:T71S:K74I:S75F:T76S,5,9.894655052141983,9.46468514406023
passive,40,B5,17,S30N:T57S:K74I:S75F:R87T,5,9.891351414276688,9.64452957106668
passive,40,B5,18,I52S:T57S:N59A:K74I:S75F,5,9.887644670838458,9.43557490684999
passive,40,B5,19,S30N:I52S:K74I:S75F:S77N,5,9.887095828476117,9.4199500626905
passive,40,B5,20,I52S:T57S:A58T:S75F:Y95F,5,9.886026529857231,9.57934864681809
passive,40,B5,21,I52S:K74I:S75F:T76S:Y95F,5,9.88519650031002,9.40200685763068
passive,40,B5,22,I52S:A58T:T71S:S75F:Y95F,5,9.882115485390369,9.48859961402963
passive,40,B5,23,S30N:I52S:T71S:K74I:S75F,5,9.880434430387284,9.40942019974806
passive,40,B5,24,I52S:A58T:S75F:S77N:Y95F,5,9.87565814337977,9.48797846895563
passive,40,B5,25,F29S:S30N:K74I:S75F:S77N,5,9.872780934779582,9.41186910365825
passive,40,B5,26,I52S:A58T:N59A:T71S:S75F,5,9.870862862321122,9.48559698668385
passive,40,B5,27,S31N:I52S:A58T:S75F:S77N,5,9.867420686077644,9.36238400726393
passive,40,B5,28,S30N:K74I:S75F:S77N:Y95F,5,9.866121837577603,9.53965017205841
passive,40,B5,29,I52S:K74I:S75F:T76S:R87T,5,9.85885457067586,9.44538119657374
passive,40,B5,30,I52S:A58T:N59A:S75F:S77N,5,9.85724823136916,9.49775049145179
passive,40,B5,31,I52S:T57S:K74I:S75F:T76S,5,9.85689473460629,9.38360330106869
passive,40,B5,32,I52S:T57S:K74I:S75F:R87T,5,9.855416801814467,9.47155196176
passive,40,B5,33,S30N:S31N:K74I:S75F:R87T,5,9.8538027242972,9.57206699216608
passive,40,B5,34,S30N:K74I:S75F:R87T:Y95F,5,9.853710949169594,9.60693161465318
passive,40,B5,35,I52S:A58T:S75F:S84N:R87T,5,9.85203112909574,9.46950414508452
passive,40,B5,36,I52S:N59A:K74I:S75F:S84N,5,9.85176902831688,9.41998275178323
passive,40,B5,37,I52S:K74I:S75F:R87T:Y95F,5,9.850890595916866,9.41134399801726
passive,40,B5,38,S30N:K74I:S75F:T76S:Y95F,5,9.847906646974446,9.46511072396986
passive,40,B5,39,S30N:K74I:S75F:S77N:R87T,5,9.84526115673631,9.49706545671141
passive,40,B5,40,S31N:I52S:A58T:T71S:S75F,5,9.844207675733962,9.433119094339
passive,40,B5,41,S30N:T57S:K74I:S75F:T76S,5,9.843533114004233,9.53497992711347
passive,40,B5,42,I52S:A58T:S75F:S84N:Y95F,5,9.837131979282736,9.54542140865139
passive,40,B5,43,S31N:T71S:K74I:S75F:T76S,5,9.835287340525742,9.50039080855885
passive,40,B5,44,I52S:K74I:S75F:S84N:R87T,5,9.828201261223,9.40896651776656
passive,40,B5,45,I52S:A58T:K74I:S75F:Y106S,5,9.826719536484111,9.41325576437237
passive,40,B5,46,S31N:K74I:S75F:T76S:S77N,5,9.822480314675618,9.44666611714712
passive,40,B5,47,F29S:S30N:T57S:K74I:S75F,5,9.821513585141345,9.54282839072144
passive,40,B5,48,K74I:S75F:T76S:S77N:Y95F,5,9.819107248826734,9.44974629399226
passive,40,B5,49,T71S:K74I:S75F:T76S:R87T,5,9.817007995519448,9.43573162193706
passive,40,B5,50,N59A:T71S:K74I:S75F:T76S,5,9.816594106835874,9.48402511522268
passive,40,V83,1,I52S:A58T:T71S:K74I:S75F,5,10.075649861181777,9.5528506444559
passive,40,V83,2,F29S:I52S:K74I:S75F:R87T,5,10.060477486320986,9.51303872847957
passive,40,V83,3,I52S:A58T:K74I:S75F:S77N,5,10.052137545239423,9.48309718987226
passive,40,V83,4,I52S:A58T:N59A:K74I:S75F,5,10.043776953377336,9.4708380646481
passive,40,V83,5,I52S:T57S:A58T:K74I:S75F,5,10.02444994980025,9.50411551470317
passive,40,V83,6,I52S:A58T:K74I:S75F:Y95F,5,10.013997389104476,9.48938885791846
passive,40,V83,7,S30N:I52S:A58T:K74I:S75F,5,9.992372210973487,9.48769552004718
passive,40,V83,8,I52S:A58T:K74I:S75F:R87T,5,9.99176505667801,9.52173312337524
passive,40,V83,9,I52S:N59A:K74I:S75F:S77N,5,9.93737958960253,9.41808695008185
passive,40,V83,10,I52S:N59A:K74I:S75F:T76S,5,9.930128636909878,9.47855331540935
passive,40,V83,11,S31N:I52S:T57S:A58T:S75F,5,9.922259418946302,9.48960076931103
passive,40,V83,12,I52S:T57S:A58T:S75F:S77N,5,9.9111469597862,9.57444090465279
passive,40,V83,13,I52S:A58T:S75F:S77N:S84N,5,9.897485333773014,9.52302054434456
passive,40,V83,14,S30N:I52S:K74I:S75F:T76S,5,9.897320268420945,9.40626211922647
passive,40,V83,15,I52S:A58T:T71S:S75F:S84N,5,9.896933355799831,9.55426412441271
passive,40,V83,16,I52S:T71S:K74I:S75F:T76S,5,9.894655052141983,9.46468514406023
passive,40,V83,17,S30N:T57S:K74I:S75F:R87T,5,9.891351414276688,9.64452957106668
passive,40,V83,18,I52S:T57S:N59A:K74I:S75F,5,9.887644670838458,9.43557490684999
passive,40,V83,19,S30N:I52S:K74I:S75F:S77N,5,9.887095828476117,9.4199500626905
passive,40,V83,20,I52S:T57S:A58T:S75F:Y95F,5,9.886026529857231,9.57934864681809
passive,40,V83,21,I52S:K74I:S75F:T76S:Y95F,5,9.88519650031002,9.40200685763068
passive,40,V83,22,I52S:A58T:T71S:S75F:Y95F,5,9.882115485390369,9.48859961402963
passive,40,V83,23,S30N:I52S:T71S:K74I:S75F,5,9.880434430387284,9.40942019974806
passive,40,V83,24,I52S:A58T:S75F:S77N:Y95F,5,9.87565814337977,9.48797846895563
passive,40,V83,25,F29S:S30N:K74I:S75F:S77N,5,9.872780934779582,9.41186910365825
passive,40,V83,26,I52S:A58T:N59A:T71S:S75F,5,9.870862862321122,9.48559698668385
passive,40,V83,27,S31N:I52S:A58T:S75F:S77N,5,9.867420686077644,9.36238400726393
passive,40,V83,28,S30N:K74I:S75F:S77N:Y95F,5,9.866121837577603,9.53965017205841
passive,40,V83,29,I52S:K74I:S75F:T76S:R87T,5,9.85885457067586,9.44538119657374
passive,40,V83,30,I52S:A58T:N59A:S75F:S77N,5,9.85724823136916,9.49775049145179
passive,40,V83,31,I52S:T57S:K74I:S75F:T76S,5,9.85689473460629,9.38360330106869
passive,40,V83,32,I52S:T57S:K74I:S75F:R87T,5,9.855416801814467,9.47155196176
passive,40,V83,33,S30N:S31N:K74I:S75F:R87T,5,9.8538027242972,9.57206699216608
passive,40,V83,34,S30N:K74I:S75F:R87T:Y95F,5,9.853710949169594,9.60693161465318
passive,40,V83,35,I52S:A58T:S75F:S84N:R87T,5,9.85203112909574,9.46950414508452
passive,40,V83,36,I52S:N59A:K74I:S75F:S84N,5,9.85176902831688,9.41998275178323
passive,40,V83,37,I52S:K74I:S75F:R87T:Y95F,5,9.850890595916866,9.41134399801726
passive,40,V83,38,S30N:K74I:S75F:T76S:Y95F,5,9.847906646974446,9.46511072396986
passive,40,V83,39,S30N:K74I:S75F:S77N:R87T,5,9.84526115673631,9.49706545671141
passive,40,V83,40,S31N:I52S:A58T:T71S:S75F,5,9.844207675733962,9.433119094339
passive,40,V83,41,S30N:T57S:K74I:S75F:T76S,5,9.843533114004233,9.53497992711347
passive,40,V83,42,I52S:A58T:S75F:S84N:Y95F,5,9.837131979282736,9.54542140865139
passive,40,V83,43,S31N:T71S:K74I:S75F:T76S,5,9.835287340525742,9.50039080855885
passive,40,V83,44,I52S:K74I:S75F:S84N:R87T,5,9.828201261223,9.40896651776656
passive,40,V83,45,I52S:A58T:K74I:S75F:Y106S,5,9.826719536484111,9.41325576437237
passive,40,V83,46,S31N:K74I:S75F:T76S:S77N,5,9.822480314675618,9.44666611714712
passive,40,V83,47,F29S:S30N:T57S:K74I:S75F,5,9.821513585141345,9.54282839072144
passive,40,V83,48,K74I:S75F:T76S:S77N:Y95F,5,9.819107248826734,9.44974629399226
passive,40,V83,49,T71S:K74I:S75F:T76S:R87T,5,9.817007995519448,9.43573162193706
passive,40,V83,50,N59A:T71S:K74I:S75F:T76S,5,9.816594106835874,9.48402511522268
active,5,B3,1,I52S:A58T:K74I:S75F:Y95F,5,10.53970372839266,9.48938885791846
active,5,B3,2,I52S:A58T:K74I:S75F:S77N,5,10.53015974312352,9.48309718987226
active,5,B3,3,S30N:S31N:I52S:K74I:S75F,5,10.511884907437008,9.39139087708071
active,5,B3,4,I52S:K74I:S75F:S84N:R87T,5,10.49730612203242,9.40896651776656
active,5,B3,5,S30N:I52S:K74I:S75F:S84N,5,10.488114010301972,9.4429009909838
active,5,B3,6,F29S:I52S:K74I:S75F:R87T,5,10.469930467250972,9.51303872847957
active,5,B3,7,S31N:I52S:K74I:S75F:R87T,5,10.45905363816049,9.40027222314205
active,5,B3,8,S31N:I52S:K74I:S75F:T76S,5,10.44732980189952,9.4377858549573
active,5,B3,9,I52S:K74I:S75F:T76S:R87T,5,10.437045729902511,9.44538119657374
active,5,B3,10,S30N:I52S:K74I:S75F:S77N,5,10.412016754079987,9.4199500626905
active,5,B3,11,I52S:K74I:S75F:T76S:Y95F,5,10.406323303118937,9.40200685763068
active,5,B3,12,I52S:A58T:K74I:S75F:R87T,5,10.38360307098152,9.52173312337524
active,5,B3,13,I52S:K74I:S75F:R87T:Y95F,5,10.380740632087509,9.41134399801726
active,5,B3,14,S30N:I52S:A58T:K74I:S75F,5,10.368496206620655,9.48769552004718
active,5,B3,15,I52S:A58T:T71S:K74I:S75F,5,10.365508134370687,9.5528506444559
active,5,B3,16,I52S:N59A:K74I:S75F:S84N,5,10.360924285058555,9.41998275178323
active,5,B3,17,S31N:I52S:T71S:K74I:S75F,5,10.340071307032597,9.369814324944
active,5,B3,18,I52S:A58T:N59A:K74I:S75F,5,10.339186056055247,9.4708380646481
active,5,B3,19,I52S:T57S:A58T:K74I:S75F,5,10.335959517918436,9.50411551470317
active,5,B3,20,I52S:K74I:S75F:Y95F,4,10.322117462963623,9.43303965905298
active,5,B3,21,I52S:K74I:S75F:S77N,4,10.252435442902735,9.43196879451809
active,5,B3,22,I52S:N59A:K74I:S75F:S77N,5,10.240098137510069,9.41808695008185
active,5,B3,23,I52S:T57S:K74I:S75F:R87T,5,10.237509691505345,9.47155196176
active,5,B3,24,I52S:N59A:K74I:S75F:T76S,5,10.228684782925,9.47855331540935
active,5,B3,25,S30N:I52S:K74I:S75F:T76S,5,10.227127506863324,9.40626211922647
active,5,B3,26,S31N:I52S:T57S:A58T:S75F,5,10.196958641471555,9.48960076931103
active,5,B3,27,I52S:T71S:K74I:S75F:T76S,5,10.178553846269567,9.46468514406023
active,5,B3,28,S31N:I52S:A58T:S75F:R87T,5,10.175909404763232,9.41223193782941
active,5,B3,29,S30N:I52S:T71S:K74I:S75F,5,10.174152084182989,9.40942019974806
active,5,B3,30,K74I:S75F:S84N:Y95F,4,10.166626316099018,9.5085122251922
active,5,B3,31,S31N:I52S:A58T:S75F:S77N,5,10.156228157816146,9.36238400726393
active,5,B3,32,I52S:A58T:S75F:S84N:R87T,5,10.133537493708294,9.46950414508452
active,5,B3,33,I52S:T71S:K74I:S75F,4,10.130465912973447,9.41413825749977
active,5,B3,34,S31N:I52S:A58T:S75F,4,10.124659332353655,9.40969869106159
active,5,B3,35,T71S:K74I:S75F:S84N:Y95F,5,10.123730100346217,9.5132150047452
active,5,B3,36,I52S:S75F:T76S:S84N:R87T,5,10.11621210971168,9.45559264648812
active,5,B3,37,I52S:A58T:S75F:S77N:S84N,5,10.1100413107926,9.52302054434456
active,5,B3,38,I52S:A58T:K74I:S75F:Y106S,5,10.109544722072684,9.41325576437237
active,5,B3,39,K74I:S75F:S77N:S84N:R87T,5,10.10772095169566,9.58481315074569
active,5,B3,40,K74I:S75F:T76S:S77N:Y95F,5,10.103529432477291,9.44974629399226
active,5,B3,41,I52S:T57S:K74I:S75F:T76S,5,10.097892515855282,9.38360330106869
active,5,B3,42,I52S:T57S:N59A:K74I:S75F,5,10.088953171620636,9.43557490684999
active,5,B3,43,I52S:A58T:S75F:S84N:Y95F,5,10.076407649847807,9.54542140865139
active,5,B3,44,S30N:S31N:I52S:S75F:S84N,5,10.070632504129854,9.38451913092848
active,5,B3,45,I52S:A58T:S75F:S77N:Y95F,5,10.06835291067123,9.48797846895563
active,5,B3,46,T71S:K74I:S75F:T76S:S84N,5,10.06226931758317,9.472701700535
active,5,B3,47,F29S:K74I:S75F:S84N:Y95F,5,10.055076950707251,9.63375006192709
active,5,B3,48,F29S:S30N:I52S:S75F:S84N,5,10.049502471814158,9.48495114587793
active,5,B3,49,S30N:I52S:S75F:S77N:R87T,5,10.04852828496494,9.42589447793151
active,5,B3,50,S31N:I52S:A58T:T71S:S75F,5,10.037904525636142,9.433119094339
active,5,B5,1,I52S:A58T:K74I:S75F:Y95F,5,10.478681875551288,9.48938885791846
active,5,B5,2,I52S:K74I:S75F:S84N:R87T,5,10.398913352441,9.40896651776656
active,5,B5,3,F29S:I52S:K74I:S75F:R87T,5,10.38674550065894,9.51303872847957
active,5,B5,4,I52S:K74I:S75F:T76S:R87T,5,10.368243984314525,9.44538119657374
active,5,B5,5,I52S:A58T:N59A:K74I:S75F,5,10.366666909672016,9.4708380646481
active,5,B5,6,S31N:I52S:K74I:S75F:R87T,5,10.36620778560315,9.40027222314205
active,5,B5,7,S30N:S31N:I52S:K74I:S75F,5,10.3629159544715,9.39139087708071
active,5,B5,8,I52S:A58T:T71S:K74I:S75F,5,10.361023495898026,9.5528506444559
active,5,B5,9,I52S:A58T:K74I:S75F:S77N,5,10.360116474375952,9.48309718987226
active,5,B5,10,I52S:A58T:K74I:S75F:R87T,5,10.343894780321031,9.52173312337524
active,5,B5,11,S30N:I52S:K74I:S75F:S84N,5,10.343698681279712,9.4429009909838
active,5,B5,12,I52S:T57S:A58T:K74I:S75F,5,10.314557511939352,9.50411551470317
active,5,B5,13,I52S:N59A:K74I:S75F:S84N,5,10.3041584083247,9.41998275178323
active,5,B5,14,I52S:K74I:S75F:R87T:Y95F,5,10.301797979136042,9.41134399801726
active,5,B5,15,I52S:K74I:S75F:T76S:Y95F,5,10.29623591287108,9.40200685763068
active,5,B5,16,S30N:I52S:A58T:K74I:S75F,5,10.289125286924143,9.48769552004718
active,5,B5,17,S31N:I52S:K74I:S75F:T76S,5,10.277530598367033,9.4377858549573
active,5,B5,18,S30N:I52S:K74I:S75F:S77N,5,10.266607336982974,9.4199500626905
active,5,B5,19,I52S:N59A:K74I:S75F:S77N,5,10.266217663469456,9.41808695008185
active,5,B5,20,S31N:I52S:T71S:K74I:S75F,5,10.254500211226452,9.369814324944
active,5,B5,21,I52S:T57S:K74I:S75F:R87T,5,10.223475675251864,9.47155196176
active,5,B5,22,S31N:I52S:T57S:A58T:S75F,5,10.217589181000976,9.48960076931103
active,5,B5,23,I52S:K74I:S75F:Y95F,4,10.200182227937823,9.43303965905298
active,5,B5,24,I52S:N59A:K74I:S75F:T76S,5,10.198057401245658,9.47855331540935
active,5,B5,25,S31N:I52S:A58T:S75F:R87T,5,10.139976428863353,9.41223193782941
active,5,B5,26,I52S:K74I:S75F:S77N,4,10.125848287848676,9.43196879451809
active,5,B5,27,I52S:T57S:N59A:K74I:S75F,5,10.124586723008806,9.43557490684999
active,5,B5,28,I52S:A58T:S75F:S84N:R87T,5,10.121520494857098,9.46950414508452
active,5,B5,29,S30N:I52S:K74I:S75F:T76S,5,10.115241753500449,9.40626211922647
active,5,B5,30,I52S:T71S:K74I:S75F,4,10.09416297593863,9.41413825749977
active,5,B5,31,I52S:T71S:K74I:S75F:T76S,5,10.080946931363377,9.46468514406023
active,5,B5,32,S30N:I52S:T71S:K74I:S75F,5,10.074229019804129,9.40942019974806
active,5,B5,33,S31N:I52S:A58T:T71S:S75F,5,10.0508149104391,9.433119094339
active,5,B5,34,I52S:S75F:T76S:S84N:R87T,5,10.041623857507076,9.45559264648812
active,5,B5,35,S31N:I52S:A58T:S75F:S77N,5,10.040708489661451,9.36238400726393
active,5,B5,36,I52S:A58T:S75F:S84N:Y95F,5,10.039217629278564,9.54542140865139
active,5,B5,37,T71S:K74I:S75F:S84N:Y95F,5,10.03301393674004,9.5132150047452
active,5,B5,38,K74I:S75F:S84N:Y95F,4,10.031848968573168,9.5085122251922
active,5,B5,39,I52S:T57S:K74I:S75F:T76S,5,10.026733592712686,9.38360330106869
active,5,B5,40,K74I:S75F:T76S:S77N:Y95F,5,10.021940590894626,9.44974629399226
active,5,B5,41,I52S:A58T:K74I:S75F:Y106S,5,10.014045166743706,9.41325576437237
active,5,B5,42,F29S:K74I:S75F:S84N:Y95F,5,10.00735488409965,9.63375006192709
active,5,B5,43,S31N:I52S:A58T:S75F,4,10.004726498652357,9.40969869106159
active,5,B5,44,I52S:A58T:T71S:S75F,4,10.002137603854877,9.46781990478142
active,5,B5,45,I52S:A58T:S75F:S77N:S84N,5,10.000878656602868,9.52302054434456
active,5,B5,46,I52S:A58T:S75F:T76S:R87T,5,9.990828571753363,9.48733880323357
active,5,B5,47,I52S:A58T:T71S:S75F:S84N,5,9.976439026370675,9.55426412441271
active,5,B5,48,K74I:S75F:S77N:S84N:R87T,5,9.975637434364176,9.58481315074569
active,5,B5,49,S31N:N59A:K74I:S75F:Y95F,5,9.973403891814804,9.48713737626498
active,5,B5,50,S30N:I52S:S75F:S77N:R87T,5,9.970374425424724,9.42589447793151
active,5,V83,1,I52S:A58T:K74I:S75F:Y95F,5,10.478681875551288,9.48938885791846
active,5,V83,2,I52S:K74I:S75F:S84N:R87T,5,10.398913352441,9.40896651776656
active,5,V83,3,F29S:I52S:K74I:S75F:R87T,5,10.38674550065894,9.51303872847957
active,5,V83,4,I52S:K74I:S75F:T76S:R87T,5,10.368243984314525,9.44538119657374
active,5,V83,5,I52S:A58T:N59A:K74I:S75F,5,10.366666909672016,9.4708380646481
active,5,V83,6,S31N:I52S:K74I:S75F:R87T,5,10.36620778560315,9.40027222314205
active,5,V83,7,S30N:S31N:I52S:K74I:S75F,5,10.3629159544715,9.39139087708071
active,5,V83,8,I52S:A58T:T71S:K74I:S75F,5,10.361023495898026,9.5528506444559
active,5,V83,9,I52S:A58T:K74I:S75F:S77N,5,10.360116474375952,9.48309718987226
active,5,V83,10,I52S:A58T:K74I:S75F:R87T,5,10.343894780321031,9.52173312337524
active,5,V83,11,S30N:I52S:K74I:S75F:S84N,5,10.343698681279712,9.4429009909838
active,5,V83,12,I52S:T57S:A58T:K74I:S75F,5,10.314557511939352,9.50411551470317
active,5,V83,13,I52S:N59A:K74I:S75F:S84N,5,10.3041584083247,9.41998275178323
active,5,V83,14,I52S:K74I:S75F:R87T:Y95F,5,10.301797979136042,9.41134399801726
active,5,V83,15,I52S:K74I:S75F:T76S:Y95F,5,10.29623591287108,9.40200685763068
active,5,V83,16,S30N:I52S:A58T:K74I:S75F,5,10.289125286924143,9.48769552004718
active,5,V83,17,S31N:I52S:K74I:S75F:T76S,5,10.277530598367033,9.4377858549573
active,5,V83,18,S30N:I52S:K74I:S75F:S77N,5,10.266607336982974,9.4199500626905
active,5,V83,19,I52S:N59A:K74I:S75F:S77N,5,10.266217663469456,9.41808695008185
active,5,V83,20,S31N:I52S:T71S:K74I:S75F,5,10.254500211226452,9.369814324944
active,5,V83,21,I52S:T57S:K74I:S75F:R87T,5,10.223475675251864,9.47155196176
active,5,V83,22,S31N:I52S:T57S:A58T:S75F,5,10.217589181000976,9.48960076931103
active,5,V83,23,I52S:K74I:S75F:Y95F,4,10.200182227937823,9.43303965905298
active,5,V83,24,I52S:N59A:K74I:S75F:T76S,5,10.198057401245658,9.47855331540935
active,5,V83,25,S31N:I52S:A58T:S75F:R87T,5,10.139976428863353,9.41223193782941
active,5,V83,26,I52S:K74I:S75F:S77N,4,10.125848287848676,9.43196879451809
active,5,V83,27,I52S:T57S:N59A:K74I:S75F,5,10.124586723008806,9.43557490684999
active,5,V83,28,I52S:A58T:S75F:S84N:R87T,5,10.121520494857098,9.46950414508452
active,5,V83,29,S30N:I52S:K74I:S75F:T76S,5,10.115241753500449,9.40626211922647
active,5,V83,30,I52S:T71S:K74I:S75F,4,10.09416297593863,9.41413825749977
active,5,V83,31,I52S:T71S:K74I:S75F:T76S,5,10.080946931363377,9.46468514406023
active,5,V83,32,S30N:I52S:T71S:K74I:S75F,5,10.074229019804129,9.40942019974806
active,5,V83,33,S31N:I52S:A58T:T71S:S75F,5,10.0508149104391,9.433119094339
active,5,V83,34,I52S:S75F:T76S:S84N:R87T,5,10.041623857507076,9.45559264648812
active,5,V83,35,S31N:I52S:A58T:S75F:S77N,5,10.040708489661451,9.36238400726393
active,5,V83,36,I52S:A58T:S75F:S84N:Y95F,5,10.039217629278564,9.54542140865139
active,5,V83,37,T71S:K74I:S75F:S84N:Y95F,5,10.03301393674004,9.5132150047452
active,5,V83,38,K74I:S75F:S84N:Y95F,4,10.031848968573168,9.5085122251922
active,5,V83,39,I52S:T57S:K74I:S75F:T76S,5,10.026733592712686,9.38360330106869
active,5,V83,40,K74I:S75F:T76S:S77N:Y95F,5,10.021940590894626,9.44974629399226
active,5,V83,41,I52S:A58T:K74I:S75F:Y106S,5,10.014045166743706,9.41325576437237
active,5,V83,42,F29S:K74I:S75F:S84N:Y95F,5,10.00735488409965,9.63375006192709
active,5,V83,43,S31N:I52S:A58T:S75F,4,10.004726498652357,9.40969869106159
active,5,V83,44,I52S:A58T:T71S:S75F,4,10.002137603854877,9.46781990478142
active,5,V83,45,I52S:A58T:S75F:S77N:S84N,5,10.000878656602868,9.52302054434456
active,5,V83,46,I52S:A58T:S75F:T76S:R87T,5,9.990828571753363,9.48733880323357
active,5,V83,47,I52S:A58T:T71S:S75F:S84N,5,9.976439026370675,9.55426412441271
active,5,V83,48,K74I:S75F:S77N:S84N:R87T,5,9.975637434364176,9.58481315074569
active,5,V83,49,S31N:N59A:K74I:S75F:Y95F,5,9.973403891814804,9.48713737626498
active,5,V83,50,S30N:I52S:S75F:S77N:R87T,5,9.970374425424724,9.42589447793151
active,10,B3,1,I52S:A58T:N59A:K74I:S75F,5,9.870623858871197,9.4708380646481
active,10,B3,2,I52S:T57S:A58T:K74I:S75F,5,9.72544929640743,9.50411551470317
active,10,B3,3,I52S:A58T:T71S:K74I:S75F,5,9.72131963843136,9.5528506444559
active,10,B3,4,I52S:A58T:N59A:S75F,4,9.707002191854183,9.44215995601779
active,10,B3,5,I52S:A58T:T71S:S75F,4,9.674666015134235,9.46781990478142
active,10,B3,6,N59A:T71S:K74I:S75F,4,9.654708972421185,9.5339666335953
active,10,B3,7,S30N:I52S:A58T:S75F,4,9.610051385269577,9.50930155868219
active,10,B3,8,S30N:I52S:A58T:K74I:S75F,5,9.600723078815149,9.48769552004718
active,10,B3,9,T57S:A58T:T71S:K74I:S75F,5,9.597595783994844,9.61544793155614
active,10,B3,10,I52S:A58T:N59A:T71S:S75F,5,9.580862173608658,9.48559698668385
active,10,B3,11,S31N:I52S:T57S:A58T:S75F,5,9.574118920360856,9.48960076931103
active,10,B3,12,T57S:T71S:K74I:S75F,4,9.560015312303342,9.5070027219951
active,10,B3,13,S31N:I52S:A58T:S75F,4,9.54657577384637,9.40969869106159
active,10,B3,14,I52S:A58T:K74I:S75F:Y95F,5,9.546495168285388,9.48938885791846
active,10,B3,15,N59A:T71S:K74I:S75F:Y95F,5,9.538513396207032,9.55845995343157
active,10,B3,16,I52S:T71S:K74I:S75F,4,9.538362163407374,9.41413825749977
active,10,B3,17,S31N:T57S:K74I:S75F,4,9.50388785544244,9.41710702866017
active,10,B3,18,N59A:T71S:K74I:S75F:T76S,5,9.49114579472822,9.48402511522268
active,10,B3,19,I52S:N59A:K74I:S75F:T76S,5,9.48109228235547,9.47855331540935
active,10,B3,20,I52S:T57S:N59A:K74I:S75F,5,9.45467426155478,9.43557490684999
active,10,B3,21,S31N:T71S:K74I:S75F,4,9.452809348899178,9.37935962458485
active,10,B3,22,I52S:A58T:S75F:Y106S,4,9.451204866524408,9.45782977906594
active,10,B3,23,I52S:K74I:S75F:Y95F,4,9.440121850528316,9.43303965905298
active,10,B3,24,S31N:I52S:A58T:T71S:S75F,5,9.43799866754873,9.433119094339
active,10,B3,25,I52S:N59A:T71S:S75F,4,9.435727050310314,9.3976385847575
active,10,B3,26,S31N:A58T:K74I:S75F,4,9.4109500256955,9.47537259196902
active,10,B3,27,I52S:A58T:K74I:S75F:S77N,5,9.410141755784952,9.48309718987226
active,10,B3,28,S30N:K74I:S75F:Y95F,4,9.402269776305632,9.50359668506999
active,10,B3,29,S30N:N59A:T71S:K74I:S75F,5,9.39193910830434,9.52655856361535
active,10,B3,30,I52S:T57S:A58T:S75F:Y95F,5,9.378046117774804,9.57934864681809
active,10,B3,31,S31N:T57S:T71S:S75F,4,9.376519625493904,9.4042774901851
active,10,B3,32,I52S:A58T:K74I:S75F:R87T,5,9.37606748068594,9.52173312337524
active,10,B3,33,I52S:A58T:N59A:S75F:Y106S,5,9.369995676737176,9.45353677748237
active,10,B3,34,I52S:A58T:T71S:S75F:Y95F,5,9.360566392664262,9.48859961402963
active,10,B3,35,S30N:A58T:T71S:K74I:S75F,5,9.356162205212076,9.56794101972831
active,10,B3,36,S31N:N59A:K74I:S75F:Y95F,5,9.352126489145665,9.48713737626498
active,10,B3,37,I52S:A58T:N59A:S75F:S84N,5,9.340265193234275,9.51434350353133
active,10,B3,38,T57S:K74I:S75F:R87T,4,9.33901769147491,9.58040848158198
active,10,B3,39,A58T:K74I:S75F:T76S,4,9.335622461888134,9.47914558863843
active,10,B3,40,T71S:K74I:S75F:S84N,4,9.329976594532198,9.36820575114218
active,10,B3,41,S31N:I52S:A58T:N59A:S75F,5,9.329463530306432,9.41822127047037
active,10,B3,42,K74I:S75F:T76S:R87T,4,9.322395022484251,9.47164420976294
active,10,B3,43,K74I:S75F:S84N:Y95F,4,9.314033061123016,9.5085122251922
active,10,B3,44,S30N:I52S:T71S:K74I:S75F,5,9.308749629755196,9.40942019974806
active,10,B3,45,I52S:N59A:K74I:S75F:S84N,5,9.308116987684553,9.41998275178323
active,10,B3,46,N59A:K74I:S75F:T76S:R87T,5,9.302335016009282,9.51441515169806
active,10,B3,47,N59A:K74I:S75F:S77N,4,9.301182880761404,9.46726797648589
active,10,B3,48,S31N:I52S:T71S:K74I:S75F,5,9.298185050622914,9.369814324944
active,10,B3,49,I52S:T57S:N59A:S75F,4,9.29476103300304,9.40495229978651
active,10,B3,50,T71S:K74I:S75F:Y106S,4,9.28806830078846,9.45181354098918
active,10,B5,1,I52S:A58T:N59A:K74I:S75F,5,10.158026105489286,9.4708380646481
active,10,B5,2,I52S:A58T:N59A:S75F,4,10.065726778370022,9.44215995601779
active,10,B5,3,I52S:A58T:T71S:S75F,4,10.06512628179938,9.46781990478142
active,10,B5,4,I52S:T57S:A58T:K74I:S75F,5,10.04628084214065,9.50411551470317
active,10,B5,5,I52S:A58T:T71S:K74I:S75F,5,10.040394748931696,9.5528506444559
active,10,B5,6,S31N:I52S:T57S:A58T:S75F,5,9.979666564026742,9.48960076931103
active,10,B5,7,S30N:I52S:A58T:K74I:S75F,5,9.978946191999531,9.48769552004718
active,10,B5,8,S30N:I52S:A58T:S75F,4,9.976582375221978,9.50930155868219
active,10,B5,9,S31N:T57S:K74I:S75F,4,9.968784965220872,9.41710702866017
active,10,B5,10,I52S:A58T:K74I:S75F:Y95F,5,9.953198454107577,9.48938885791846
active,10,B5,11,S31N:I52S:A58T:S75F,4,9.950858378021298,9.40969869106159
active,10,B5,12,N59A:T71S:K74I:S75F,4,9.944675110895997,9.5339666335953
active,10,B5,13,I52S:A58T:N59A:T71S:S75F,5,9.94202615204791,9.48559698668385
active,10,B5,14,N59A:T71S:K74I:S75F:Y95F,5,9.931645573096786,9.55845995343157
active,10,B5,15,F29S:I52S:S75F:S77N,4,9.92858724385002,9.48707976442327
active,10,B5,16,S30N:K74I:S75F:Y95F,4,9.923586435728732,9.50359668506999
active,10,B5,17,S75F:T76S:S77N:S84N,4,9.92045797644716,9.28449646556549
active,10,B5,18,F29S:I52S:S75F:S84N,4,9.911857618818246,9.4928009883063
active,10,B5,19,N59A:K74I:S75F:S77N,4,9.90501423270003,9.46726797648589
active,10,B5,20,F29S:I52S:S75F:T76S,4,9.897955303179122,9.50761623312279
active,10,B5,21,S30N:S31N:S75F:S84N,4,9.876593683674546,9.43453073975817
active,10,B5,22,S75F:S77N:S84N:Y95F,4,9.87428560580573,9.4488424268991
active,10,B5,23,T57S:S75F:S84N:Y106S,4,9.873477156187898,9.57602741758795
active,10,B5,24,T57S:T71S:K74I:S75F,4,9.869499611355526,9.5070027219951
active,10,B5,25,I52S:N59A:K74I:S75F:T76S,5,9.868917688803949,9.47855331540935
active,10,B5,26,I52S:S75F:T76S:R87T,4,9.866115237759685,9.46184679774283
active,10,B5,27,S31N:I52S:A58T:T71S:S75F,5,9.864683643664682,9.433119094339
active,10,B5,28,T57S:K74I:S75F:R87T,4,9.863576455143832,9.58040848158198
active,10,B5,29,F29S:T57S:K74I:S75F,4,9.863477261704814,9.54631442943145
active,10,B5,30,T57S:A58T:T71S:K74I:S75F,5,9.86025065310886,9.61544793155614
active,10,B5,31,N59A:T71S:K74I:S75F:T76S,5,9.85672262556914,9.48402511522268
active,10,B5,32,I52S:N59A:T71S:S75F,4,9.853214358923854,9.3976385847575
active,10,B5,33,K74I:S75F:S77N:S84N,4,9.85180203024853,9.43384480612509
active,10,B5,34,I52S:K74I:S75F:Y95F,4,9.849180149837842,9.43303965905298
active,10,B5,35,S75F:T76S:S77N:R87T,4,9.840734042797466,9.2013919422022
active,10,B5,36,S31N:S75F:S77N:S84N,4,9.838942058402292,9.4058112200282
active,10,B5,37,K74I:S75F:S84N:Y95F,4,9.837369421345738,9.5085122251922
active,10,B5,38,I52S:T57S:N59A:K74I:S75F,5,9.830031310551352,9.43557490684999
active,10,B5,39,I52S:A58T:K74I:S75F:S77N,5,9.825586376444017,9.48309718987226
active,10,B5,40,S31N:T57S:T71S:S75F,4,9.822699284378617,9.4042774901851
active,10,B5,41,S31N:T57S:S75F:S84N,4,9.821197575412995,9.43654434114132
active,10,B5,42,K74I:S75F:S84N:R87T,4,9.815212839742044,9.41594314898876
active,10,B5,43,S75F:S77N:S84N:Y106S,4,9.80950222243992,9.41143175896584
active,10,B5,44,S31N:T71S:K74I:S75F,4,9.807823614760316,9.37935962458485
active,10,B5,45,I52S:T71S:K74I:S75F,4,9.803994915507012,9.41413825749977
active,10,B5,46,I52S:T57S:A58T:S75F:Y95F,5,9.80293533307713,9.57934864681809
active,10,B5,47,K74I:S75F:S84N:Y106S,4,9.800460747484202,9.47123610946826
active,10,B5,48,S75F:S84N:Y95F:Y106S,4,9.796852876454375,9.41618070517449
active,10,B5,49,S30N:N59A:T71S:K74I:S75F,5,9.794198269159626,9.52655856361535
active,10,B5,50,I52S:A58T:S75F:Y106S,4,9.793102263505624,9.45782977906594
active,10,V83,1,I52S:A58T:N59A:K74I:S75F,5,10.158026105489286,9.4708380646481
active,10,V83,2,I52S:A58T:N59A:S75F,4,10.065726778370022,9.44215995601779
active,10,V83,3,I52S:A58T:T71S:S75F,4,10.06512628179938,9.46781990478142
active,10,V83,4,I52S:T57S:A58T:K74I:S75F,5,10.04628084214065,9.50411551470317
active,10,V83,5,I52S:A58T:T71S:K74I:S75F,5,10.040394748931696,9.5528506444559
active,10,V83,6,S31N:I52S:T57S:A58T:S75F,5,9.979666564026742,9.48960076931103
active,10,V83,7,S30N:I52S:A58T:K74I:S75F,5,9.978946191999531,9.48769552004718
active,10,V83,8,S30N:I52S:A58T:S75F,4,9.976582375221978,9.50930155868219
active,10,V83,9,S31N:T57S:K74I:S75F,4,9.968784965220872,9.41710702866017
active,10,V83,10,I52S:A58T:K74I:S75F:Y95F,5,9.953198454107577,9.48938885791846
active,10,V83,11,S31N:I52S:A58T:S75F,4,9.950858378021298,9.40969869106159
active,10,V83,12,N59A:T71S:K74I:S75F,4,9.944675110895997,9.5339666335953
active,10,V83,13,I52S:A58T:N59A:T71S:S75F,5,9.94202615204791,9.48559698668385
active,10,V83,14,N59A:T71S:K74I:S75F:Y95F,5,9.931645573096786,9.55845995343157
active,10,V83,15,F29S:I52S:S75F:S77N,4,9.92858724385002,9.48707976442327
active,10,V83,16,S30N:K74I:S75F:Y95F,4,9.923586435728732,9.50359668506999
active,10,V83,17,S75F:T76S:S77N:S84N,4,9.92045797644716,9.28449646556549
active,10,V83,18,F29S:I52S:S75F:S84N,4,9.911857618818246,9.4928009883063
active,10,V83,19,N59A:K74I:S75F:S77N,4,9.90501423270003,9.46726797648589
active,10,V83,20,F29S:I52S:S75F:T76S,4,9.897955303179122,9.50761623312279
active,10,V83,21,S30N:S31N:S75F:S84N,4,9.876593683674546,9.43453073975817
active,10,V83,22,S75F:S77N:S84N:Y95F,4,9.87428560580573,9.4488424268991
active,10,V83,23,T57S:S75F:S84N:Y106S,4,9.873477156187898,9.57602741758795
active,10,V83,24,T57S:T71S:K74I:S75F,4,9.869499611355526,9.5070027219951
active,10,V83,25,I52S:N59A:K74I:S75F:T76S,5,9.868917688803949,9.47855331540935
active,10,V83,26,I52S:S75F:T76S:R87T,4,9.866115237759685,9.46184679774283
active,10,V83,27,S31N:I52S:A58T:T71S:S75F,5,9.864683643664682,9.433119094339
active,10,V83,28,T57S:K74I:S75F:R87T,4,9.863576455143832,9.58040848158198
active,10,V83,29,F29S:T57S:K74I:S75F,4,9.863477261704814,9.54631442943145
active,10,V83,30,T57S:A58T:T71S:K74I:S75F,5,9.86025065310886,9.61544793155614
active,10,V83,31,N59A:T71S:K74I:S75F:T76S,5,9.85672262556914,9.48402511522268
active,10,V83,32,I52S:N59A:T71S:S75F,4,9.853214358923854,9.3976385847575
active,10,V83,33,K74I:S75F:S77N:S84N,4,9.85180203024853,9.43384480612509
active,10,V83,34,I52S:K74I:S75F:Y95F,4,9.849180149837842,9.43303965905298
active,10,V83,35,S75F:T76S:S77N:R87T,4,9.840734042797466,9.2013919422022
active,10,V83,36,S31N:S75F:S77N:S84N,4,9.838942058402292,9.4058112200282
active,10,V83,37,K74I:S75F:S84N:Y95F,4,9.837369421345738,9.5085122251922
active,10,V83,38,I52S:T57S:N59A:K74I:S75F,5,9.830031310551352,9.43557490684999
active,10,V83,39,I52S:A58T:K74I:S75F:S77N,5,9.825586376444017,9.48309718987226
active,10,V83,40,S31N:T57S:T71S:S75F,4,9.822699284378617,9.4042774901851
active,10,V83,41,S31N:T57S:S75F:S84N,4,9.821197575412995,9.43654434114132
active,10,V83,42,K74I:S75F:S84N:R87T,4,9.815212839742044,9.41594314898876
active,10,V83,43,S75F:S77N:S84N:Y106S,4,9.80950222243992,9.41143175896584
active,10,V83,44,S31N:T71S:K74I:S75F,4,9.807823614760316,9.37935962458485
active,10,V83,45,I52S:T71S:K74I:S75F,4,9.803994915507012,9.41413825749977
active,10,V83,46,I52S:T57S:A58T:S75F:Y95F,5,9.80293533307713,9.57934864681809
active,10,V83,47,K74I:S75F:S84N:Y106S,4,9.800460747484202,9.47123610946826
active,10,V83,48,S75F:S84N:Y95F:Y106S,4,9.796852876454375,9.41618070517449
active,10,V83,49,S30N:N59A:T71S:K74I:S75F,5,9.794198269159626,9.52655856361535
active,10,V83,50,I52S:A58T:S75F:Y106S,4,9.793102263505624,9.45782977906594
active,20,B3,1,S31N:T57S:K74I:S75F,4,9.535444595631583,9.41710702866017
active,20,B3,2,S31N:T71S:K74I:S75F,4,9.519461134776035,9.37935962458485
active,20,B3,3,T57S:T71S:K74I:S75F,4,9.4843803044074,9.5070027219951
active,20,B3,4,S31N:T71S:K74I:S75F:T76S,5,9.433494304683869,9.50039080855885
active,20,B3,5,I52S:A58T:T71S:S75F,4,9.410767436981663,9.46781990478142
active,20,B3,6,I52S:T71S:K74I:S75F,4,9.401931221215513,9.41413825749977
active,20,B3,7,S30N:I52S:A58T:S75F,4,9.396604446849784,9.50930155868219
active,20,B3,8,S31N:T57S:K74I:S75F:T76S,5,9.396603527227162,9.46599372679872
active,20,B3,9,S31N:T57S:T71S:S75F,4,9.393733804721384,9.4042774901851
active,20,B3,10,S31N:I52S:A58T:S75F,4,9.39079975926672,9.40969869106159
active,20,B3,11,S31N:K74I:S75F:Y106S,4,9.390153435923564,9.54634147770866
active,20,B3,12,N59A:T71S:K74I:S75F,4,9.389636191525325,9.5339666335953
active,20,B3,13,I52S:A58T:N59A:S75F,4,9.382006303954096,9.44215995601779
active,20,B3,14,S30N:K74I:S75F:Y95F,4,9.381312673714277,9.50359668506999
active,20,B3,15,I52S:K74I:S75F:Y95F,4,9.372308923520968,9.43303965905298
active,20,B3,16,S31N:K74I:S75F:R87T,4,9.370616441103325,9.52439643799642
active,20,B3,17,T71S:K74I:S75F:Y106S,4,9.349940308234192,9.45181354098918
active,20,B3,18,K74I:S75F:T76S:R87T,4,9.34095719609978,9.47164420976294
active,20,B3,19,T57S:T71S:S75F:Y95F,4,9.333689151967397,9.55421956612016
active,20,B3,20,S31N:T71S:S75F:Y95F,4,9.33143394861682,9.4541471910069
active,20,B3,21,S31N:A58T:K74I:S75F,4,9.324528214111815,9.47537259196902
active,20,B3,22,I52S:T57S:A58T:K74I:S75F,5,9.3238569617876,9.50411551470317
active,20,B3,23,T57S:K74I:S75F:R87T,4,9.322975889523509,9.58040848158198
active,20,B3,24,I52S:T57S:S75F:Y95F,4,9.320381782022098,9.39775785536505
active,20,B3,25,S31N:T57S:S75F:R87T,4,9.317757637283757,9.44327536054441
active,20,B3,26,I52S:A58T:S75F:Y106S,4,9.311563004244745,9.45782977906594
active,20,B3,27,S31N:I52S:T57S:A58T:S75F,5,9.307326237804393,9.48960076931103
active,20,B3,28,I52S:K74I:S75F:Y106S,4,9.269446129046262,9.4425904669843
active,20,B3,29,A58T:K74I:S75F:T76S,4,9.26850164342516,9.47914558863843
active,20,B3,30,S30N:S31N:S75F:Y95F,4,9.268002794867671,9.52387810987739
active,20,B3,31,T57S:S75F:Y95F:Y106S,4,9.267764492466023,9.46287378583916
active,20,B3,32,S31N:N59A:K74I:S75F:Y95F,5,9.265202042110175,9.48713737626498
active,20,B3,33,I52S:T57S:A58T:S75F:Y95F,5,9.261639471583946,9.57934864681809
active,20,B3,34,I52S:A58T:T71S:K74I:S75F,5,9.251055668161555,9.5528506444559
active,20,B3,35,I52S:T71S:S75F:Y95F,4,9.249456349495718,9.45287882157921
active,20,B3,36,S30N:S31N:T71S:S75F,4,9.248338830237367,9.5353031851939
active,20,B3,37,S31N:N59A:S75F:Y95F,4,9.246530441822118,9.3467479382993
active,20,B3,38,S31N:I52S:T71S:K74I:S75F,5,9.24456905722843,9.369814324944
active,20,B3,39,S31N:I52S:S75F:Y95F,4,9.244509005806185,9.42216936226561
active,20,B3,40,S31N:S75F:T76S:R87T,4,9.23886078590587,9.39524745106129
active,20,B3,41,T57S:K74I:S75F:T76S:Y95F,5,9.238172838054789,9.56074868980528
active,20,B3,42,N59A:T71S:K74I:S75F:T76S,5,9.234611651859426,9.48402511522268
active,20,B3,43,I52S:T57S:N59A:S75F,4,9.234274328315198,9.40495229978651
active,20,B3,44,S31N:T57S:N59A:S75F,4,9.23231350163404,9.30088253298594
active,20,B3,45,S31N:I52S:T71S:S75F,4,9.229940896456126,9.38110699638271
active,20,B3,46,N59A:T71S:K74I:S75F:Y95F,5,9.22880926422495,9.55845995343157
active,20,B3,47,I52S:T57S:S75F:T76S,4,9.22865210135956,9.39524386844502
active,20,B3,48,T57S:N59A:S75F:Y95F,4,9.228117268736112,9.50194889997454
active,20,B3,49,S31N:T57S:T71S:S75F:Y95F,5,9.226393136255371,9.42935323069659
active,20,B3,50,T57S:T71S:S75F:Y106S,4,9.214152487840348,9.45474359589203
active,20,B5,1,F29S:I52S:S75F:S77N,4,10.192142765116133,9.48707976442327
active,20,B5,2,F29S:I52S:S75F:S84N,4,10.161580631913084,9.4928009883063
active,20,B5,3,T57S:K74I:S75F:R87T,4,10.121106393150214,9.58040848158198
active,20,B5,4,S75F:T76S:S77N:S84N,4,10.1120379059631,9.28449646556549
active,20,B5,5,S75F:S77N:S84N:Y95F,4,10.09660582779913,9.4488424268991
active,20,B5,6,I52S:A58T:N59A:S75F,4,10.089291016440086,9.44215995601779
active,20,B5,7,K74I:S75F:S77N:S84N,4,10.0715827214676,9.43384480612509
active,20,B5,8,S31N:I52S:A58T:S75F,4,10.071502042504624,9.40969869106159
active,20,B5,9,N59A:K74I:S75F:S77N,4,10.065092335876171,9.46726797648589
active,20,B5,10,F29S:I52S:S75F:T76S,4,10.060373509342853,9.50761623312279
active,20,B5,11,S31N:T57S:K74I:S75F,4,10.049705934255485,9.41710702866017
active,20,B5,12,I52S:T57S:A58T:K74I:S75F,5,10.033557000234463,9.50411551470317
active,20,B5,13,N59A:T71S:K74I:S75F,4,10.030350549405872,9.5339666335953
active,20,B5,14,I52S:K74I:S77N:S84N,4,10.021924909003149,9.18661898852123
active,20,B5,15,S31N:T71S:K74I:S75F,4,10.019762120427677,9.37935962458485
active,20,B5,16,I52S:A58T:T71S:S75F,4,10.018837871281091,9.46781990478142
active,20,B5,17,I52S:T57S:S75F:T76S,4,10.016786444856518,9.39524386844502
active,20,B5,18,S31N:K74I:S75F:R87T,4,10.014271243889986,9.52439643799642
active,20,B5,19,S31N:I52S:T57S:A58T:S75F,5,10.012504772056172,9.48960076931103
active,20,B5,20,I52S:S75F:T76S:R87T,4,10.008300065017169,9.46184679774283
active,20,B5,21,S31N:S75F:S77N:S84N,4,10.004331397419891,9.4058112200282
active,20,B5,22,S30N:S31N:S75F:S84N,4,10.002521741708168,9.43453073975817
active,20,B5,23,S30N:I52S:A58T:S75F,4,9.999796670155288,9.50930155868219
active,20,B5,24,I52S:K74I:S75F:Y95F,4,9.994335568963397,9.43303965905298
active,20,B5,25,K74I:S75F:S84N:Y95F,4,9.980294502259358,9.5085122251922
active,20,B5,26,S75F:T76S:S77N:R87T,4,9.977664309335838,9.2013919422022
active,20,B5,27,F29S:T57S:K74I:S75F,4,9.966385419143412,9.54631442943145
active,20,B5,28,F29S:S31N:I52S:S75F,4,9.96592283719458,9.46550311080998
active,20,B5,29,S30N:K74I:S75F:Y95F,4,9.96166806910656,9.50359668506999
active,20,B5,30,S75F:S77N:S84N:Y106S,4,9.961223392373268,9.41143175896584
active,20,B5,31,I52S:T71S:K74I:S75F,4,9.95881535383359,9.41413825749977
active,20,B5,32,K74I:S75F:S84N:R87T,4,9.958446437183705,9.41594314898876
active,20,B5,33,I52S:S75F:T76S:S77N,4,9.957764259305105,9.47178072863631
active,20,B5,34,I52S:T57S:A58T:S75F:Y95F,5,9.951735702824845,9.57934864681809
active,20,B5,35,T57S:S75F:S84N:Y106S,4,9.951460976702576,9.57602741758795
active,20,B5,36,T57S:T71S:K74I:S75F,4,9.950304212637608,9.5070027219951
active,20,B5,37,T71S:K74I:S75F:S84N,4,9.949799281132778,9.36820575114218
active,20,B5,38,I52S:A58T:T71S:K74I:S75F,5,9.948352623110967,9.5528506444559
active,20,B5,39,I52S:N59A:T71S:S75F,4,9.947670366494345,9.3976385847575
active,20,B5,40,K74I:S75F:T76S:R87T,4,9.946777977812715,9.47164420976294
active,20,B5,41,I52S:T57S:S75F:Y95F,4,9.946057916970306,9.39775785536505
active,20,B5,42,I52S:K74I:S75F:S77N,4,9.94353177575573,9.43196879451809
active,20,B5,43,S31N:T57S:K74I:S75F:T76S,5,9.940770939505102,9.46599372679872
active,20,B5,44,S31N:I52S:K74I:T76S,4,9.928763008478784,9.24569196476795
active,20,B5,45,I52S:A58T:K74I:S75F:Y95F,5,9.925777815853229,9.48938885791846
active,20,B5,46,I52S:A58T:N59A:K74I:S75F,5,9.924882742403955,9.4708380646481
active,20,B5,47,I52S:T57S:S75F:S84N,4,9.923147032111086,9.4073522288597
active,20,B5,48,S31N:I52S:S75F:R87T,4,9.922183243683437,9.34423886419698
active,20,B5,49,S31N:T71S:K74I:S75F:T76S,5,9.922125270447824,9.50039080855885
active,20,B5,50,S31N:T57S:T71S:S75F,4,9.92012450778014,9.4042774901851
active,20,V83,1,F29S:I52S:S75F:S77N,4,10.192142765116133,9.48707976442327
active,20,V83,2,F29S:I52S:S75F:S84N,4,10.161580631913084,9.4928009883063
active,20,V83,3,T57S:K74I:S75F:R87T,4,10.121106393150214,9.58040848158198
active,20,V83,4,S75F:T76S:S77N:S84N,4,10.1120379059631,9.28449646556549
active,20,V83,5,S75F:S77N:S84N:Y95F,4,10.09660582779913,9.4488424268991
active,20,V83,6,I52S:A58T:N59A:S75F,4,10.089291016440086,9.44215995601779
active,20,V83,7,K74I:S75F:S77N:S84N,4,10.0715827214676,9.43384480612509
active,20,V83,8,S31N:I52S:A58T:S75F,4,10.071502042504624,9.40969869106159
active,20,V83,9,N59A:K74I:S75F:S77N,4,10.065092335876171,9.46726797648589
active,20,V83,10,F29S:I52S:S75F:T76S,4,10.060373509342853,9.50761623312279
active,20,V83,11,S31N:T57S:K74I:S75F,4,10.049705934255485,9.41710702866017
active,20,V83,12,I52S:T57S:A58T:K74I:S75F,5,10.033557000234463,9.50411551470317
active,20,V83,13,N59A:T71S:K74I:S75F,4,10.030350549405872,9.5339666335953
active,20,V83,14,I52S:K74I:S77N:S84N,4,10.021924909003149,9.18661898852123
active,20,V83,15,S31N:T71S:K74I:S75F,4,10.019762120427677,9.37935962458485
active,20,V83,16,I52S:A58T:T71S:S75F,4,10.018837871281091,9.46781990478142
active,20,V83,17,I52S:T57S:S75F:T76S,4,10.016786444856518,9.39524386844502
active,20,V83,18,S31N:K74I:S75F:R87T,4,10.014271243889986,9.52439643799642
active,20,V83,19,S31N:I52S:T57S:A58T:S75F,5,10.012504772056172,9.48960076931103
active,20,V83,20,I52S:S75F:T76S:R87T,4,10.008300065017169,9.46184679774283
active,20,V83,21,S31N:S75F:S77N:S84N,4,10.004331397419891,9.4058112200282
active,20,V83,22,S30N:S31N:S75F:S84N,4,10.002521741708168,9.43453073975817
active,20,V83,23,S30N:I52S:A58T:S75F,4,9.999796670155288,9.50930155868219
active,20,V83,24,I52S:K74I:S75F:Y95F,4,9.994335568963397,9.43303965905298
active,20,V83,25,K74I:S75F:S84N:Y95F,4,9.980294502259358,9.5085122251922
active,20,V83,26,S75F:T76S:S77N:R87T,4,9.977664309335838,9.2013919422022
active,20,V83,27,F29S:T57S:K74I:S75F,4,9.966385419143412,9.54631442943145
active,20,V83,28,F29S:S31N:I52S:S75F,4,9.96592283719458,9.46550311080998
active,20,V83,29,S30N:K74I:S75F:Y95F,4,9.96166806910656,9.50359668506999
active,20,V83,30,S75F:S77N:S84N:Y106S,4,9.961223392373268,9.41143175896584
active,20,V83,31,I52S:T71S:K74I:S75F,4,9.95881535383359,9.41413825749977
active,20,V83,32,K74I:S75F:S84N:R87T,4,9.958446437183705,9.41594314898876
active,20,V83,33,I52S:S75F:T76S:S77N,4,9.957764259305105,9.47178072863631
active,20,V83,34,I52S:T57S:A58T:S75F:Y95F,5,9.951735702824845,9.57934864681809
active,20,V83,35,T57S:S75F:S84N:Y106S,4,9.951460976702576,9.57602741758795
active,20,V83,36,T57S:T71S:K74I:S75F,4,9.950304212637608,9.5070027219951
active,20,V83,37,T71S:K74I:S75F:S84N,4,9.949799281132778,9.36820575114218
active,20,V83,38,I52S:A58T:T71S:K74I:S75F,5,9.948352623110967,9.5528506444559
active,20,V83,39,I52S:N59A:T71S:S75F,4,9.947670366494345,9.3976385847575
active,20,V83,40,K74I:S75F:T76S:R87T,4,9.946777977812715,9.47164420976294
active,20,V83,41,I52S:T57S:S75F:Y95F,4,9.946057916970306,9.39775785536505
active,20,V83,42,I52S:K74I:S75F:S77N,4,9.94353177575573,9.43196879451809
active,20,V83,43,S31N:T57S:K74I:S75F:T76S,5,9.940770939505102,9.46599372679872
active,20,V83,44,S31N:I52S:K74I:T76S,4,9.928763008478784,9.24569196476795
active,20,V83,45,I52S:A58T:K74I:S75F:Y95F,5,9.925777815853229,9.48938885791846
active,20,V83,46,I52S:A58T:N59A:K74I:S75F,5,9.924882742403955,9.4708380646481
active,20,V83,47,I52S:T57S:S75F:S84N,4,9.923147032111086,9.4073522288597
active,20,V83,48,S31N:I52S:S75F:R87T,4,9.922183243683437,9.34423886419698
active,20,V83,49,S31N:T71S:K74I:S75F:T76S,5,9.922125270447824,9.50039080855885
active,20,V83,50,S31N:T57S:T71S:S75F,4,9.92012450778014,9.4042774901851
active,40,B3,1,I52S:T71S:K74I:S75F,4,9.722264182728017,9.41413825749977
active,40,B3,2,I52S:K74I:S75F:Y95F,4,9.68206091590348,9.43303965905298
active,40,B3,3,I52S:K74I:S75F:S77N,4,9.63629127694342,9.43196879451809
active,40,B3,4,S31N:I52S:K74I:S75F:T76S,5,9.54114845366001,9.4377858549573
active,40,B3,5,S31N:K74I:S75F:R87T,4,9.528950475335346,9.52439643799642
active,40,B3,6,I52S:T71S:K74I:S75F:T76S,5,9.526485227402429,9.46468514406023
active,40,B3,7,I52S:T57S:A58T:K74I:S75F,5,9.52126248851292,9.50411551470317
active,40,B3,8,S31N:I52S:T71S:K74I:S75F,5,9.518158259444125,9.369814324944
active,40,B3,9,I52S:K74I:S75F:Y106S,4,9.516538547331937,9.4425904669843
active,40,B3,10,K74I:S75F:T76S:R87T,4,9.508262090483738,9.47164420976294
active,40,B3,11,S31N:T57S:K74I:S75F,4,9.506608946898105,9.41710702866017
active,40,B3,12,S31N:T71S:K74I:S75F,4,9.50322478171385,9.37935962458485
active,40,B3,13,I52S:A58T:T71S:K74I:S75F,5,9.50000722753296,9.5528506444559
active,40,B3,14,S31N:I52S:K74I:S75F:R87T,5,9.499578637284516,9.40027222314205
active,40,B3,15,S31N:K74I:S75F:S77N,4,9.478413397110767,9.38886272294131
active,40,B3,16,S30N:S31N:I52S:K74I:S75F,5,9.474022630165868,9.39139087708071
active,40,B3,17,S30N:K74I:S75F:Y95F,4,9.460199196650407,9.50359668506999
active,40,B3,18,I52S:K74I:S75F:T76S:R87T,5,9.446507751029744,9.44538119657374
active,40,B3,19,I52S:K74I:S75F:T76S:Y95F,5,9.444354197476711,9.40200685763068
active,40,B3,20,S30N:I52S:A58T:K74I:S75F,5,9.44237310301003,9.48769552004718
active,40,B3,21,S30N:I52S:T71S:K74I:S75F,5,9.441516669002649,9.40942019974806
active,40,B3,22,I52S:T57S:K74I:S75F:T76S,5,9.435188552786778,9.38360330106869
active,40,B3,23,I52S:T57S:K74I:S75F:R87T,5,9.433843367675076,9.47155196176
active,40,B3,24,T57S:K74I:S75F:R87T,4,9.430246541360216,9.58040848158198
active,40,B3,25,I52S:A58T:T71S:S75F,4,9.428980017080878,9.46781990478142
active,40,B3,26,T71S:K74I:S75F:S84N,4,9.427794757697018,9.36820575114218
active,40,B3,27,K74I:S75F:S84N:R87T,4,9.427034908839229,9.41594314898876
active,40,B3,28,I52S:A58T:K74I:S75F:Y95F,5,9.419761778704755,9.48938885791846
active,40,B3,29,S30N:I52S:K74I:S75F:T76S,5,9.418791428812655,9.40626211922647
active,40,B3,30,I52S:K74I:S75F:R87T:Y95F,5,9.418024742001624,9.41134399801726
active,40,B3,31,T57S:T71S:K74I:S75F,4,9.416023477972567,9.5070027219951
active,40,B3,32,I52S:A58T:K74I:S75F:S77N,5,9.412766291743802,9.48309718987226
active,40,B3,33,I52S:A58T:K74I:S75F:R87T,5,9.406996882138271,9.52173312337524
active,40,B3,34,S31N:K74I:S75F:Y106S,4,9.406069809660808,9.54634147770866
active,40,B3,35,F29S:I52S:K74I:S75F:R87T,5,9.401216365155856,9.51303872847957
active,40,B3,36,K74I:S75F:S77N:S84N,4,9.391786172223036,9.43384480612509
active,40,B3,37,K74I:S75F:S77N:R87T,4,9.389897978235227,9.45004191887323
active,40,B3,38,S31N:I52S:A58T:S75F,4,9.3884952068212,9.40969869106159
active,40,B3,39,K74I:S75F:S84N:Y95F,4,9.385121274466128,9.5085122251922
active,40,B3,40,S30N:I52S:K74I:S75F:S77N,5,9.377564140870044,9.4199500626905
active,40,B3,41,S30N:I52S:A58T:S75F,4,9.375148029365263,9.50930155868219
active,40,B3,42,I52S:N59A:K74I:S75F:T76S,5,9.374022126031816,9.47855331540935
active,40,B3,43,F29S:S31N:K74I:S75F,4,9.373016005961642,9.33268734390256
active,40,B3,44,S30N:I52S:K74I:S75F:S84N,5,9.365333104520529,9.4429009909838
active,40,B3,45,S31N:T71S:K74I:S75F:T76S,5,9.360010542091318,9.50039080855885
active,40,B3,46,I52S:K74I:S75F:S84N:R87T,5,9.356676266937782,9.40896651776656
active,40,B3,47,K74I:S75F:S84N:Y106S,4,9.3483465346953,9.47123610946826
active,40,B3,48,T71S:K74I:S75F:Y106S,4,9.323078810119725,9.45181354098918
active,40,B3,49,I52S:A58T:N59A:K74I:S75F,5,9.315417305457842,9.4708380646481
active,40,B3,50,S30N:S31N:K74I:S75F:R87T,5,9.314030683138975,9.57206699216608
active,40,B5,1,I52S:A58T:N59A:S75F,4,10.051637372365546,9.44215995601779
active,40,B5,2,I52S:T57S:A58T:K74I:S75F,5,10.033492188336831,9.50411551470317
active,40,B5,3,I52S:A58T:T71S:S75F,4,10.023986530872032,9.46781990478142
active,40,B5,4,I52S:A58T:T71S:K74I:S75F,5,10.00889373365356,9.5528506444559
active,40,B5,5,S30N:I52S:A58T:S75F,4,9.97593317232016,9.50930155868219
active,40,B5,6,I52S:A58T:K74I:S75F:Y95F,5,9.963187868730529,9.48938885791846
active,40,B5,7,T57S:S75F:Y95F:Y106S,4,9.95209113793882,9.46287378583916
active,40,B5,8,I52S:T57S:N59A:S75F,4,9.94831384652789,9.40495229978651
active,40,B5,9,S30N:I52S:A58T:K74I:S75F,5,9.94705114283274,9.48769552004718
active,40,B5,10,I52S:A58T:N59A:K74I:S75F,5,9.946994716568096,9.4708380646481
active,40,B5,11,I52S:N59A:T71S:S75F,4,9.942761506793238,9.3976385847575
active,40,B5,12,F29S:I52S:K74I:S75F:R87T,5,9.940506273364518,9.51303872847957
active,40,B5,13,N59A:T71S:K74I:S75F,4,9.939672024591456,9.5339666335953
active,40,B5,14,S31N:T57S:T71S:S75F,4,9.933600509820092,9.4042774901851
active,40,B5,15,S31N:I52S:A58T:S75F,4,9.932747576717086,9.40969869106159
active,40,B5,16,I52S:A58T:S75F:Y106S,4,9.93148138768382,9.45782977906594
active,40,B5,17,S30N:K74I:S75F:Y95F,4,9.921283188011015,9.50359668506999
active,40,B5,18,I52S:A58T:K74I:S75F:R87T,5,9.915737021938009,9.52173312337524
active,40,B5,19,I52S:T71S:K74I:S75F:T76S,5,9.915219029599545,9.46468514406023
active,40,B5,20,I52S:A58T:K74I:S75F:S77N,5,9.914806523011409,9.48309718987226
active,40,B5,21,S30N:S75F:R87T:Y95F,4,9.913102532399504,9.44830574943931
active,40,B5,22,T57S:A58T:S75F:R87T,4,9.911282571639166,9.45071984224526
active,40,B5,23,T57S:T71S:S75F:Y106S,4,9.907766493011138,9.45474359589203
active,40,B5,24,T57S:K74I:S75F:R87T,4,9.89977458408976,9.58040848158198
active,40,B5,25,T57S:N59A:S75F:R87T,4,9.898052738368516,9.38893647452696
active,40,B5,26,S30N:A58T:S75F:Y95F,4,9.896689826213754,9.47447100492154
active,40,B5,27,I52S:T57S:A58T:S75F:Y95F,5,9.894844028122726,9.57934864681809
active,40,B5,28,I52S:N59A:K74I:S75F:T76S,5,9.891572205790576,9.47855331540935
active,40,B5,29,S31N:T57S:S75F:R87T,4,9.887038397829546,9.44327536054441
active,40,B5,30,T57S:T71S:K74I:S75F,4,9.885887351348371,9.5070027219951
active,40,B5,31,S31N:I52S:T71S:K74I:S75F,5,9.87938042437088,9.369814324944
active,40,B5,32,N59A:K74I:S75F:S77N,4,9.878371181585106,9.46726797648589
active,40,B5,33,S31N:I52S:T57S:A58T:S75F,5,9.87817743780084,9.48960076931103
active,40,B5,34,S31N:I52S:N59A:S75F,4,9.877481328565535,9.41115481641633
active,40,B5,35,S30N:S31N:S75F:Y95F,4,9.872133650782189,9.52387810987739
active,40,B5,36,S31N:T57S:N59A:S75F,4,9.869927110465182,9.30088253298594
active,40,B5,37,I52S:T71S:S75F:Y95F,4,9.869134984787305,9.45287882157921
active,40,B5,38,S31N:I52S:K74I:S75F:T76S,5,9.868616644529734,9.4377858549573
active,40,B5,39,A58T:S75F:S77N:Y95F,4,9.868399077342,9.41574594437343
active,40,B5,40,F29S:I52S:S75F:S77N,4,9.868321867173895,9.48707976442327
active,40,B5,41,I52S:T57S:N59A:K74I:S75F,5,9.866640784145526,9.43557490684999
active,40,B5,42,S75F:S77N:S84N:Y106S,4,9.866453804737136,9.41143175896584
active,40,B5,43,S30N:A58T:S75F:R87T,4,9.866212215881731,9.42360124639196
active,40,B5,44,F29S:I52S:S75F:T76S,4,9.86270186347931,9.50761623312279
active,40,B5,45,S31N:T71S:K74I:S75F:T76S,5,9.86247739947052,9.50039080855885
active,40,B5,46,S30N:A58T:T71S:S75F,4,9.860668814198805,9.44296283114471
active,40,B5,47,T57S:N59A:S75F:Y95F,4,9.860351973708578,9.50194889997454
active,40,B5,48,S30N:S75F:T76S:R87T,4,9.858905609517748,9.50911741169469
active,40,B5,49,S75F:S77N:S84N:Y95F,4,9.858890091787346,9.4488424268991
active,40,B5,50,T57S:N59A:T71S:S75F,4,9.85830187062809,9.37546440878427
active,40,V83,1,I52S:T71S:K74I:S75F,4,9.722264182728017,9.41413825749977
active,40,V83,2,I52S:K74I:S75F:Y95F,4,9.68206091590348,9.43303965905298
active,40,V83,3,I52S:K74I:S75F:S77N,4,9.63629127694342,9.43196879451809
active,40,V83,4,S31N:I52S:K74I:S75F:T76S,5,9.54114845366001,9.4377858549573
active,40,V83,5,S31N:K74I:S75F:R87T,4,9.528950475335346,9.52439643799642
active,40,V83,6,I52S:T71S:K74I:S75F:T76S,5,9.526485227402429,9.46468514406023
active,40,V83,7,I52S:T57S:A58T:K74I:S75F,5,9.52126248851292,9.50411551470317
active,40,V83,8,S31N:I52S:T71S:K74I:S75F,5,9.518158259444125,9.369814324944
active,40,V83,9,I52S:K74I:S75F:Y106S,4,9.516538547331937,9.4425904669843
active,40,V83,10,K74I:S75F:T76S:R87T,4,9.508262090483738,9.47164420976294
active,40,V83,11,S31N:T57S:K74I:S75F,4,9.506608946898105,9.41710702866017
active,40,V83,12,S31N:T71S:K74I:S75F,4,9.50322478171385,9.37935962458485
active,40,V83,13,I52S:A58T:T71S:K74I:S75F,5,9.50000722753296,9.5528506444559
active,40,V83,14,S31N:I52S:K74I:S75F:R87T,5,9.499578637284516,9.40027222314205
active,40,V83,15,S31N:K74I:S75F:S77N,4,9.478413397110767,9.38886272294131
active,40,V83,16,S30N:S31N:I52S:K74I:S75F,5,9.474022630165868,9.39139087708071
active,40,V83,17,S30N:K74I:S75F:Y95F,4,9.460199196650407,9.50359668506999
active,40,V83,18,I52S:K74I:S75F:T76S:R87T,5,9.446507751029744,9.44538119657374
active,40,V83,19,I52S:K74I:S75F:T76S:Y95F,5,9.444354197476711,9.40200685763068
active,40,V83,20,S30N:I52S:A58T:K74I:S75F,5,9.44237310301003,9.48769552004718
active,40,V83,21,S30N:I52S:T71S:K74I:S75F,5,9.441516669002649,9.40942019974806
active,40,V83,22,I52S:T57S:K74I:S75F:T76S,5,9.435188552786778,9.38360330106869
active,40,V83,23,I52S:T57S:K74I:S75F:R87T,5,9.433843367675076,9.47155196176
active,40,V83,24,T57S:K74I:S75F:R87T,4,9.430246541360216,9.58040848158198
active,40,V83,25,I52S:A58T:T71S:S75F,4,9.428980017080878,9.46781990478142
active,40,V83,26,T71S:K74I:S75F:S84N,4,9.427794757697018,9.36820575114218
active,40,V83,27,K74I:S75F:S84N:R87T,4,9.427034908839229,9.41594314898876
active,40,V83,28,I52S:A58T:K74I:S75F:Y95F,5,9.419761778704755,9.48938885791846
active,40,V83,29,S30N:I52S:K74I:S75F:T76S,5,9.418791428812655,9.40626211922647
active,40,V83,30,I52S:K74I:S75F:R87T:Y95F,5,9.418024742001624,9.41134399801726
active,40,V83,31,T57S:T71S:K74I:S75F,4,9.416023477972567,9.5070027219951
active,40,V83,32,I52S:A58T:K74I:S75F:S77N,5,9.412766291743802,9.48309718987226
active,40,V83,33,I52S:A58T:K74I:S75F:R87T,5,9.406996882138271,9.52173312337524
active,40,V83,34,S31N:K74I:S75F:Y106S,4,9.406069809660808,9.54634147770866
active,40,V83,35,F29S:I52S:K74I:S75F:R87T,5,9.401216365155856,9.51303872847957
active,40,V83,36,K74I:S75F:S77N:S84N,4,9.391786172223036,9.43384480612509
active,40,V83,37,K74I:S75F:S77N:R87T,4,9.389897978235227,9.45004191887323
active,40,V83,38,S31N:I52S:A58T:S75F,4,9.3884952068212,9.40969869106159
active,40,V83,39,K74I:S75F:S84N:Y95F,4,9.385121274466128,9.5085122251922
active,40,V83,40,S30N:I52S:K74I:S75F:S77N,5,9.377564140870044,9.4199500626905
active,40,V83,41,S30N:I52S:A58T:S75F,4,9.375148029365263,9.50930155868219
active,40,V83,42,I52S:N59A:K74I:S75F:T76S,5,9.374022126031816,9.47855331540935
active,40,V83,43,F29S:S31N:K74I:S75F,4,9.373016005961642,9.33268734390256
active,40,V83,44,S30N:I52S:K74I:S75F:S84N,5,9.365333104520529,9.4429009909838
active,40,V83,45,S31N:T71S:K74I:S75F:T76S,5,9.360010542091318,9.50039080855885
active,40,V83,46,I52S:K74I:S75F:S84N:R87T,5,9.356676266937782,9.40896651776656
active,40,V83,47,K74I:S75F:S84N:Y106S,4,9.3483465346953,9.47123610946826
active,40,V83,48,T71S:K74I:S75F:Y106S,4,9.323078810119725,9.45181354098918
active,40,V83,49,I52S:A58T:N59A:K74I:S75F,5,9.315417305457842,9.4708380646481
active,40,V83,50,S30N:S31N:K74I:S75F:R87T,5,9.314030683138975,9.57206699216608
