arm,rank,candidate_id,predicted_score,true_score
B2_ADDITIVE,1,X1W:X2W:X3G:X4A,0.8885175954042702,2.60823696185
B2_ADDITIVE,2,X1Y:X2W:X3G:X4A,0.8484090498361788,1.95862798675
B2_ADDITIVE,3,X1W:X2H:X3G:X4A,0.8460096889911362,2.00725736376
B2_ADDITIVE,4,X1L:X2H:X3G:X4A,0.8407061818513418,3.31082193929
B2_ADDITIVE,5,X1Y:X2W:X3G:X4G,0.8331417269066045,0.216640719731
B2_ADDITIVE,6,X1W:X2I:X3G:X4A,0.8324068185171354,1.22656057209
B2_ADDITIVE,7,X1W:X2R:X3G:X4A,0.8286397231338023,1.63986812472
B2_ADDITIVE,8,X1F:X2H:X3G:X4A,0.8225689401101125,4.14772078849
B2_ADDITIVE,9,X1W:X2V:X3G:X4G,0.8153320035991295,0.628938561476
B2_ADDITIVE,10,X1Y:X2Y:X3G:X4A,0.8130705224528539,3.17767257048
B2_ADDITIVE,11,X1L:X2N:X3G:X4A,0.8116022319330729,2.55322335565
B2_ADDITIVE,12,X1M:X2W:X3G:X4G,0.8086560162526466,0.258976379349
B2_ADDITIVE,13,X1V:X2H:X3G:X4A,0.8074544982120682,2.7888749214
B2_ADDITIVE,14,X1F:X2H:X3G:X4G,0.8073016171805382,2.19266667849
B2_ADDITIVE,15,X1F:X2R:X3G:X4A,0.8051989742527786,3.62904743872
B2_ADDITIVE,16,X1W:X2C:X3G:X4A,0.8048623963549808,1.30685841688
B2_ADDITIVE,17,X1I:X2H:X3G:X4A,0.8010904875468069,2.42935851199
B2_ADDITIVE,18,X1W:X2A:X3G:X4G,0.8007114747222971,0.814712712726
B2_ADDITIVE,19,X1L:X2C:X3G:X4A,0.7995588892151865,1.52777328151
B2_ADDITIVE,20,X1W:X2K:X3G:X4A,0.7958382536171216,1.15549702684
B2_ADDITIVE,21,X1A:X2W:X3G:X4A,0.7950821121228846,0.158679825417
B2_ADDITIVE,22,X1W:X2F:X3G:X4G,0.7949201583745827,0.595584307197
B2_ADDITIVE,23,X1F:X2I:X3G:X4G,0.7936987467065373,1.33803552058
B2_ADDITIVE,24,X1F:X2N:X3G:X4A,0.7934649901918435,3.26153887436
B2_ADDITIVE,25,X1Y:X2I:X3G:X4A,0.7922982729490439,3.36281369245
B2_ADDITIVE,26,X1V:X2H:X3G:X4G,0.7921871752824938,1.56704167512
B2_ADDITIVE,27,X1V:X2V:X3G:X4A,0.7920441357496358,1.76143517681
B2_ADDITIVE,28,X1F:X2V:X3G:X4G,0.7918912547181057,1.41740238859
B2_ADDITIVE,29,X1F:X2R:X3G:X4G,0.7899316513232043,1.22801038622
B2_ADDITIVE,30,X1L:X2F:X3G:X4G,0.7896166512347884,0.675820071
B2_ADDITIVE,31,X1W:X2C:X3G:X4G,0.7895950734254065,0.58943997493
B2_ADDITIVE,32,X1I:X2I:X3G:X4A,0.787487617072806,2.09020983699
B2_ADDITIVE,33,X1W:X2K:X3G:X4G,0.7805709306875472,0.444763082665
B2_ADDITIVE,34,X1W:X2W:X3C:X4A,0.775170745516848,7.28233277004
B2_ADDITIVE,35,X1M:X2Y:X3G:X4G,0.7733174888693217,0.380756364561
B2_ADDITIVE,36,X1V:X2S:X3G:X4A,0.7730516260147431,2.08726940714
B2_ADDITIVE,37,X1I:X2N:X3G:X4A,0.7719865376285379,2.83147206953
B2_ADDITIVE,38,X1I:X2S:X3G:X4A,0.7666876153494818,1.99953116735
B2_ADDITIVE,39,X1C:X2W:X3G:X4G,0.7665517925232254,0.232375001253
B2_ADDITIVE,40,X1V:X2C:X3G:X4A,0.7663072055759128,1.45247248726
B2_ADDITIVE,41,X1F:X2C:X3G:X4G,0.7661543245443828,0.879350699186
B2_ADDITIVE,42,X1Y:X2C:X3G:X4A,0.7647538507868894,2.56198235845
B2_ADDITIVE,43,X1V:X2A:X3G:X4G,0.7621562839432291,0.56545120425
B2_ADDITIVE,44,X1I:X2C:X3G:X4A,0.7599431949106515,1.63828570891
B2_ADDITIVE,45,X1F:X2Q:X3G:X4A,0.7591292777188818,1.7646039421
B2_ADDITIVE,46,X1V:X2F:X3G:X4G,0.7563649675955146,0.819555364906
B2_ADDITIVE,47,X1Y:X2S:X3G:X4G,0.7562309482961453,0.210389073982
B2_ADDITIVE,48,X1I:X2A:X3G:X4G,0.7557922732779678,0.651184198913
B2_ADDITIVE,49,X1Y:X2K:X3G:X4A,0.7557297080490302,2.51855968741
B2_ADDITIVE,50,X1Y:X2F:X3G:X4G,0.7548116128064912,0.16772263772
B3_RAW_PAIR,1,X1L:X2R:X3C:X4A,3.4568366105961377,5.89092667847
B3_RAW_PAIR,2,X1W:X2W:X3C:X4A,3.36920055691894,7.28233277004
B3_RAW_PAIR,3,X1Y:X2H:X3C:X4A,3.119603843184708,4.6492942959
B3_RAW_PAIR,4,X1Y:X2I:X3C:X4A,3.1156635824467473,5.08124399565
B3_RAW_PAIR,5,X1W:X2K:X3C:X4A,3.103470730246789,4.18344272616
B3_RAW_PAIR,6,X1L:X2C:X3C:X4A,3.1025823551280753,2.8429790766
B3_RAW_PAIR,7,X1L:X2D:X3C:X4A,3.085390155509901,4.16358096915
B3_RAW_PAIR,8,X1I:X2W:X3C:X4A,3.0325490190305633,6.00762683594
B3_RAW_PAIR,9,X1M:X2V:X3C:X4A,3.030067848442182,3.2766157529
B3_RAW_PAIR,10,X1M:X2I:X3C:X4A,2.9882347364233857,3.62007097661
B3_RAW_PAIR,11,X1M:X2H:X3C:X4A,2.9856313530057417,3.73106991259
B3_RAW_PAIR,12,X1M:X2W:X3C:X4A,2.9628515548296983,5.8066548041
B3_RAW_PAIR,13,X1V:X2H:X3C:X4A,2.962845604769121,5.06357347363
B3_RAW_PAIR,14,X1V:X2N:X3C:X4A,2.940946538723492,5.43037947261
B3_RAW_PAIR,15,X1I:X2Y:X3C:X4A,2.9336470392945424,5.07326765846
B3_RAW_PAIR,16,X1I:X2A:X3C:X4A,2.8952586712506,5.17424227596
B3_RAW_PAIR,17,X1V:X2R:X3C:X4A,2.888756920737902,4.79762715806
B3_RAW_PAIR,18,X1W:X2H:X3L:X4G,2.8840122689539776,4.09325119968
B3_RAW_PAIR,19,X1Y:X2K:X3C:X4A,2.8447005213261045,3.75885716312
B3_RAW_PAIR,20,X1F:X2K:X3C:X4A,2.8009441712558814,3.22544446184
B3_RAW_PAIR,21,X1F:X2I:X3L:X4G,2.767871714196234,4.26486931063
B3_RAW_PAIR,22,X1M:X2K:X3C:X4A,2.7658453972716464,3.93882315049
B3_RAW_PAIR,23,X1W:X2Y:X3L:X4G,2.73614869047877,4.25360059199
B3_RAW_PAIR,24,X1F:X2F:X3C:X4A,2.7122520952442866,4.35487965311
B3_RAW_PAIR,25,X1I:X2H:X3A:X4A,2.710121646334436,4.7131222101
B3_RAW_PAIR,26,X1I:X2W:X3A:X4A,2.690601344301572,6.04207763853
B3_RAW_PAIR,27,X1V:X2W:X3A:X4A,2.6886044776540516,6.12380479492
B3_RAW_PAIR,28,X1V:X2K:X3C:X4A,2.678721458111924,3.99710559096
B3_RAW_PAIR,29,X1M:X2Q:X3C:X4A,2.654034947967576,3.22443230905
B3_RAW_PAIR,30,X1M:X2C:X3C:X4A,2.6506585432475505,1.76843950135
B3_RAW_PAIR,31,X1F:X2V:X3L:X4G,2.6470423677611175,3.98568828501
B3_RAW_PAIR,32,X1W:X2A:X3F:X4G,2.6326559366649374,4.87690007344
B3_RAW_PAIR,33,X1I:X2R:X3A:X4A,2.625431826051619,5.49647079356
B3_RAW_PAIR,34,X1W:X2H:X3F:X4G,2.620321375228523,4.23287714147
B3_RAW_PAIR,35,X1L:X2V:X3A:X4A,2.6132253847972837,3.97293100234
B3_RAW_PAIR,36,X1Y:X2V:X3L:X4G,2.5985241885022328,4.09202971284
B3_RAW_PAIR,37,X1Y:X2R:X3L:X4G,2.5725111817414934,4.72770042918
B3_RAW_PAIR,38,X1V:X2D:X3C:X4A,2.570497556253412,3.68714212514
B3_RAW_PAIR,39,X1Y:X2L:X3C:X4A,2.5643707544625616,2.6292659875
B3_RAW_PAIR,40,X1V:X2F:X3C:X4A,2.549763013527158,4.04086954162
B3_RAW_PAIR,41,X1E:X2H:X3C:X4A,2.5482657172719017,3.31318384139
B3_RAW_PAIR,42,X1F:X2S:X3A:X4A,2.5411520783302297,4.27796050417
B3_RAW_PAIR,43,X1V:X2Q:X3C:X4A,2.535385183884514,3.35940674594
B3_RAW_PAIR,44,X1E:X2I:X3C:X4A,2.5296572069127174,3.90866668774
B3_RAW_PAIR,45,X1L:X2S:X3L:X4G,2.5282761979386215,4.34609616378
B3_RAW_PAIR,46,X1E:X2S:X3C:X4A,2.5230828736627533,4.55338445277
B3_RAW_PAIR,47,X1W:X2N:X3F:X4G,2.514992091736546,4.21917728933
B3_RAW_PAIR,48,X1L:X2A:X3A:X4A,2.5141503088000587,4.38699321063
B3_RAW_PAIR,49,X1F:X2L:X3C:X4A,2.507964179206334,1.9971422613
B3_RAW_PAIR,50,X1L:X2K:X3L:X4G,2.5002748054439943,4.07658434106
B4_CROSSFIT_TRIPLET,1,X1L:X2R:X3C:X4A,3.8351641363975304,5.89092667847
B4_CROSSFIT_TRIPLET,2,X1W:X2W:X3C:X4A,3.768597784043237,7.28233277004
B4_CROSSFIT_TRIPLET,3,X1Y:X2H:X3C:X4A,3.5120559401877642,4.6492942959
B4_CROSSFIT_TRIPLET,4,X1Y:X2I:X3C:X4A,3.4866470988932816,5.08124399565
B4_CROSSFIT_TRIPLET,5,X1V:X2N:X3C:X4A,3.484237211535093,5.43037947261
B4_CROSSFIT_TRIPLET,6,X1M:X2W:X3C:X4A,3.443464459596757,5.8066548041
B4_CROSSFIT_TRIPLET,7,X1I:X2W:X3C:X4A,3.401738643951479,6.00762683594
B4_CROSSFIT_TRIPLET,8,X1M:X2H:X3C:X4A,3.371948632521579,3.73106991259
B4_CROSSFIT_TRIPLET,9,X1V:X2H:X3C:X4A,3.366148038796148,5.06357347363
B4_CROSSFIT_TRIPLET,10,X1M:X2V:X3C:X4A,3.364896150835686,3.2766157529
B4_CROSSFIT_TRIPLET,11,X1W:X2K:X3C:X4A,3.3408873805558077,4.18344272616
B4_CROSSFIT_TRIPLET,12,X1L:X2D:X3C:X4A,3.33897228946045,4.16358096915
B4_CROSSFIT_TRIPLET,13,X1I:X2A:X3C:X4A,3.332783577867794,5.17424227596
B4_CROSSFIT_TRIPLET,14,X1M:X2I:X3C:X4A,3.3306574665760458,3.62007097661
B4_CROSSFIT_TRIPLET,15,X1F:X2I:X3L:X4G,3.249337279154699,4.26486931063
B4_CROSSFIT_TRIPLET,16,X1I:X2Y:X3C:X4A,3.2465906111815936,5.07326765846
B4_CROSSFIT_TRIPLET,17,X1V:X2R:X3C:X4A,3.2273950733214294,4.79762715806
B4_CROSSFIT_TRIPLET,18,X1W:X2H:X3L:X4G,3.2250494002271948,4.09325119968
B4_CROSSFIT_TRIPLET,19,X1I:X2H:X3A:X4A,3.2116041798682624,4.7131222101
B4_CROSSFIT_TRIPLET,20,X1L:X2C:X3C:X4A,3.2083422158563613,2.8429790766
B4_CROSSFIT_TRIPLET,21,X1V:X2W:X3A:X4A,3.173585442089589,6.12380479492
B4_CROSSFIT_TRIPLET,22,X1I:X2R:X3A:X4A,3.157724610335322,5.49647079356
B4_CROSSFIT_TRIPLET,23,X1W:X2A:X3F:X4G,3.0850439864939667,4.87690007344
B4_CROSSFIT_TRIPLET,24,X1I:X2W:X3A:X4A,3.0786889954258743,6.04207763853
B4_CROSSFIT_TRIPLET,25,X1M:X2K:X3C:X4A,3.0411072637844043,3.93882315049
B4_CROSSFIT_TRIPLET,26,X1W:X2Y:X3L:X4G,3.0334444032734567,4.25360059199
B4_CROSSFIT_TRIPLET,27,X1W:X2H:X3F:X4G,2.9978978235474765,4.23287714147
B4_CROSSFIT_TRIPLET,28,X1Y:X2K:X3C:X4A,2.9974479741388924,3.75885716312
B4_CROSSFIT_TRIPLET,29,X1W:X2C:X3F:X4G,2.9437536883199362,4.69565022165
B4_CROSSFIT_TRIPLET,30,X1F:X2V:X3L:X4G,2.9437433856514565,3.98568828501
B4_CROSSFIT_TRIPLET,31,X1F:X2S:X3A:X4A,2.943038691445273,4.27796050417
B4_CROSSFIT_TRIPLET,32,X1V:X2K:X3C:X4A,2.931252684601214,3.99710559096
B4_CROSSFIT_TRIPLET,33,X1L:X2V:X3A:X4A,2.9065195032181967,3.97293100234
B4_CROSSFIT_TRIPLET,34,X1F:X2K:X3C:X4A,2.8943693319272477,3.22544446184
B4_CROSSFIT_TRIPLET,35,X1E:X2S:X3C:X4A,2.891022362621107,4.55338445277
B4_CROSSFIT_TRIPLET,36,X1Y:X2V:X3L:X4G,2.87895517738609,4.09202971284
B4_CROSSFIT_TRIPLET,37,X1W:X2N:X3F:X4G,2.8686261230790544,4.21917728933
B4_CROSSFIT_TRIPLET,38,X1Y:X2R:X3L:X4G,2.8523468507349863,4.72770042918
B4_CROSSFIT_TRIPLET,39,X1M:X2Q:X3C:X4A,2.843027741544467,3.22443230905
B4_CROSSFIT_TRIPLET,40,X1E:X2H:X3C:X4A,2.835333264482739,3.31318384139
B4_CROSSFIT_TRIPLET,41,X1V:X2D:X3C:X4A,2.8271412758165297,3.68714212514
B4_CROSSFIT_TRIPLET,42,X1L:X2K:X3L:X4G,2.8184474120766443,4.07658434106
B4_CROSSFIT_TRIPLET,43,X1L:X2A:X3A:X4A,2.814024623406027,4.38699321063
B4_CROSSFIT_TRIPLET,44,X1E:X2I:X3C:X4A,2.8044915349599924,3.90866668774
B4_CROSSFIT_TRIPLET,45,X1L:X2S:X3L:X4G,2.802581174084899,4.34609616378
B4_CROSSFIT_TRIPLET,46,X1Y:X2S:X3A:X4A,2.7884923198057616,4.22956335278
B4_CROSSFIT_TRIPLET,47,X1I:X2Y:X3G:X4M,2.78507639012142,3.77421468466
B4_CROSSFIT_TRIPLET,48,X1Q:X2N:X3C:X4A,2.7747901467791145,4.31521901551
B4_CROSSFIT_TRIPLET,49,X1F:X2F:X3A:X4A,2.7747249171005537,6.92825718021
B4_CROSSFIT_TRIPLET,50,X1H:X2N:X3C:X4A,2.7715206932096894,4.2136047945
B5_CROSSFIT_ADAPTIVE_HIGHER_ORDER,1,X1L:X2R:X3C:X4A,3.8351641363975304,5.89092667847
B5_CROSSFIT_ADAPTIVE_HIGHER_ORDER,2,X1W:X2W:X3C:X4A,3.768597784043237,7.28233277004
B5_CROSSFIT_ADAPTIVE_HIGHER_ORDER,3,X1Y:X2H:X3C:X4A,3.5120559401877642,4.6492942959
B5_CROSSFIT_ADAPTIVE_HIGHER_ORDER,4,X1Y:X2I:X3C:X4A,3.4866470988932816,5.08124399565
B5_CROSSFIT_ADAPTIVE_HIGHER_ORDER,5,X1V:X2N:X3C:X4A,3.484237211535093,5.43037947261
B5_CROSSFIT_ADAPTIVE_HIGHER_ORDER,6,X1M:X2W:X3C:X4A,3.443464459596757,5.8066548041
B5_CROSSFIT_ADAPTIVE_HIGHER_ORDER,7,X1I:X2W:X3C:X4A,3.401738643951479,6.00762683594
B5_CROSSFIT_ADAPTIVE_HIGHER_ORDER,8,X1M:X2H:X3C:X4A,3.371948632521579,3.73106991259
B5_CROSSFIT_ADAPTIVE_HIGHER_ORDER,9,X1V:X2H:X3C:X4A,3.366148038796148,5.06357347363
B5_CROSSFIT_ADAPTIVE_HIGHER_ORDER,10,X1M:X2V:X3C:X4A,3.364896150835686,3.2766157529
B5_CROSSFIT_ADAPTIVE_HIGHER_ORDER,11,X1W:X2K:X3C:X4A,3.3408873805558077,4.18344272616
B5_CROSSFIT_ADAPTIVE_HIGHER_ORDER,12,X1L:X2D:X3C:X4A,3.33897228946045,4.16358096915
B5_CROSSFIT_ADAPTIVE_HIGHER_ORDER,13,X1I:X2A:X3C:X4A,3.332783577867794,5.17424227596
B5_CROSSFIT_ADAPTIVE_HIGHER_ORDER,14,X1M:X2I:X3C:X4A,3.3306574665760458,3.62007097661
B5_CROSSFIT_ADAPTIVE_HIGHER_ORDER,15,X1F:X2I:X3L:X4G,3.249337279154699,4.26486931063
B5_CROSSFIT_ADAPTIVE_HIGHER_ORDER,16,X1I:X2Y:X3C:X4A,3.2465906111815936,5.07326765846
B5_CROSSFIT_ADAPTIVE_HIGHER_ORDER,17,X1V:X2R:X3C:X4A,3.2273950733214294,4.79762715806
B5_CROSSFIT_ADAPTIVE_HIGHER_ORDER,18,X1W:X2H:X3L:X4G,3.2250494002271948,4.09325119968
B5_CROSSFIT_ADAPTIVE_HIGHER_ORDER,19,X1I:X2H:X3A:X4A,3.2116041798682624,4.7131222101
B5_CROSSFIT_ADAPTIVE_HIGHER_ORDER,20,X1L:X2C:X3C:X4A,3.2083422158563613,2.8429790766
B5_CROSSFIT_ADAPTIVE_HIGHER_ORDER,21,X1V:X2W:X3A:X4A,3.173585442089589,6.12380479492
B5_CROSSFIT_ADAPTIVE_HIGHER_ORDER,22,X1I:X2R:X3A:X4A,3.157724610335322,5.49647079356
B5_CROSSFIT_ADAPTIVE_HIGHER_ORDER,23,X1W:X2A:X3F:X4G,3.0850439864939667,4.87690007344
B5_CROSSFIT_ADAPTIVE_HIGHER_ORDER,24,X1I:X2W:X3A:X4A,3.0786889954258743,6.04207763853
B5_CROSSFIT_ADAPTIVE_HIGHER_ORDER,25,X1M:X2K:X3C:X4A,3.0411072637844043,3.93882315049
B5_CROSSFIT_ADAPTIVE_HIGHER_ORDER,26,X1W:X2Y:X3L:X4G,3.0334444032734567,4.25360059199
B5_CROSSFIT_ADAPTIVE_HIGHER_ORDER,27,X1W:X2H:X3F:X4G,2.9978978235474765,4.23287714147
B5_CROSSFIT_ADAPTIVE_HIGHER_ORDER,28,X1Y:X2K:X3C:X4A,2.9974479741388924,3.75885716312
B5_CROSSFIT_ADAPTIVE_HIGHER_ORDER,29,X1W:X2C:X3F:X4G,2.9437536883199362,4.69565022165
B5_CROSSFIT_ADAPTIVE_HIGHER_ORDER,30,X1F:X2V:X3L:X4G,2.9437433856514565,3.98568828501
B5_CROSSFIT_ADAPTIVE_HIGHER_ORDER,31,X1F:X2S:X3A:X4A,2.943038691445273,4.27796050417
B5_CROSSFIT_ADAPTIVE_HIGHER_ORDER,32,X1V:X2K:X3C:X4A,2.931252684601214,3.99710559096
B5_CROSSFIT_ADAPTIVE_HIGHER_ORDER,33,X1L:X2V:X3A:X4A,2.9065195032181967,3.97293100234
B5_CROSSFIT_ADAPTIVE_HIGHER_ORDER,34,X1F:X2K:X3C:X4A,2.8943693319272477,3.22544446184
B5_CROSSFIT_ADAPTIVE_HIGHER_ORDER,35,X1E:X2S:X3C:X4A,2.891022362621107,4.55338445277
B5_CROSSFIT_ADAPTIVE_HIGHER_ORDER,36,X1Y:X2V:X3L:X4G,2.87895517738609,4.09202971284
B5_CROSSFIT_ADAPTIVE_HIGHER_ORDER,37,X1W:X2N:X3F:X4G,2.8686261230790544,4.21917728933
B5_CROSSFIT_ADAPTIVE_HIGHER_ORDER,38,X1Y:X2R:X3L:X4G,2.8523468507349863,4.72770042918
B5_CROSSFIT_ADAPTIVE_HIGHER_ORDER,39,X1M:X2Q:X3C:X4A,2.843027741544467,3.22443230905
B5_CROSSFIT_ADAPTIVE_HIGHER_ORDER,40,X1E:X2H:X3C:X4A,2.835333264482739,3.31318384139
B5_CROSSFIT_ADAPTIVE_HIGHER_ORDER,41,X1V:X2D:X3C:X4A,2.8271412758165297,3.68714212514
B5_CROSSFIT_ADAPTIVE_HIGHER_ORDER,42,X1L:X2K:X3L:X4G,2.8184474120766443,4.07658434106
B5_CROSSFIT_ADAPTIVE_HIGHER_ORDER,43,X1L:X2A:X3A:X4A,2.814024623406027,4.38699321063
B5_CROSSFIT_ADAPTIVE_HIGHER_ORDER,44,X1E:X2I:X3C:X4A,2.8044915349599924,3.90866668774
B5_CROSSFIT_ADAPTIVE_HIGHER_ORDER,45,X1L:X2S:X3L:X4G,2.802581174084899,4.34609616378
B5_CROSSFIT_ADAPTIVE_HIGHER_ORDER,46,X1Y:X2S:X3A:X4A,2.7884923198057616,4.22956335278
B5_CROSSFIT_ADAPTIVE_HIGHER_ORDER,47,X1I:X2Y:X3G:X4M,2.78507639012142,3.77421468466
B5_CROSSFIT_ADAPTIVE_HIGHER_ORDER,48,X1Q:X2N:X3C:X4A,2.7747901467791145,4.31521901551
B5_CROSSFIT_ADAPTIVE_HIGHER_ORDER,49,X1F:X2F:X3A:X4A,2.7747249171005537,6.92825718021
B5_CROSSFIT_ADAPTIVE_HIGHER_ORDER,50,X1H:X2N:X3C:X4A,2.7715206932096894,4.2136047945
