target_budget_percent,selection_rank,candidate_id,scoreable_before_reveal,structural_exploration,exploration_rank,exploitation_raw,exploitation_rank,acquisition_score
10,1,R4C:S8C:Q9A,True,0.6503660268284625,0.9130872483221476,0.004693326834409317,0.9829683698296837,0.9480278090759157
10,2,R4H:S8T:Q9R,True,0.6436952527262642,0.897986577181208,0.16070015340128574,0.9910786699107867,0.9445326235459974
10,3,Q3G:R4C:Q9A,True,0.6503660268284625,0.9130872483221476,-0.0782592795657353,0.9740470397404704,0.9435671440313089
10,4,Q3G:R4H:S8T,True,0.6374743152968582,0.8808724832214765,0.6055561249765165,1.0,0.9404362416107382
10,5,Q3N:R4H:S8R,True,0.6391785423659625,0.886241610738255,0.19041509981868399,0.9935117599351176,0.9398766853366863
10,6,F2Q:R4H:Q9A,True,0.6293132279461225,0.8587248322147651,0.27417841686460964,0.9967558799675588,0.9277403560911619
10,7,R4H:S8T:A11S,True,0.6278028359185787,0.8533557046979866,0.18113747747483733,0.9927007299270073,0.923028217312497
10,8,R4H:A5I:S8L,True,0.630255572825091,0.8604026845637583,0.00013542725246873388,0.9821573398215734,0.9212800121926659
10,9,F2Q:R4H:S8C,True,0.6317659648526349,0.8654362416107383,-0.2997045918148905,0.959448499594485,0.9124423706026117
10,10,R4C:S8T:Q9R,True,0.6565869642578684,0.9261744966442953,-0.6504020939112458,0.8978102189781022,0.9119923578111988
10,11,R4H:L7I:Q9A,True,0.6203031403533202,0.823489932885906,0.418889961696767,0.9975669099756691,0.9105284214307876
10,12,R4C:S8T:Q9A,True,0.6262872045891298,0.8483221476510067,-0.2549751069182819,0.9643146796431468,0.9063184136470768
10,13,R4C:L7I:Q9A,True,0.6331948518849245,0.8697986577181208,-0.3922122856157643,0.9424168694241687,0.9061077635711448
10,14,R4H:L7Q:Q9K,True,0.6288553356489958,0.8546979865771812,-0.3388536232892617,0.9497161394971614,0.9022070630371712
10,15,R4H:A5M:S8R,True,0.6437368920513983,0.898993288590604,-0.6186713946102217,0.9034874290348743,0.9012403588127391
10,16,R4H:L7V:S8T,True,0.6168447025823643,0.8161073825503355,0.02619721606363601,0.986212489862125,0.9011599362062302
10,17,F2W:R4H:S8K,True,0.6317659648526349,0.8654362416107383,-0.43774882555581485,0.935117599351176,0.9002769204809571
10,18,R4H:S8C:H10F,True,0.6353349469663664,0.876510067114094,-0.5135316732099966,0.9237631792376317,0.9001366231758628
10,19,R4C:S8T:A11S,True,0.640694547450183,0.8909395973154363,-0.6299647698376942,0.9010543390105434,0.8959969681629898
10,20,F2W:R4H:A5I,True,0.6183009668705503,0.8201342281879195,-0.26817593772768644,0.9626926196269262,0.8914134239074228
10,21,F2Q:R4H:A5I,True,0.6317659648526349,0.8654362416107383,-0.5692958141499472,0.9124087591240876,0.8889225003674129
10,22,F2Q:R4H:S8K,True,0.6236048775018994,0.8348993288590604,-0.40018647440680943,0.9416058394160584,0.8882525841375594
10,23,Q3G:R4H:A5M,True,0.6118213555531797,0.7986577181208053,-0.20605953146469483,0.9691808596918086,0.883919288906307
10,24,R4C:A5I:S8L,True,0.6431472843566953,0.8966442953020134,-0.8109668200600628,0.8678021086780211,0.8822232019900172
10,25,R4C:A5M:S8C,True,0.6463391524176043,0.9053691275167786,-0.8850572619709299,0.8564476885644768,0.8809084080406278
10,26,F2Q:R4C:S8R,True,0.6549471275496375,0.9234899328859061,-0.9631215939903223,0.8345498783454988,0.8790199056157024
10,27,F2W:Q3N:R4H,True,0.6288890912005642,0.8567114093959731,-0.6699239239715402,0.8953771289537713,0.8760442691748722
10,28,F2Q:R4C:L7Q,True,0.6400655711472351,0.889261744966443,-0.8575147901042478,0.8605028386050284,0.8748822917857357
10,29,R4C:S8C:Q9K,True,0.6463391524176043,0.9053691275167786,-0.94972350362491,0.8369829683698297,0.8711760479433042
10,30,F2Q:R4H:S8L,True,0.6220944854743555,0.8288590604026845,-0.5959147721454267,0.9091646390916464,0.8690118497471655
10,31,A5I:S8C:Q9A,True,0.6068456096329978,0.7775167785234899,-0.2886926540283406,0.9602595296025953,0.8688881540630427
10,32,Q3G:A5I:S8R,True,0.6195877977049085,0.8214765100671141,-0.5563410773346555,0.9148418491484185,0.8681591796077663
10,33,F2Q:S8C:Q9A,True,0.5986845222822622,0.736241610738255,0.4655034395517736,0.9991889699918897,0.8677152903650723
10,34,F2A:R4H:S8K,True,0.6471027189271391,0.9083892617449665,-0.9840949003565254,0.8264395782643957,0.8674144200046812
10,35,R4C:L7I:S8L,True,0.6259761094131575,0.8456375838926175,-0.6911381382863648,0.8888888888888888,0.8672632363907531
10,36,Q3N:R4H:Q9K,True,0.6224094798831937,0.8322147651006712,-0.6266975578683547,0.9018653690186537,0.8670400670596624
10,37,R4Q:S8R:Q9A,True,0.6089739734476605,0.7855704697986577,-0.37719066296408055,0.943227899432279,0.8643991846154684
10,38,R4H:L7I:Q9K,True,0.6162762659424621,0.8144295302013422,-0.5743530003289583,0.9115977291159773,0.8630136296586597
10,39,Q3G:R4C:L7V,True,0.632189151020481,0.8671140939597315,-0.8844545098512773,0.8580697485806975,0.8625919212702144
10,40,F2Q:S8R:Q9A,True,0.6089739734476605,0.7855704697986577,-0.41303334383851487,0.9383617193836172,0.8619660945911375
10,41,R4H:L7I:S8T,True,0.5986770550205,0.7348993288590604,0.08787798480947873,0.9878345498783455,0.8613669393687029
10,42,R4H:Q6R:S8T,True,0.6220374872523816,0.8278523489932886,-0.6708051426754831,0.894566098945661,0.8612092239694749
10,43,Q3N:R4H:S8L,True,0.5975915264894645,0.7278523489932885,0.08586106269918803,0.9870235198702352,0.8574379344317619
10,44,Q3G:R4T:S8R,True,0.617135060798396,0.8167785234899329,-0.6831264429490901,0.8921330089213301,0.8544557662056315
10,45,R4H:L7Q:Q9R,True,0.6415558843957724,0.8919463087248322,-1.0863942309579198,0.7964314679643146,0.8441888883445734
10,46,R4C:S8K:Q9A,True,0.5933894030088182,0.7,-0.0435778803533049,0.9797242497972425,0.8398621248986212
10,47,R4H:L7I:H10F,True,0.5965376866900082,0.7228187919463087,-0.3067196274831786,0.9553933495539335,0.8391060707501211
10,48,Q3N:R4C:S8L,True,0.6104832380210687,0.7926174496644295,-0.7252411846133433,0.8824006488240065,0.837509049244218
10,49,R4H:A5M:S8K,True,0.6252863535352644,0.8426174496644295,-0.989096339904482,0.8231954582319546,0.8329064539481921
10,50,Q3G:R4H:L7I,True,0.588238080395408,0.6684563758389261,0.2710390491912066,0.9959448499594485,0.8322006128991873
10,51,R4C:S8L:Q9A,True,0.640694547450183,0.8909395973154363,-1.1828059563666338,0.772911597729116,0.8319255975222761
10,52,F2W:R4C:A5I,True,0.6311926784021545,0.8630872483221477,-1.0792781850402178,0.7980535279805353,0.8305703881513415
10,53,Q3N:R4H:Q9R,True,0.61348394329715,0.8046979865771812,-0.8859569025321867,0.8556366585563666,0.8301673225667738
10,54,R4C:L7I:S8R,True,0.6459370399568352,0.9033557046979865,-1.2339025635019665,0.7566909975669099,0.8300233511324482
10,55,F2Q:S8K:Q9A,True,0.5905234349315266,0.6812080536912751,-0.06233027998060153,0.9781021897810219,0.8296551217361485
10,56,R4H:S8L:A11S,True,0.6205840934468115,0.8251677852348993,-0.9665090927915734,0.8313057583130575,0.8282367717739785
10,57,F2Q:R4C:S8T,True,0.6205788541449065,0.8241610738255034,-0.9756563404580425,0.829683698296837,0.8269223860611702
10,58,R4C:L7V:Q9R,True,0.638410088449887,0.8832214765100671,-1.1882626182627056,0.7704785077047851,0.8268499921074262
10,59,Q3N:R4C:L7Q,True,0.6155626121623441,0.8114093959731543,-0.961313359458547,0.8353609083536091,0.8233851521633817
10,60,L7Q:S8C:Q9A,True,0.6022535043959937,0.7563758389261745,-0.7133679584983208,0.8856447688564477,0.8210103038913111
10,61,R4P:S8C:Q9A,True,0.6374743152968582,0.8808724832214765,-1.2246842928583261,0.7607461476074615,0.820809315414469
10,62,R4C:L7V:Q9A,True,0.5952186172495441,0.7120805369127516,-0.4849867679187464,0.9261962692619627,0.8191384030873572
10,63,F2Q:A5I:S8L,True,0.5914657798104951,0.6859060402684564,-0.35015670734269855,0.9480940794809408,0.8170000598746986
10,64,F2Q:S8C:Q9R,True,0.6073581966181806,0.7815436241610738,-0.9105485726300339,0.8499594484995945,0.8157515363303341
10,65,Q3G:R4T:A5I,True,0.6068456096329978,0.7775167785234899,-0.9009837663201616,0.8523925385239254,0.8149546585237076
10,66,Q3G:Q6R:Q9R,True,0.6000824559244397,0.7466442953020134,-0.7151570065382329,0.8832116788321168,0.8149279870670652
10,67,Q3G:R4C:L7Q,True,0.6482266584979707,0.9104026845637584,-1.3464088150502729,0.7120843471208435,0.8112435158423009
10,68,R4C:L7Q:S8L,True,0.6385551791196912,0.8842281879194631,-1.3063295818692953,0.7291159772911597,0.8066720826053114
10,69,F2Q:Q3G:S8C,True,0.5795111738559543,0.6359060402684564,-0.0775640741891413,0.9748580697485807,0.8053820550085186
10,70,Q3G:R4Q:Q9A,True,0.5770584369494419,0.6251677852348994,0.021578918773213468,0.9854014598540146,0.805284622544457
10,71,R4C:A5M:S8T,True,0.6438864155110919,0.9,-1.3565225012940312,0.7088402270884022,0.8044201135442011
10,72,F2Q:Q9A:A11S,True,0.5890130429039827,0.6718120805369128,-0.4367654415221185,0.9359286293592863,0.8038703549480996
10,73,R4H:Q6R:S8C,True,0.6244902241588941,0.8399328859060403,-1.1994101038650649,0.7656123276561233,0.8027726067810819
10,74,F2Q:R4T:S8C,True,0.5986845222822622,0.736241610738255,-0.8075762570487607,0.8686131386861314,0.8024273747121933
10,75,R4C:S8K:Q9R,True,0.6508786138136452,0.9147651006711409,-1.407873118823956,0.689375506893755,0.8020703037824479
10,76,F2Q:A5M:Q9A,True,0.5922049109648917,0.6922818791946309,-0.5762205416744326,0.910786699107867,0.8015342891512489
10,77,R4A:S8T:Q9R,True,0.6106138101558914,0.7932885906040269,-1.0392721200481736,0.8094079480940795,0.8013482693490532
10,78,R4A:A5I:S8T,True,0.6043928727264855,0.763758389261745,-0.949464504817532,0.83779399837794,0.8007761938198426
10,79,Q3G:R4C:A11S,True,0.6431472843566953,0.8966442953020134,-1.3877008979309686,0.6950527169505272,0.7958485061262703
10,80,Q3G:L7V:S8T,True,0.586215996918504,0.661744966442953,-0.4616531024697496,0.9294403892944039,0.7955926778686784
10,81,F2W:R4C:S8K,True,0.5958421399153305,0.7167785234899329,-0.7692885605236857,0.8742903487429035,0.7955344361164182
10,82,F2W:Q3G:Q9A,True,0.6068456096329978,0.7775167785234899,-1.0737720976520844,0.8004866180048662,0.7890016982641781
10,83,F2Q:R4H:Q9R,True,0.5891713658131322,0.6738255033557047,-0.640105462344875,0.8994322789943228,0.7866288911750137
10,84,Q3N:R4C:S8K,True,0.5631780935797038,0.5838926174496645,0.0064498202407123895,0.9837793998377939,0.7838360086437293
10,85,Q3G:R4C:H10Y,True,0.5975236159486955,0.7265100671140939,-0.9323827804280292,0.8410381184103812,0.7837740927622376
10,86,F2Q:R4L:S8C,True,0.5929761718380391,0.6953020134228188,-0.8008115068765006,0.870235198702352,0.7827686060625854
10,87,Q3N:A5I:S8T,True,0.5958076486301915,0.7154362416107383,-0.9170462182159419,0.8483373884833739,0.7818868150470561
10,88,F2W:Q3G:S8T,True,0.6068456096329978,0.7775167785234899,-1.1446489747030533,0.7842660178426601,0.780891398183075
10,89,F2A:R4C:S8R,True,0.6784449689748774,0.963758389261745,-1.6771907683234735,0.5961070559610706,0.7799327226114078
10,90,A5I:S8L:Q9K,True,0.5931472558438602,0.6966442953020134,-0.8432169046783822,0.8629359286293593,0.7797901119656864
10,91,F2W:Q3N:R4C,True,0.6417808027321685,0.8932885906040269,-1.481026171284072,0.6650446066504461,0.7791665986272365
10,92,Q3N:R4H:L7V,True,0.5594439420171617,0.5718120805369128,0.014395806371537923,0.9845904298459043,0.7782012551914086
10,93,F2Q:S8K:Q9R,True,0.599197109267445,0.7392617449664429,-1.0110304552219525,0.8150851581508516,0.7771734515586473
10,94,F2Q:Q3G:R4C,True,0.5742160545825102,0.6167785234899329,-0.42688031984032215,0.9375506893755069,0.7771646064327199
10,95,Q3G:R4C:Q9K,True,0.5975236159486955,0.7265100671140939,-0.9827993260135655,0.8272506082725061,0.7768803376933
10,96,R4C:S8R:A11S,True,0.6534367355220936,0.9228187919463087,-1.575326260094267,0.6301703163017032,0.7764945541240059
10,97,F2W:Q3G:R4C,True,0.6528187637349748,0.9194630872483222,-1.5674503820845809,0.6334144363341444,0.7764387617912333
10,98,Q3N:R4H:L7Q,True,0.553855364161831,0.547986577181208,0.4335126849652684,0.9983779399837794,0.7731822585824937
10,99,Q3G:R4T:S8L,True,0.5971741302547183,0.725503355704698,-1.0048307627848625,0.8175182481751825,0.7715108019399403
10,100,R4A:S8R:Q9A,True,0.5658667874229749,0.6013422818791946,-0.40728680238381143,0.9399837793998378,0.7706630306395161
10,101,R4C:L7V:S8C,True,0.5976713541560565,0.7295302013422819,-1.0362450784762074,0.8102189781021898,0.7698745897222359
10,102,R4C:Q6R:S8T,True,0.634929198783986,0.8748322147651006,-1.4819073899880146,0.6642335766423357,0.7695328957037182
10,103,R4Q:A5I:Q6R,True,0.5857004311442982,0.6583892617449665,-0.7326153356555669,0.8791565287915653,0.7687728952682659
10,104,F2Q:R4H:L7V,True,0.5623208156692324,0.5818791946308725,-0.30804297002363845,0.9545823195458232,0.7682307570883478
10,105,F2Q:R4A:A5I,True,0.5986845222822622,0.736241610738255,-1.0876210961680615,0.7956204379562044,0.7659310243472297
10,106,F2A:Q3G:S8T,True,0.622182363707502,0.8302013422818791,-1.3726608434680936,0.7007299270072993,0.7654656346445892
10,107,F2Q:Q3G:R4P,True,0.6101398795198146,0.7906040268456376,-1.2831469353541838,0.7372262773722628,0.7639151521089502
10,108,Q3G:R4L:A5I,True,0.6011372591887746,0.7543624161073825,-1.1876340591379169,0.7712895377128953,0.7628259769101389
10,109,Q3G:R4P:S8T,True,0.5886587788279495,0.6704697986577182,-0.895074064284604,0.8540145985401459,0.762242198598932
10,110,F2Q:Q3G:L7V,True,0.5588815611414606,0.5711409395973155,-0.30987629579518267,0.9521492295214923,0.7616450845594038
10,111,F2W:R4H:Q6R,True,0.6244902241588941,0.8399328859060403,-1.4398254736413865,0.6804541768045418,0.760193531355291
10,112,A5I:S8T:Q9R,True,0.564251010593495,0.5899328859060403,-0.45822467807939593,0.9302514193025142,0.7600921526042772
10,113,A5I:S8T:Q9K,True,0.5515504618467185,0.539261744966443,-0.05299488555477705,0.9789132197891321,0.7590874823777876
10,114,F2Q:Q9A:H10F,True,0.5940924170452581,0.7050335570469799,-1.0278627799594997,0.8110300081103001,0.75803178257864
10,115,Q3N:R4T:S8T,True,0.5933549117236792,0.6993288590604027,-1.0114793505627042,0.8142741281427412,0.7568014936015719
10,116,A5I:S8C:Q9K,True,0.6028187352221396,0.7597315436241611,-1.2431094844876598,0.7534468775344688,0.7565892105793149
10,117,A5M:S8C:H10Y,True,0.5963391239047691,0.7187919463087248,-1.1222798700989043,0.7883211678832117,0.7535565570959682
20,1,Q3N:R4P:Q9A,True,0.574140708054754,0.954843408594319,-1.0695962293711732,0.874120406567631,0.914481907580975
20,2,L7Q:S8R:Q9R,True,0.5650037728470035,0.9355426074289876,-1.0905270260714919,0.8694292415949961,0.9024859245119918
20,3,Q6R:S8R:Q9R,True,0.5387959104122174,0.883102694828842,-1.022788667636518,0.890539483971853,0.8868210894003474
20,4,L7Q:S8R:H10F,True,0.5707691215132006,0.9497450837581938,-1.2563896096020541,0.8131352619233776,0.8814401728407857
20,5,Q3N:R4Q:L7Q,True,0.5165085594105536,0.8288419519300801,-0.8507076659357519,0.928068803752932,0.8784553778415061
20,6,Q3G:R4A:L7Q,True,0.559263189225059,0.9184268026219956,-1.2020342035849965,0.8326817826426895,0.8755542926323425
20,7,A5I:S8R:Q9R,True,0.5104174761705339,0.8062636562272396,-0.8051614443969841,0.9421422986708365,0.8742029774490381
20,8,Q3N:R4P:S8R,True,0.5627853901285701,0.9264384559359068,-1.243229749968839,0.8217357310398749,0.8740870934878908
20,9,R4T:L7V:Q9R,True,0.5362706222677119,0.8783685360524399,-1.0923008713563043,0.8686473807662236,0.8735079584093317
20,10,R4Q:L7Q:S8R,True,0.5465324920619089,0.8951201747997086,-1.148306107784136,0.8498827208756842,0.8725014478376965
20,11,Q3N:S8R:H10F,True,0.5428244595848924,0.8907501820830298,-1.1416764386333906,0.8537920250195465,0.8722711035512882
20,12,Q3N:R4A:L7I,True,0.5555958658243026,0.9075018208302986,-1.2278366427050602,0.8264268960125097,0.8669643584214042
20,13,F2W:R4Q:S8R,True,0.49771695559300017,0.7698470502549163,-0.62187798612388,0.9640344018764659,0.8669407260656912
20,14,Q3N:R4Q:Q9K,True,0.5372998537731671,0.8798252002913328,-1.1438518142458873,0.8522283033620016,0.8660267518266672
20,15,R4Q:A5I:H10F,True,0.4956956336107135,0.7516387472687546,-0.4506772520265889,0.9757623143080532,0.8637005307884038
20,16,A5I:Q9A:H10F,True,0.5059120574300946,0.7931536780772032,-0.8798546638217832,0.9218139171227522,0.8574837975999776
20,17,Q3N:R4A:S8C,True,0.5572418498067726,0.9118718135469774,-1.2939265214969238,0.8014073494917905,0.8566395815193839
20,18,Q3N:R4A:L7Q,True,0.5191191035290249,0.8368536052439912,-1.0889634949097111,0.8702111024237685,0.8535323538338799
20,19,R4Q:S8L:H10Y,True,0.49627360914825713,0.7592862345229424,-0.7469388382198519,0.946051602814699,0.8526689186688208
20,20,Q3G:R4L:Q9R,True,0.5090811711316234,0.8026219956300072,-0.9982275933994333,0.8975762314308053,0.8500991135304063
20,21,R4A:L7Q:S8R,True,0.5491430361803803,0.8994901675163874,-1.2969186179969872,0.799061767005473,0.8492759672609302
20,22,Q3N:R4Q:S8C,True,0.5330052203554809,0.8710852148579752,-1.2557144944023153,0.8139171227521501,0.8425011688050627
20,23,R4L:A5I:S8R,True,0.514816343212204,0.8201019664967225,-1.1117147037055186,0.8639562157935887,0.8420290911451556
20,24,R4Q:S8R:H10F,True,0.5034823042591973,0.7851420247632921,-1.0189594317623833,0.8913213448006255,0.8382316847819589
20,25,R4Q:Q9K:H10F,True,0.5710098643676723,0.9512017479970867,-1.5176982142036115,0.706020328381548,0.8286110381893174
20,26,R4P:S8R:Q9A,True,0.49914186175783143,0.775673707210488,-1.0429998701130716,0.8803752931978108,0.8280245002041494
20,27,R4Q:Q6R:S8R,True,0.49313517849103433,0.7385287691187181,-0.9592333990188104,0.9053948397185301,0.8219618044186241
20,28,Q3N:R4L:H10Y,True,0.49639187971673104,0.7603787327021122,-1.0423621128850544,0.8811571540265832,0.8207679433643478
20,29,Q3G:R4L:S8R,True,0.48947099623972595,0.7148579752367079,-0.8738378250566219,0.9241594996090696,0.8195087374228888
20,30,R4A:Q6R:S8R,True,0.4957457226095057,0.7538237436270939,-1.0344480854239246,0.8842845973416732,0.8190541704843836
20,31,Q3N:R4P:S8C,True,0.5772027803504504,0.9592134013109979,-1.5951622130603365,0.6739640344018765,0.8165887178564372
20,32,A5I:Q9R:H10F,True,0.5629824508647169,0.9278951201747997,-1.5277729115758782,0.7005473025801408,0.8142212113774703
20,33,Q3N:R4L:S8C,True,0.48543374638051673,0.690094683175528,-0.83200006389888,0.9366692728694292,0.8133819780224787
20,34,Q3G:L7Q:S8R,True,0.48507212919805576,0.6879096868171887,-0.825858991444492,0.9382329945269742,0.8130713406720814
20,35,A5I:S8R:H10F,True,0.5649983613056396,0.9344501092498179,-1.5416639175534277,0.6903831118060985,0.8124166105279582
20,36,Q3N:R4P:S8K,True,0.5446306594030351,0.8922068463219228,-1.476852517097312,0.7318217357310399,0.8120142910264814
20,37,L7Q:S8K:Q9K,True,0.510027065931833,0.8048069919883467,-1.24923467318881,0.8178264268960125,0.8113167094421796
20,38,Q3N:S8K:H10F,True,0.5246697288593575,0.8521485797523671,-1.3752992057618638,0.7701329163408913,0.8111407480466293
20,39,R4T:S8R:Q9R,True,0.5477765545558534,0.8973051711580481,-1.4941810438395648,0.7208756841282252,0.8090904276431367
20,40,R4A:L7Q:S8T,True,0.4900567323048352,0.7174071376547706,-0.9992311474308824,0.8967943706020328,0.8071007541284017
20,41,R4A:L7Q:Q9A,True,0.4900567323048352,0.7174071376547706,-1.014419150246473,0.8928850664581705,0.8051461020564705
20,42,R4Q:S8K:Q9K,True,0.4915557851467383,0.729060451565914,-1.056786689442554,0.8788115715402658,0.8039360115530899
20,43,Q3G:R4A:S8K,True,0.4855744586703221,0.6919155134741443,-0.931877540970274,0.9132134480062549,0.8025644807401996
20,44,Q3N:R4L:S8R,True,0.4710163561586365,0.6183539694100509,-0.41409256988476084,0.9796716184519155,0.7990127939309832
20,45,Q3N:S8C:H10F,True,0.5356157644739523,0.8776402039329935,-1.503077300146215,0.7169663799843627,0.7973032919586781
20,46,Q3N:R4T:L7V,True,0.4811365092033153,0.6715222141296431,-0.879319400305175,0.9225957779515246,0.7970589960405838
20,47,A5M:S8R:Q9R,True,0.5433776875141832,0.8914785142024764,-1.5252142704830804,0.7021110242376857,0.796794769220081
20,48,Q3N:R4P:S8T,True,0.4820730009202048,0.6773488710852149,-0.9233387907004457,0.9139953088350273,0.7956720899601211
20,49,R4L:S8R:H10Y,True,0.526352452085962,0.8550619082301529,-1.4796923118695753,0.7294761532447225,0.7922690307374377
20,50,L7Q:S8R:H10Y,True,0.5707691215132006,0.9497450837581938,-1.718580398338259,0.6278342455043002,0.788789664631247
20,51,R4A:L7Q:S8C,True,0.5147448899333517,0.8182811361981064,-1.4293410523794305,0.7529319781078968,0.7856065571530015
20,52,R4A:S8R:H10F,True,0.5549083848465773,0.9067734887108522,-1.6371667712235336,0.6622361219702892,0.7845048053405708
20,53,R4P:L7V:Q9A,True,0.4788381953863495,0.6584122359796067,-0.9655740216011328,0.9030492572322126,0.7807307466059097
20,54,R4A:L7Q:H10F,True,0.5745185597384748,0.956300072833212,-1.7739465157872032,0.6035965598123534,0.7799483163227827
20,55,R4P:S8C:Q9R,True,0.5347058204770294,0.876911871813547,-1.570890772251442,0.6810007818608288,0.778956326837188
20,56,R4Q:L7Q:S8L,True,0.4688821751492398,0.6088856518572469,-0.778518598363511,0.944487881157154,0.7766867665072004
20,57,Q3N:R4T:S8C,True,0.48543374638051673,0.690094683175528,-1.1247715365945787,0.8631743549648163,0.7766345190701722
20,58,R4A:L7Q:Q9K,True,0.4974134380182176,0.7658412235979607,-1.3327776227029977,0.7865519937451134,0.7761966086715371
20,59,R4P:A5I:Q6R,True,0.5783616043064287,0.9606700655498908,-1.8365078340758973,0.5879593432369038,0.7743147043933973
20,60,Q3G:R4Q:L7Q,True,0.47331931177325437,0.6285506190823015,-0.8989750456524501,0.9186864738076622,0.7736185464449818
20,61,R4L:S8L:H10Y,True,0.5191437569750218,0.837946103423161,-1.515901600131214,0.7075840500390931,0.772765076731127
20,62,R4T:S8C:Q9R,True,0.4917523229760046,0.7327021121631464,-1.2757235650315173,0.8084440969507428,0.7705731045569446
20,63,F2W:Q6R:S8R,True,0.5387959104122174,0.883102694828842,-1.6476616916531386,0.6575449569976545,0.7703238259132482
20,64,Q3G:R4L:Q9K,True,0.48655693454647203,0.697742170429716,-1.170484423729624,0.8412822517591869,0.7695122110944514
20,65,Q3N:L7Q:H10F,True,0.47030356706011617,0.6147123088128187,-0.8972779698465454,0.9202501954652071,0.7674812521390129
20,66,Q3N:R4P:L7Q,True,0.4902644976037939,0.721048798252003,-1.2815184767520975,0.8068803752931978,0.7639645867726004
20,67,Q3G:Q6R:S8K,True,0.47522733290215924,0.6394756008739986,-1.0277712378593582,0.8881939014855356,0.7638347511797671
20,68,R4H:L7Q:H10Y,True,0.4653833043453752,0.5910415149308085,-0.8353442339613842,0.9358874120406567,0.7634644634857326
20,69,F2W:R4A:S8T,True,0.4900567323048352,0.7174071376547706,-1.2724538442853595,0.8092259577795152,0.7633165477171429
20,70,F2W:R4A:L7I,True,0.5619144424197905,0.9242534595775673,-1.7770547604673106,0.6020328381548085,0.763143148866188
20,71,Q3G:R4A:S8L,True,0.46200269742049244,0.5746540422432629,-0.7240305307720146,0.9499609069585614,0.7623074746009122
20,72,Q3N:R4A:S8T,True,0.4621120703765271,0.5761107064821559,-0.7311101103600869,0.9483971853010165,0.7622539458915862
20,73,L7Q:Q9R:H10Y,True,0.5687532110722778,0.9450109249817917,-1.854014391075053,0.5793588741204065,0.7621848995510991
20,74,R4T:Q9K:H10Y,True,0.5018123050598878,0.7815003641660597,-1.4655368842486447,0.7396403440187647,0.7605703540924122
20,75,R4A:L7Q:Q9R,True,0.5199376746033689,0.8404952658412236,-1.5906273043650576,0.6755277560594214,0.7580115109503225
20,76,Q3N:R4P:L7I,True,0.5755567963679803,0.9584850691915513,-1.938715356393949,0.5566849100860047,0.7575849896387781
20,77,F2W:R4A:S8C,True,0.5635604264022605,0.9308084486525856,-1.8431446392591742,0.5840500390930414,0.7574292438728135
20,78,Q3G:R4A:L7I,True,0.4602933531558981,0.5659140568099054,-0.7396737359766044,0.947615324472244,0.7567646906410747
20,79,A5I:Q9A:A11S,True,0.49924855751156644,0.7771303714493809,-1.4690754912163229,0.7357310398749023,0.7564307056621415
20,80,R4L:Q9R:H10Y,True,0.573152078113948,0.9537509104151493,-1.9399473723859644,0.5559030492572322,0.7548269798361907
20,81,R4T:S8L:H10Y,True,0.5191437569750218,0.837946103423161,-1.604141110106966,0.6708365910867865,0.7543913472549737
20,82,R4A:L7I:H10F,True,0.48434645775265417,0.685360524399126,-1.240122936111562,0.8232994526974199,0.7543299885482729
20,83,Q3N:R4A:L7V,True,0.46087690549502186,0.5695557174071376,-0.8271578949352929,0.9374511336982018,0.7535034255526697
20,84,Q3G:R4L:S8L,True,0.4822623011287859,0.6795338674435543,-1.2212455329352445,0.8272087568412823,0.7533713121424183
20,85,R4L:S8R:A11S,True,0.4980628668346136,0.7713037144938092,-1.4699676655672436,0.7349491790461298,0.7531264467699694
20,86,Q3N:R4T:A5I,True,0.45766631970688465,0.5491624180626365,-0.6939589189557758,0.9569976544175137,0.7530800362400751
20,87,Q3N:R4L:Q9K,True,0.4681022944653826,0.6030589949016751,-0.9881653452234487,0.9007036747458952,0.7518813348237852
20,88,R4P:L7Q:Q9K,True,0.49018491742580683,0.7203204661325564,-1.3360914866467801,0.7834245504300235,0.7518725082812899
20,89,R4P:S8K:Q9A,True,0.4938788425639007,0.741442097596504,-1.3978311365754035,0.7615324472243941,0.7514872724104491
20,90,Q3N:R4Q:S8K,True,0.451617562939157,0.5309541150764748,-0.5487674292266393,0.9687255668491008,0.7498398409627878
20,91,R4L:Q9K:A11S,True,0.5655904269430887,0.9388201019664967,-1.9307111820173508,0.5598123534010946,0.7493162276837957
20,92,R4T:Q9K:A11S,True,0.49514880514135967,0.7509104151493081,-1.4424088176907217,0.745113369820172,0.7480118924847401
20,93,L7Q:S8K:H10F,True,0.5655061023192699,0.937727603787327,-1.9366487044665455,0.5582486317435497,0.7479881177654384
20,94,R4T:Q6R:S8R,True,0.4943792409849788,0.7450837581937363,-1.4335034932234065,0.7505863956215794,0.7478350769076578
20,95,F2W:R4T:H10Y,True,0.573152078113948,0.9537509104151493,-1.9757447252716824,0.5394839718530101,0.7466174411340797
20,96,Q3G:R4A:Q9K,True,0.4662973308381786,0.5972323379461034,-1.0081046098913966,0.8952306489444879,0.7462314934452956
20,97,Q3G:R4L:A5M,True,0.47456337426719886,0.6358339402767662,-1.1365304093680217,0.8553557466770915,0.7455948434769288
20,98,R4L:S8T:H10Y,True,0.5160816846793257,0.8273852876911871,-1.6324598274117852,0.6637998436278343,0.7455925656595107
20,99,Q3G:L7Q:H10Y,True,0.48882156742333,0.7101238164603059,-1.3577266095093625,0.7771696637998436,0.7436467401300748
20,100,Q3G:R4A:H10Y,True,0.49458691608952704,0.7487254187909687,-1.465728215204547,0.7380766223612197,0.7434010205760941
20,101,R4Q:S8K:H10F,True,0.49821928506526647,0.7720320466132556,-1.5060973477249653,0.7146207974980453,0.7433264220556505
20,102,R4T:A5I:Q6R,True,0.45940311920040666,0.5564457392571013,-0.8504873878524533,0.9296325254104769,0.743039132333789
20,103,R4T:Q6R:S8K,True,0.48911622179104813,0.7126729788783686,-1.3759277832373158,0.7685691946833464,0.7406210867808575
20,104,Q3N:R4P:S8L,True,0.5338872494026854,0.875455207574654,-1.7721176314485187,0.6043784206411259,0.73991681410789
20,105,R4T:S8T:H10Y,True,0.4944555993465054,0.7461762563729061,-1.4738919255106402,0.7326035965598123,0.7393899264663593
20,106,Q3N:R4A:A5I,True,0.48622225246749995,0.6948288419519301,-1.3443437864139702,0.7795152462861611,0.7371720441190456
20,107,R4T:Q9R:H10F,True,0.5515259927811277,0.9024034959941734,-1.889526279221735,0.5707584050039093,0.7365809504990413
20,108,S8R:Q9A:H10F,True,0.4791809312141537,0.6598689002184996,-1.2567258632795295,0.8123534010946052,0.7361111506565524
20,109,R4L:H10Y:A11S,True,0.4746228539237993,0.6372906045156591,-1.2197270827818858,0.8279906176700548,0.7326406110928569
20,110,R4T:L7Q:A11S,True,0.49604695639369073,0.7567370721048798,-1.514684573541049,0.7083659108678655,0.7325514914863727
20,111,R4T:H10Y:A11S,True,0.5234383903927081,0.848871085214858,-1.7402047475836042,0.6145426114151681,0.7317068483150131
20,112,R4P:S8R:H10Y,True,0.5964954007230753,0.9832483612527313,-2.1603818629002536,0.47771696637998434,0.7304826638163578
20,113,F2W:Q3N:L7I,True,0.515312720293681,0.8244719592134013,-1.701580711046119,0.6364347146207975,0.7304533369170993
20,114,L7Q:S8R:A11S,True,0.5424795362618522,0.8900218499635834,-1.8988188799513859,0.5676309616888194,0.7288264058262014
20,115,R4A:S8T:H10F,True,0.49582208097103225,0.7545520757465404,-1.5243845783295926,0.7028928850664582,0.7287224804064993
20,116,R4A:L7Q:S8L,True,0.47149271926771114,0.6201747997086672,-1.1994533839589645,0.8358092259577795,0.7279920128332233
20,117,L7Q:S8T:H10Y,True,0.5116828176376554,0.8088128186453023,-1.678291416410304,0.6465989053948398,0.727705862020071
20,118,F2Q:R4L:Q9K,True,0.4635053852706105,0.5804806991988347,-1.0694656934333246,0.8749022673964034,0.7276914832976191
20,119,R4P:S8T:H10F,True,0.5157830115147098,0.825564457392571,-1.7166132586699516,0.6293979671618452,0.7274812122772081
20,120,F2W:R4A:A5I,True,0.4492252981152229,0.5193008011653314,-0.8472867778414355,0.9327599687255669,0.7260303849454491
20,121,F2A:R4Q:S8R,True,0.5160047115235592,0.8266569555717407,-1.7247590407570312,0.6239249413604379,0.7252909484660892
20,122,Q3N:Q9R:H10F,True,0.5279168376123653,0.8601602330662782,-1.819756555255116,0.5895230648944488,0.7248416489803635
20,123,F2W:R4T:L7I,True,0.5389218754624433,0.8841951930080116,-1.9296858721016459,0.562157935887412,0.7231765644477118
20,124,R4P:Q9K:H10F,True,0.5935813390298214,0.9806991988346686,-2.2128151796810425,0.4652071931196247,0.7229531959771467
20,125,R4P:S8L:H10Y,True,0.5892867056121351,0.9777858703568827,-2.1965911511618925,0.46755277560594216,0.7226693229814124
20,126,F2Q:Q3N:R4Q,True,0.4567775371513849,0.5440640932265113,-0.9900030585250977,0.8999218139171228,0.721992953571817
20,127,Q3N:R4A:S8L,True,0.4434846970572786,0.49308084486525855,-0.7434001041019318,0.9468334636434714,0.719957154254365
20,128,R4T:Q9K:H10F,True,0.4801862197270675,0.663510560815732,-1.3644485861875182,0.7756059421422987,0.7195582514790153
20,129,R4P:A5I:S8C,True,0.5073089749366482,0.7953386744355426,-1.6851778695430608,0.6434714620797498,0.7194050682576463
20,130,F2W:Q3N:R4A,True,0.5279168376123653,0.8601602330662782,-1.867533435039781,0.5770132916340891,0.7185867623501836
20,131,F2W:Q3N:S8C,True,0.516958704276151,0.830298616168973,-1.7676705898379825,0.6059421422986708,0.718120379233822
20,132,R4P:L7Q:H10F,True,0.5456639538132436,0.8936635105608157,-1.9665014976295891,0.5418295543393276,0.7177465324500716
20,133,R4P:S8T:Q9R,True,0.4602079143947322,0.5644573925710124,-1.0865066421884098,0.870992963252541,0.7177251779117767
20,134,L7Q:S8L:H10Y,True,0.4931188046005314,0.7378004369992717,-1.532967225262404,0.6966379984362784,0.717219217717775
20,135,L7Q:Q9K:H10Y,True,0.519039523351038,0.8361252731245448,-1.8011106674426918,0.5981235340109461,0.7171244035677454
20,136,Q3G:R4Q:Q9K,True,0.45079507518810297,0.5294974508375819,-0.9637329088927544,0.9046129788897577,0.7170552148636697
20,137,Q6R:S8R:H10F,True,0.5661873444112347,0.9395484340859432,-2.106144155101041,0.49257232212666147,0.7160603781063024
20,138,R4A:L7Q:H10Y,True,0.5745185597384748,0.956300072833212,-2.1752776286561586,0.473807662236122,0.7150538675346669
20,139,Q3N:L7I:S8C,True,0.5101199356236638,0.8055353241077932,-1.7277616000823721,0.6231430805316653,0.7143392023197292
20,140,R4L:Q9K:H10Y,True,0.5234383903927081,0.848871085214858,-1.8560582205364304,0.5785770132916341,0.7137240492532461
20,141,A5M:L7V:Q9R,True,0.44853842189270837,0.517115804806992,-0.9518160537900839,0.9093041438623924,0.7132099743346922
20,142,R4P:S8T:H10Y,True,0.5157830115147098,0.825564457392571,-1.7933835715069064,0.6004691164972635,0.7130167869449173
20,143,A5I:Q6R:Q9R,True,0.43337816682591623,0.44100509832483614,-0.46850124410412053,0.9734167318217357,0.7072109150732859
20,144,R4A:S8C:Q9R,True,0.4659293534644429,0.5957756737072105,-1.2521984527964463,0.8170445660672401,0.7064101198872252
20,145,Q3N:Q6R:S8R,True,0.46203571201500054,0.5753823743627094,-1.2008652338000632,0.835027365129007,0.7052048697458582
20,146,Q3N:L7I:Q9K,True,0.45686465877122523,0.5447924253459577,-1.1078140969564485,0.8647380766223612,0.7047652509841595
20,147,R4T:S8T:Q9R,True,0.43888050222652764,0.46394756008739985,-0.7670149961921432,0.9452697419859265,0.7046086510366631
20,148,L7Q:S8C:Q9R,True,0.460164004798246,0.5633648943918427,-1.1575816917557018,0.8451915559030493,0.704278225147446
20,149,Q3G:A5I:H10F,True,0.46136136160082447,0.5724690458849235,-1.2011008245631756,0.8342455043002346,0.7033572750925791
20,150,R4A:Q9R:H10F,True,0.5745185597384748,0.956300072833212,-2.2556965253711985,0.44956997654417513,0.7029350246886935
20,151,Q3N:S8K:Q9A,True,0.4273161898941136,0.4202476329206118,-0.3312034703129574,0.9851446442533229,0.7026961385869673
20,152,F2A:R4L:S8R,True,0.5876903958192328,0.9759650400582666,-2.3103400156261586,0.4292415949960907,0.7026033175271786
20,153,Q3G:Q6R:A11S,True,0.4992023757356563,0.7764020393299345,-1.7184121326892798,0.6286161063330727,0.7025090728315035
20,154,F2W:S8C:H10F,True,0.5419343410694402,0.8885651857246905,-2.052295417908465,0.5152462861610634,0.7019057359428769
20,155,R4P:A5M:L7V,True,0.5447063229043122,0.8929351784413693,-2.0582377329589407,0.5105551211884285,0.7017451498148989
20,156,Q6R:S8R:A11S,True,0.5378977591598864,0.8820101966496723,-2.036210259216703,0.5199374511336982,0.7009738238916852
20,157,Q3N:L7V:Q9A,True,0.42516725424816665,0.4129643117261471,-0.28324473344660717,0.9882720875684128,0.70061819964728
20,158,F2W:A5I:S8C,True,0.4382671647790086,0.461034231609614,-0.8136026925906947,0.9397967161845192,0.7004154738970666
20,159,R4P:L7Q:S8K,True,0.5854670328629475,0.9730517115804806,-2.320889211372097,0.42767787333854573,0.7003647924595132
20,160,L7Q:S8K:Q9A,True,0.468152563354026,0.6037873270211216,-1.3093431238592577,0.7959343236903831,0.6998608253557523
20,161,Q3G:R4A:A5M,True,0.4543037705589054,0.5367807720320467,-1.1250575757735728,0.8616106333072713,0.6991957026696589
20,162,Q3N:R4L:S8L,True,0.4421182154327518,0.4865258557902403,-0.9429804513644409,0.9116497263487099,0.699087791069475
20,163,R4Q:Q9A:H10Y,True,0.49321153685256086,0.7392571012381646,-1.6439357891222137,0.6583268178264269,0.6987919595322958
20,164,Q3G:R4P:Q9R,True,0.5087824979670077,0.8011653313911143,-1.8128156647554605,0.5934323690383112,0.6972988502147128
20,165,R4L:Q9A:H10Y,True,0.46726614821041684,0.6001456664238893,-1.3173001843160066,0.7943706020328382,0.6972581342283637
20,166,F2A:R4Q:S8L,True,0.5576115528815279,0.91442097596504,-2.153783707708283,0.47849882720875686,0.6964599015868984
20,167,R4P:Q9K:A11S,True,0.5869178391112932,0.9745083758193737,-2.3534352861309795,0.4175136825645035,0.6960110291919386
20,168,F2A:S8R:Q9A,True,0.4917033384785157,0.7312454479242535,-1.6395017313436,0.6606724003127443,0.6959589241184989
20,169,R4T:L7V:H10Y,True,0.5420359709339089,0.8892935178441369,-2.0857511639742192,0.5011727912431587,0.6952331545436479
20,170,F2Q:Q3N:L7I,True,0.4467839639511719,0.5120174799708667,-1.0623061635053945,0.8772478498827209,0.6946326649267938
20,171,F2W:R4T:A5M,True,0.5673867294477509,0.9410050983248361,-2.259213794054155,0.4480062548866302,0.6945056766057331
20,172,R4P:L7Q:H10Y,True,0.5944794902821524,0.9821558630735615,-2.4041174815111668,0.4042220484753714,0.6931889557744665
20,173,R4A:S8L:H10Y,True,0.4500686167978197,0.5258557902403496,-1.1315887528026827,0.8584831899921814,0.6921694901162655
20,174,R4L:S8L:A11S,True,0.49085417172367346,0.7239621267297888,-1.6435430395540565,0.6591086786551994,0.691535402692494
20,175,F2A:R4P:S8R,True,0.6090178079874373,0.98761835396941,-2.4597229497257946,0.3932759968725567,0.6904471754209833
20,176,R4C:A5I:Q6R,True,0.42213932751568745,0.39839766933721776,-0.45038569411625806,0.9765441751368257,0.6874709222370217
20,177,R4A:S8K:Q9K,True,0.44535079279630096,0.5061908230152949,-1.1068221352100003,0.8655199374511336,0.6858553802332144
20,178,F2W:R4T:H10F,True,0.5515259927811277,0.9024034959941734,-2.2209133834675177,0.46364347146207974,0.6830234837281266
20,179,R4P:Q9A:A11S,True,0.530745596929002,0.8674435542607429,-2.0964455935308233,0.4980453479280688,0.6827444510944058
20,180,R4P:S8R:A11S,True,0.5682058154717269,0.942461762563729,-2.3406203445133804,0.4222048475371384,0.6823333050504337
20,181,R4L:L7Q:S8R,True,0.5260871089409088,0.8543335761107065,-2.079340074524146,0.5043002345582487,0.6793169053344776
20,182,A5I:S8R:A11S,True,0.4878932395853825,0.7035688273852877,-1.658766092087362,0.6544175136825645,0.678993170533926
20,183,A5I:S8T:H10F,True,0.4561023089763138,0.5426074289876184,-1.2553684927207889,0.8146989835809226,0.6786532062842705
20,184,R4P:Q6R:S8T,True,0.4709180888821225,0.6176256372906045,-1.4656470434367526,0.7388584831899921,0.6782420602402983
20,185,R4P:S8T:Q9A,True,0.418429472549466,0.3772760378732702,-0.4141349240225244,0.9788897576231431,0.6780828977482066
20,186,A5M:L7I:Q9R,True,0.5561490937535934,0.9082301529497451,-2.259373303019883,0.4472243940578577,0.6777272735038014
20,187,R4H:S8R:Q9R,True,0.4400077807872808,0.471959213401311,-1.040874270333354,0.8819390148553558,0.6769491141283334
20,188,R4L:L7V:Q9R,True,0.43764533734502237,0.4581209031318281,-1.0137549154779268,0.893666927286943,0.6758939152093856
20,189,R4P:A5M:L7I,True,0.5818753729634681,0.9679533867443554,-2.5060729382016724,0.3831118060985145,0.6755325964214349
20,190,R4C:Q6R:S8R,True,0.45705208901813527,0.5455207574654042,-1.28569444670567,0.8053166536356529,0.6754187055505285
20,191,A5I:S8R:Q9A,True,0.41882928587148704,0.3794610342316096,-0.544216777557058,0.9695074276778733,0.6744842309547414
20,192,Q3N:R4T:Q9K,True,0.41928675799647386,0.38091769847050255,-0.5708681687432303,0.9679437060203284,0.6744307022454155
20,193,F2W:R4A:L7V,True,0.48882156742333,0.7101238164603059,-1.700393930083924,0.6379984362783424,0.6740611263693241
20,194,L7I:S8R:H10F,True,0.45897093419455964,0.5528040786598689,-1.3136148022327876,0.7951524628616107,0.6739782707607398
20,195,F2W:Q3N:R4T,True,0.4777348195189297,0.6518572469045885,-1.5337673727604701,0.6958561376075059,0.6738566922560472
20,196,F2W:R4H:S8R,True,0.4400077807872807,0.4712308812818645,-1.0624858989209058,0.8764659890539483,0.6738484351679064
20,197,Q3G:R4Q:Q6R,True,0.4199219982023798,0.38310269482884196,-0.6285238281370564,0.9632525410476935,0.6731776179382678
20,198,F2W:A5I:L7I,True,0.41493173518159393,0.359796067006555,-0.3295707499506939,0.9859265050820953,0.6728612860443252
20,199,F2W:R4P:H10Y,True,0.5944794902821524,0.9821558630735615,-2.569482200392841,0.3635652853792025,0.672860574226382
20,200,R4P:S8K:Q9R,True,0.5638409475301273,0.9315367807720321,-2.365812966381735,0.41360437842064113,0.6725705795963366
20,201,R4L:S8T:H10F,True,0.4944555993465054,0.7461762563729061,-1.8004141546339487,0.5989053948397185,0.6725408256063123
20,202,L7I:S8R:Q9R,True,0.4877233823927873,0.7028404952658412,-1.6881744393686253,0.6419077404222049,0.672374117844023
20,203,Q3G:R4A:L7V,True,0.4448137487116867,0.5018208302986161,-1.188488686936498,0.8389366692728695,0.6703787497857427
20,204,R4L:L7V:S8T,True,0.42939048037930894,0.42607428987618357,-0.9478041621078714,0.910086004691165,0.6680801472836743
20,205,R4L:L7I:S8T,True,0.4473336851633965,0.515659140568099,-1.2465788680980439,0.8201720093823299,0.6679155749752145
20,206,R4Q:L7Q:Q9R,True,0.5173271304848976,0.833211944646759,-2.085598142107392,0.5019546520719312,0.667583298359345
20,207,F2A:R4T:Q9K,True,0.5631502487931586,0.9286234522942461,-2.4027273619758187,0.40578577013291633,0.6672046112135812
20,208,F2W:Q3N:R4P,True,0.547877768156043,0.8980335032774945,-2.3027283171274613,0.436278342455043,0.6671559228662688
20,209,R4Q:L7Q:S8T,True,0.5090722735191842,0.8018936635105608,-1.9997873493329732,0.5308835027365129,0.6663885831235368
20,210,R4T:S8K:H10F,True,0.4778372622263907,0.6525855790240349,-1.5778896644122704,0.6794370602032838,0.6660113196136593
20,211,L7Q:S8R:Q9K,True,0.5152900851257637,0.8233794610342317,-2.0689239162620234,0.5074276778733385,0.6654035694537851
20,212,F2A:R4T:S8R,True,0.5172487740175037,0.8324836125273124,-2.096754435152278,0.49726348709929635,0.6648735498133044
20,213,A5M:S8K:Q9K,True,0.4395854441301039,0.46831755280407866,-1.128379106910037,0.8608287724784989,0.6645731626412887
20,214,R4P:H10Y:A11S,True,0.5935813390298214,0.9806991988346686,-2.6216863786590645,0.34714620797498047,0.6639227034048245
20,215,R4P:L7I:Q9A,True,0.4414716461955126,0.47997086671522216,-1.1561351557827237,0.8459734167318217,0.6629721417235219
20,216,R4T:Q9A:A11S,True,0.4606026482918888,0.5684632192279679,-1.4211481839480147,0.7560594214229867,0.6622613203254772
20,217,R4Q:Q9K:A11S,True,0.5298285675847196,0.8630735615440641,-2.2251115618451793,0.46051602814698983,0.661794794845527
20,218,Q3N:L7I:Q9R,True,0.4664971838247723,0.5979606700655499,-1.4891771775350935,0.7247849882720876,0.6613728291688188
20,219,R4P:L7Q:A11S,True,0.5878159903636243,0.976693372177713,-2.6324486998949235,0.3424550430023456,0.6595742075900293
20,220,A5M:L7I:Q9A,True,0.4429348181217263,0.48907501820830296,-1.2178624750464049,0.8295543393275997,0.6593146787679514
20,221,L7Q:S8T:Q9A,True,0.4143292786724116,0.35615440640932267,-0.6523562207717709,0.9609069585613761,0.6585306824853494
20,222,R4A:A5I:Q6R,True,0.4391435154921133,0.46613255644573925,-1.1499762624477294,0.8483189992181391,0.6572257778319393
20,223,L7Q:S8T:Q9K,True,0.4345776959173983,0.4471959213401311,-1.103069746757587,0.8670836591086787,0.6571397902244049
20,224,R4P:S8L:Q9A,True,0.5048248781784955,0.7880553532410779,-2.017002859866458,0.5254104769351056,0.6567329150880917
20,225,F2W:R4Q:S8T,True,0.4602567370502753,0.5651857246904588,-1.4413152786212298,0.7474589523064894,0.6563223384984741
20,226,F2A:R4Q:Q9A,True,0.5545494805858316,0.9060451565914057,-2.39873263828958,0.4065676309616888,0.6563063937765472
20,227,A5I:S8C:Q9R,True,0.4327671592578648,0.4366351056081573,-1.0668700235454354,0.8756841282251759,0.6561596169166666
20,228,Q3N:R4T:S8K,True,0.4040460889641928,0.31828113619810633,-0.20082572842738067,0.9937451133698202,0.6560131247839632
20,229,L7I:Q9K:H10F,True,0.45605687250130583,0.5418790968681719,-1.379341994486142,0.7677873338545739,0.654833215361373
20,230,L7V:S8R:Q9R,True,0.48507212919805576,0.6879096868171887,-1.7283023010149043,0.6215793588741204,0.6547445228456545
20,231,F2Q:R4T:Q9K,True,0.41468984880170173,0.35761107064821557,-0.7193607169543482,0.9515246286161063,0.654567849632161
20,232,R4A:L7V:Q9R,True,0.4183799456216009,0.37654770575382374,-0.8474592688490061,0.9319781078967944,0.6542629068253091
20,233,R4T:L7V:S8K,True,0.44969018018137064,0.5229424617625638,-1.334868622859729,0.7849882720875684,0.653965366925066
20,234,R4Q:Q6R:L7Q,True,0.4911192680501115,0.7246904588492352,-1.853007165992869,0.5801407349491791,0.6524155968992071
40,1,Q3G:R4H:A11S,True,0.3491460877560458,0.6215978928884986,-0.7784960083038466,0.9618528610354223,0.7917253769619605
40,2,R4Q:A5M:L7V,True,0.39693435949843353,0.7919227392449517,-1.4704610355565753,0.7892824704813806,0.7906026048631661
40,3,F2A:R4L:S8C,True,0.4711365910335623,0.9569798068481123,-1.980515241306752,0.6139872842870118,0.7854835455675621
40,4,R4H:H10F:A11S,True,0.4344045394222826,0.8770851624231782,-1.822812206107851,0.6648501362397821,0.7709676493314801
40,5,R4L:S8K:Q9A,True,0.3495939148198961,0.6259877085162423,-1.1144469178262968,0.9000908265213442,0.7630392675187933
40,6,R4Q:A5M:S8T,True,0.4242533499677019,0.8481123792800702,-1.7888628764330625,0.6730245231607629,0.7605684512204165
40,7,R4P:Q6R:S8K,True,0.34099612563681386,0.573748902546093,-0.9248456328112421,0.9418710263396912,0.7578099644428922
40,8,A5M:Q9R:A11S,True,0.42589981699696483,0.8516242317822651,-1.8559195483127007,0.6530426884650318,0.7523334601236484
40,9,R4L:A5I:S8C,True,0.33380061800579724,0.5153643546971027,-0.5560960871727293,0.9827429609445958,0.7490536578208493
40,10,F2A:R4L:Q9R,True,0.4562931070767419,0.9306409130816505,-2.123593849870768,0.5658492279745686,0.7482450705281096
40,11,Q3G:R4Q:S8C,True,0.33603409297406084,0.5408252853380158,-0.8178437597265271,0.9554950045413261,0.7481601449396709
40,12,F2A:R4C:L7I,True,0.43563430346597887,0.8832309043020193,-1.9828958919406292,0.6121707538601272,0.7477008290810733
40,13,R4Q:L7I:S8L,True,0.33460407128365177,0.5215100965759438,-0.7001309658384787,0.9736603088101726,0.7475852026930583
40,14,F2Q:A5M:A11S,True,0.46265013191808824,0.9464442493415277,-2.1824328283060646,0.5485921889191644,0.747518219130346
40,15,R4L:Q6R:S8K,True,0.3851267700497433,0.7690956979806848,-1.6631575463522,0.7247956403269755,0.7469456691538301
40,16,R4H:Q9A:H10F,True,0.34699066241358145,0.6057945566286216,-1.1454311339884715,0.8873751135331517,0.7465848350808866
40,17,F2Q:R4L:Q6R,True,0.35060897318531875,0.636523266022827,-1.3148595169836246,0.8419618528610354,0.7392425594419312
40,18,F2A:R4C:H10F,True,0.4703913981003756,0.9552238805970149,-2.283067719660462,0.522252497729337,0.7387381891631759
40,19,Q3G:A5M:S8C,True,0.3463844814741957,0.6022827041264267,-1.3259166321555438,0.8383287920072662,0.7203057480668464
40,20,F2W:A5M:S8T,True,0.3544030077781746,0.6505706760316067,-1.4775538613494834,0.7865576748410535,0.7185641754363301
40,21,A5M:L7I:S8T,True,0.3305665632090995,0.4978050921861282,-0.9476396421188846,0.9364214350590372,0.7171132636225827
40,22,R4Q:L7I:Q9R,True,0.33857528772568163,0.5583845478489904,-1.2023757542850195,0.8719346049046321,0.7151595763768113
40,23,F2Q:A5M:Q9K,True,0.3677369767062297,0.7058823529411765,-1.667201615622088,0.7238873751135332,0.7148848640273548
40,24,R4A:S8L:A11S,True,0.3384206133382411,0.5575065847234416,-1.2136646766563925,0.8692098092643051,0.7133581969938734
40,25,F2Q:Q6R:L7Q,True,0.34615548356870657,0.5996488147497805,-1.37418479351143,0.8237965485921889,0.7117226816709847
40,26,F2W:Q3G:S8C,True,0.3481668930013843,0.6145741878841089,-1.4360855807582573,0.8019981834695731,0.708286185676841
40,27,A5M:L7V:S8T,True,0.32384012106399895,0.4503950834064969,-0.753902850763026,0.9645776566757494,0.7074863700411231
40,28,F2W:A5I:L7V,True,0.3453949679561901,0.5961369622475856,-1.3837374395200746,0.818346957311535,0.7072419597795603
40,29,R4Q:A5I:L7I,True,0.3196339327637469,0.42230026338893767,-0.3519817808999417,0.9918256130790191,0.7070629382339784
40,30,Q3G:L7V:S8C,True,0.33698993532482885,0.5478489903424056,-1.2194466909995523,0.8646684831970936,0.7062587367697496
40,31,R4C:A5I:L7Q,True,0.34514694833518655,0.5943810359964882,-1.3882648432985056,0.8165304268846503,0.7054557314405692
40,32,F2A:R4L:S8K,True,0.42260180019613625,0.8446005267778753,-2.169523676597301,0.5513169845594914,0.6979587556686834
40,33,A5I:S8K:Q9R,True,0.3405832193817971,0.5706760316066726,-1.375379584261324,0.8228882833787466,0.6967821574927096
40,34,L7I:S8K:Q9R,True,0.34730966152689763,0.6093064091308165,-1.4903879233725559,0.7838328792007266,0.6965696441657716
40,35,F2Q:R4L:S8K,True,0.35989563300886546,0.6707638279192274,-1.6757627057171247,0.7193460490463215,0.6950549384827744
40,36,F2W:Q3G:Q9K,True,0.3403977017849224,0.568920105355575,-1.37805060835894,0.821071752951862,0.6949959291537184
40,37,F2A:R4C:A5M,True,0.45538481993054075,0.9288849868305531,-2.4976810544037003,0.45776566757493187,0.6933253272027424
40,38,F2Q:R4A:A5M,True,0.3754378134987932,0.7392449517120281,-1.881394662481754,0.6448683015440508,0.6920566266280395
40,39,Q3G:R4P:A5I,True,0.3171329987356512,0.4073748902546093,-0.6536234627393086,0.9763851044504995,0.6918799973525545
40,40,F2W:Q3G:A5M,True,0.3256304213850598,0.46005267778753295,-1.0455651119828775,0.9182561307901907,0.6891544042888619
40,41,Q3G:L7I:S8K,True,0.3310086880893804,0.5004389815627743,-1.197440324060142,0.8728428701180745,0.6866409258404245
40,42,F2A:R4L:S8L,True,0.4012028375884787,0.8042142230026339,-2.1257120045254374,0.5649409627611263,0.68457759288188
40,43,R4C:A5I:L7V,True,0.34781249397078534,0.6128182616330115,-1.5825994855153045,0.7556766575840145,0.684247459608513
40,44,L7I:S8L:Q9R,True,0.36049185606578904,0.6742756804214223,-1.7502782427853076,0.6930063578564941,0.6836410191389581
40,45,R4T:A5I:S8K,True,0.33669875036414404,0.5460930640913082,-1.3896190524136316,0.8147138964577657,0.6804034802745369
40,46,R4Q:A5I:L7V,True,0.3563197450468385,0.6575943810359964,-1.7288115959543653,0.7029972752043597,0.6802958281201781
40,47,Q3G:S8C:A11S,True,0.405009224321808,0.8129938542581212,-2.2038729931818493,0.5413260672116258,0.6771599607348735
40,48,F2A:Q9R:H10F,True,0.49499448789035383,0.9806848112379281,-2.876745161742959,0.3723887375113533,0.6765367743746407
40,49,L7I:S8L:A11S,True,0.3294329457113195,0.495171202809482,-1.2567554029199721,0.8564940962761126,0.6758326495427973
40,50,Q3G:L7I:S8C,True,0.33072794245789777,0.4986830553116769,-1.282653545145143,0.8510445049954587,0.6748637801535677
40,51,R4H:S8L:Q9K,True,0.3498326625908836,0.6294995610184372,-1.6984228269549242,0.7129881925522252,0.6712438767853313
40,52,F2A:R4A:Q9R,True,0.4871640753235889,0.9701492537313433,-2.900136240432265,0.36966394187102636,0.6699065978011849
40,53,A5M:L7I:A11S,True,0.40488717009679026,0.8112379280070237,-2.266035785080303,0.5277020890099909,0.6694700085085072
40,54,R4L:S8K:Q9R,True,0.3576631149521667,0.6628621597892889,-1.7867776670537379,0.6757493188010899,0.6693057392951893
40,55,R4H:L7V:A11S,True,0.36342803492937215,0.6918349429323969,-1.8790412080441072,0.6457765667574932,0.6688057548449451
40,56,F2A:R4A:Q9K,True,0.4390253375694502,0.8884986830553117,-2.5297081760977416,0.4477747502270663,0.668136716641189
40,57,Q3G:R4H:Q6R,True,0.3127862761339099,0.37664618086040386,-0.7861320565403705,0.9582198001816531,0.6674329905210284
40,58,F2A:R4A:S8C,True,0.48911584774880507,0.974539069359087,-2.9994087093572013,0.3578564940962761,0.6661977817276815
40,59,F2Q:Q3N:H10Y,True,0.323935563402965,0.45215100965759436,-1.17691941353581,0.8782924613987284,0.6652217355281613
40,60,F2Q:R4A:A11S,True,0.38425280789262467,0.7611940298507462,-2.1162836427522356,0.5676657584014533,0.6644298941260998
40,61,F2A:R4C:S8L,True,0.3733730177569298,0.7287093942054433,-2.0200704959236875,0.59763851044505,0.6631739523252467
40,62,Q3N:R4C:A5I,True,0.3090746735284407,0.3494293239683933,-0.6554553250807585,0.9754768392370572,0.6624530816027252
40,63,R4H:H10Y:A11S,True,0.3427747801124008,0.5812115891132572,-1.616549879676465,0.7420526793823796,0.6616321342478184
40,64,Q6R:L7I:S8K,True,0.37067933917621027,0.7164179104477612,-2.0032790678860155,0.6067211625794732,0.6615695365136172
40,65,S1W:Q3G:A5I,True,0.48386492157939426,0.9675153643546971,-3.0153457961205326,0.3542234332425068,0.660869398798602
40,66,Q3G:S8C:Q9K,True,0.33952567654123805,0.5618964003511853,-1.5762692432752108,0.7565849227974568,0.659240661574321
40,67,R4A:S8T:A11S,True,0.3354775136982484,0.5329236172080772,-1.501445238311082,0.782016348773842,0.6574699829909596
40,68,F2Q:R4T:S8L,True,0.3632737695812951,0.6900790166812993,-1.9643996585839834,0.6221616712079927,0.656120343944646
40,69,A5I:L7I:S8K,True,0.37577781496099166,0.7418788410886743,-2.097859771393524,0.5694822888283378,0.655680564958506
40,70,R4H:A5M:L7V,True,0.3048032920817599,0.3257243195785777,-0.5825035546219592,0.9800181653042689,0.6528712424414234
40,71,S1W:A5I:S8L,True,0.40406361115820794,0.8094820017559262,-2.382326345197489,0.49591280653950953,0.6526974041477178
40,72,Q3G:R4T:L7I,True,0.30421894114305026,0.31870061457418786,-0.5173386317291826,0.9863760217983651,0.6525383181862765
40,73,S1W:Q3G:S8L,True,0.4091042327403773,0.8226514486391572,-2.440889449483982,0.48138056312443234,0.6520160058817948
40,74,R4A:A5I:S8K,True,0.34016312080579025,0.5654082528533801,-1.6404669608142561,0.737511353315168,0.6514598030842741
40,75,Q3N:A5I:S8K,True,0.3243219436911407,0.45390693590869186,-1.2894870182079297,0.8483197093551317,0.6511133226319118
40,76,S1W:R4C:A5I,True,0.5026888960808974,0.9868305531167691,-3.1997875924805914,0.3151680290644868,0.6509992910906279
40,77,F2W:S8T:Q9A,True,0.3180620838440736,0.41527655838454786,-1.1467097120175365,0.8864668483197093,0.6508717033521286
40,78,F2A:R4L:A11S,True,0.44446004199734074,0.9043020193151887,-2.7450534996501355,0.3960036330608538,0.6501528261880213
40,79,S1W:Q3G:R4H,True,0.5009448171497639,0.9841966637401229,-3.1967550196674157,0.31607629427792916,0.650136479009026
40,80,F2W:A5I:Q9A,True,0.3010132057673271,0.2993854258121159,-0.12229110808812438,0.9981834695731153,0.6487844476926157
40,81,Q3N:R4H:Q9A,True,0.3049996366605457,0.3292361720807726,-0.726015012576927,0.9673024523160763,0.6482693121984244
40,82,F2W:Q9A:H10F,True,0.3475819420257831,0.611062335381914,-1.7645227345350263,0.6839237057220708,0.6474930205519924
40,83,F2A:R4A:S8K,True,0.43424692316791486,0.874451273046532,-2.642652821655255,0.41689373297002724,0.6456725030082796
40,84,R4Q:Q6R:L7I,True,0.32736380822844535,0.47058823529411764,-1.3832454086247443,0.8201634877384196,0.6453758615162686
40,85,Q3G:R4H:S8R,True,0.29993013118797546,0.29499561018437226,-0.3043809118943883,0.9954586739327884,0.6452271420585803
40,86,F2A:S8L:A11S,True,0.46004247659398406,0.9402985074626866,-3.052338916084735,0.34877384196185285,0.6445361747122698
40,87,L7V:S8T:A11S,True,0.35668144084840264,0.6611062335381914,-1.9583930718900313,0.6267029972752044,0.6439046154066979
40,88,Q3G:L7I:S8L,True,0.3096730857638472,0.353819139596137,-0.9660177966881021,0.9336966394187103,0.6437578895074236
40,89,F2W:Q3G:R4Q,True,0.30238832135332055,0.30816505706760317,-0.6466138084577034,0.9772933696639419,0.6427292133657725
40,90,R4A:L7I:S8K,True,0.3403953454448751,0.5680421422300264,-1.6808666437119655,0.7148047229791099,0.6414234326045681
40,91,S8L:H10F:A11S,True,0.44342939623078564,0.9003511852502195,-2.8217559841499344,0.3823796548592189,0.6413654200547192
40,92,A5M:Q9R:H10Y,True,0.37504279860963535,0.7366110623353819,-2.1901979208003537,0.5458673932788374,0.6412392278071096
40,93,R4Q:S8K:Q9R,True,0.32074507802999025,0.43283582089552236,-1.2913208428819252,0.8474114441416893,0.6401236325186058
40,94,R4A:Q9R:A11S,True,0.35383662671496546,0.6488147497805092,-1.9555801527954548,0.628519527702089,0.6386671387412991
40,95,A5I:L7V:Q9R,True,0.31438750716632924,0.38893766461808604,-1.1416083128528927,0.888283378746594,0.63861052168234
40,96,A5M:S8L:A11S,True,0.4155311065293465,0.8305531167690957,-2.541250425000848,0.44504995458673935,0.6378015356779175
40,97,F2A:R4A:S8L,True,0.43582423700956013,0.884108867427568,-2.8146999672636084,0.3869209809264305,0.6355149241769993
40,98,F2A:R4T:L7I,True,0.43427413629344574,0.8753292361720808,-2.753892464924104,0.39509536784741145,0.6352123020097461
40,99,R4L:A5I:S8L,True,0.31268240102962236,0.37576821773485514,-1.1287079019977901,0.8928247048138056,0.6342964612743304
40,100,F2A:R4A:A11S,True,0.5404327102873246,0.9973661106233538,-3.4558384561228697,0.2706630336058129,0.6340145721145833
40,101,F2A:S8K:Q9R,True,0.43466702174392163,0.8788410886742757,-2.799087977557151,0.3887375113533152,0.6337893000137954
40,102,A5I:S8K:Q9A,True,0.3261165252239379,0.4626865671641791,-1.4229778716364068,0.8047229791099001,0.6337047731370395
40,103,L7I:S8L:Q9K,True,0.3611686547805591,0.6777875329236172,-2.038124350668178,0.5894641235240691,0.6336258282238432
40,104,F2Q:R4T:H10Y,True,0.3072477614638323,0.34064969271290607,-1.0156017177368064,0.9237057220708447,0.6321777073918754
40,105,R4C:H10F:A11S,True,0.44342939623078564,0.9003511852502195,-2.9204091636137774,0.36330608537693004,0.6318286353135748
40,106,Q3G:R4T:H10F,True,0.31230264753552084,0.3713784021071115,-1.1304239404855898,0.8910081743869209,0.6311932882470161
40,107,A5I:L7Q:Q9R,True,0.3157904752667227,0.40298507462686567,-1.2566706368141747,0.857402361489555,0.6301937180582103
40,108,Q3N:S8L:A11S,True,0.3093706633432007,0.3520632133450395,-1.079316164284117,0.9082652134423251,0.6301642133936823
40,109,R4T:Q6R:S8L,True,0.36265812327683994,0.6865671641791045,-2.083529179703177,0.5731153496821072,0.6298412569306058
40,110,F2Q:R4A:Q9K,True,0.3099715260287144,0.35733099209833186,-1.1064314965925433,0.9019073569482289,0.6296191745232804
40,111,F2Q:Q3G:H10F,True,0.32626404323237096,0.46444249341527655,-1.451690946811961,0.7938237965485921,0.6291331449819344
40,112,F2A:R4T:S8C,True,0.4267513759205515,0.8542581211589113,-2.70647161728147,0.40236148955495005,0.6283098053569307
40,113,F2W:Q3G:H10F,True,0.34719457734303477,0.6066725197541704,-1.8655008444203585,0.6494096276112625,0.6280410736827164
40,114,R4T:S8C:Q9A,True,0.30492795407540263,0.32748024582967517,-1.0056884030411088,0.9282470481380564,0.6278636469838658
40,115,R4L:H10F:A11S,True,0.39332916476971774,0.7875329236172081,-2.4741492838767503,0.4677565849227975,0.6276447542700028
40,116,R4C:Q9R:H10Y,True,0.3700301960258936,0.713784021071115,-2.2046498807119557,0.5404178019981835,0.6271009115346493
40,117,Q3G:R4T:L7V,True,0.30168319992664094,0.3028972783143108,-0.8760922281271533,0.9491371480472298,0.6260172131807703
40,118,R4A:Q9A:H10Y,True,0.3102581967411188,0.35908691834942935,-1.1300494525592488,0.8919164396003633,0.6255016789748963
40,119,Q6R:L7I:Q9R,True,0.3034418445568019,0.3160667251975417,-0.9674766519324891,0.932788374205268,0.6244275497014048
40,120,Q3N:R4H:A5I,True,0.2931741563700396,0.257243195785777,-0.3873126744546125,0.9909173478655767,0.6240802718256768
40,121,Q3G:A5M:S8T,True,0.3020472706416904,0.305531167690957,-0.9363335978102941,0.9409627611262489,0.6232469644086029
40,122,A5M:S8C:Q9R,True,0.3078284035488263,0.34503950834064967,-1.110124927325526,0.9009990917347865,0.6230193000377181
40,123,R4P:S8K:H10F,True,0.30565083294063916,0.334503950834065,-1.0707869402102954,0.9109900090826522,0.6227469799583586
40,124,R4H:A5M:Q6R,True,0.34302034724474334,0.5829675153643546,-1.8256329614665483,0.662125340599455,0.6225464279819048
40,125,Q3G:R4T:S8K,True,0.29192962349253265,0.24846356453028973,-0.2946348852056351,0.9963669391462306,0.6224152518382602
40,126,F2A:R4A:H10Y,True,0.495075697421139,0.9815627743634767,-3.515063153160053,0.26248864668483196,0.6220257105241543
40,127,R4C:A5I:S8C,True,0.29950994386653546,0.2923617208077261,-0.8655786213841051,0.9509536784741145,0.6216576996409203
40,128,R4Q:L7V:S8T,True,0.3209372755307219,0.43371378402107114,-1.404127814200914,0.8092643051771117,0.6214890445990914
40,129,Q3N:S8T:A11S,True,0.322037597854322,0.43898156277436345,-1.4231775197834153,0.8038147138964578,0.6213981383354106
40,130,A5I:Q9R:H10Y,True,0.3181420205838122,0.4170324846356453,-1.3722076554986655,0.8247048138056312,0.6208686492206382
40,131,Q3G:A5M:L7I,True,0.29529975930996893,0.2721685689201054,-0.7118202561499081,0.9691189827429609,0.6206437758315332
40,132,R4P:L7V:Q9K,True,0.3165153027212578,0.4047410008779631,-1.3288834962891731,0.8365122615803815,0.6206266312291723
40,133,S8L:Q9R:A11S,True,0.37207167794431434,0.7216856892010536,-2.3158023912108816,0.5158946412352406,0.6187901652181471
40,134,F2A:R4L:Q9K,True,0.3928624177332471,0.7840210711150132,-2.5202999780830027,0.45322434150772023,0.6186227063113667
40,135,Q3N:A5I:L7Q,True,0.3198684540745285,0.42581211589113255,-1.3985469825036985,0.8110808356039964,0.6184464757475645
40,136,R4Q:H10F:A11S,True,0.38453143068637746,0.7638279192273925,-2.4587318074833133,0.47229791099000906,0.6180629151087007
40,137,F2Q:R4L:S8T,True,0.313927485428395,0.3845478489903424,-1.2867629341411988,0.8501362397820164,0.6173420443861793
40,138,Q3N:L7V:S8T,True,0.2908396222990919,0.23880597014925373,-0.3484440094233584,0.9927338782924614,0.6157699242208575
40,139,R4T:S8L:Q9R,True,0.35448367373645606,0.6514486391571555,-2.0759153973564004,0.5794732061762035,0.6154609226666794
40,140,A5I:L7V:Q9A,True,0.32432858124292446,0.4547848990342406,-1.519973475386644,0.7756584922797457,0.6152216956569931
40,141,R4A:S8K:A11S,True,0.3713610963610204,0.7181738366988587,-2.331856299327571,0.5122615803814714,0.6152177085401651
40,142,S1W:Q3G:S8R,True,0.4875363861814987,0.971027216856892,-3.5569317499013136,0.25703905540417804,0.614033136130535
40,143,S1W:R4Q:A5I,True,0.4319567912718813,0.8674275680421423,-2.972751915425107,0.3605812897366031,0.6140044288893727
40,144,R4T:Q6R:L7I,True,0.3134024125315952,0.3810359964881475,-1.2962452358424903,0.8455949137148048,0.6133154551014761
40,145,F2W:S8C:A11S,True,0.4359681346928337,0.8849868305531168,-3.0807415848075745,0.3387829246139873,0.611884877583552
40,146,R4H:L7V:S8R,True,0.31427543864342616,0.3880597014925373,-1.3297278055119672,0.8356039963669392,0.6118318489297383
40,147,A5I:L7Q:S8C,True,0.33808150219040095,0.5522388059701493,-1.7957726249240855,0.6712079927338783,0.6117233993520138
40,148,F2W:Q6R:Q9K,True,0.3928967041212322,0.7848990342405618,-2.5762663038602405,0.43778383287920075,0.6113414335598812
40,149,A5M:L7V:S8R,True,0.3218820408117797,0.437225636523266,-1.4989564867780947,0.7829246139872843,0.6100751252552752
40,150,F2A:R4C:Q6R,True,0.38782220031666803,0.7761194029850746,-2.5463698869049143,0.44323342415985467,0.6096764135724646
40,151,S1W:Q3G:S8C,True,0.486366331913797,0.9692712906057945,-3.587698035638312,0.24977293369663942,0.609522112151217
40,152,R4P:S8L:Q9R,True,0.348340750410949,0.6163301141352063,-2.018095328741407,0.6003633060853769,0.6083467101102916
40,153,F2A:Q9R:A11S,True,0.5192267235305111,0.9929762949956101,-3.745465794824463,0.22161671207992734,0.6072965035377688
40,154,S1W:S8L:Q9A,True,0.41828933150646597,0.8331870061457419,-2.8238923796067246,0.38056312443233425,0.6068750652890381
40,155,R4A:S8C:A11S,True,0.3774144844730019,0.7453906935908692,-2.4743039629477903,0.46684831970935514,0.6061195066501122
40,156,R4Q:L7I:S8C,True,0.3276353486192935,0.47322212467076386,-1.6289548264033087,0.7384196185286104,0.6058208715996871
40,157,R4H:A5I:S8R,True,0.28984220669670013,0.22914837576821773,-0.5729863829123869,0.9818346957311535,0.6054915357496856
40,158,A5I:L7V:S8L,True,0.34131827646476953,0.5750658472344161,-1.9335162856179524,0.6357856494096276,0.6054257483220218
40,159,F2A:R4L:A5I,True,0.39918777088230245,0.8015803336259877,-2.6958567497954915,0.40417801998183467,0.6028791768039112
40,160,S1W:R4H:Q9A,True,0.5142238933641164,0.990342405618964,-3.7731011205699336,0.21435059037238874,0.6023464979956764
40,161,F2Q:R4C:H10Y,True,0.34177553438430736,0.5768217734855136,-1.9562460333312686,0.6276112624886467,0.6022165179870802
40,162,A5M:S8R:Q9A,True,0.298808281393979,0.2897278314310799,-1.064230296119431,0.9146230699364214,0.6021754506837507
40,163,F2W:A5M:Q6R,True,0.35650333838854936,0.6584723441615452,-2.192547624022489,0.5449591280653951,0.6017157361134702
40,164,S1W:F2W:A5I,True,0.42976638798244887,0.8612818261633012,-3.0735419890244207,0.34150772025431425,0.6013947732088077
40,165,F2A:Q6R:Q9R,True,0.4469430869710707,0.913081650570676,-3.32220469285286,0.2888283378746594,0.6009549942226677
40,166,R4H:S8L:H10F,True,0.3629636718924601,0.6874451273046532,-2.324293287338711,0.5140781108083561,0.6007616190565046
40,167,F2Q:R4P:Q6R,True,0.3843116565845788,0.7625109745390694,-2.566412796777523,0.43869209809264303,0.6006015363158562
40,168,Q3G:Q6R:L7Q,True,0.29304083492794153,0.25636523266022826,-0.9003845247946434,0.9445958219800181,0.6004805273201232
40,169,A5M:Q6R:Q9A,True,0.3313684379392914,0.5030728709394205,-1.7389023292200894,0.6975476839237057,0.6003102774315632
40,170,R4P:L7V:H10F,True,0.34724178018951496,0.607550482879719,-2.0303151343677834,0.592188919164396,0.5998697010220575
40,171,L7V:S8L:Q9R,True,0.33175788574398596,0.5057067603160668,-1.747807341795232,0.6939146230699365,0.5998106916930016
40,172,S8C:Q9A:H10F,True,0.2917895051370877,0.24495171202809482,-0.8247496085974275,0.9545867393278837,0.5997692256779893
40,173,F2A:Q3N:Q9R,True,0.43499318792845226,0.8805970149253731,-3.188331224440435,0.3188010899182561,0.5996990524218146
40,174,F2W:Q3G:L7I,True,0.2970821708371575,0.28182616330114135,-1.0462042771789346,0.9173478655767484,0.5995870144389449
40,175,R4H:A5M:S8L,True,0.32217367065941666,0.43985952589991223,-1.5749507613578722,0.7584014532243415,0.5991304895621269
40,176,Q3G:S8T:A11S,True,0.31326250509327386,0.3801580333625988,-1.3862498380860067,0.8174386920980926,0.5987983627303457
40,177,A5M:L7V:Q9A,True,0.29040759644452646,0.2344161545215101,-0.777218159369434,0.9627611262488647,0.5985886403851874
40,178,A5M:L7Q:Q9R,True,0.3381734564281213,0.5539947322212467,-1.9116841573363152,0.6421435059037239,0.5980691190624854
40,179,R4Q:S8L:A11S,True,0.3028050019322877,0.3107989464442493,-1.1626754269998427,0.8837420526793823,0.5972704995618159
40,180,F2Q:R4T:A11S,True,0.3360259919063037,0.5399473222124671,-1.852646664713987,0.6539509536784741,0.5969491379454706
40,181,S1W:A5I:S8R,True,0.4774484616902233,0.9631255487269534,-3.7096505884763316,0.22979109900090827,0.5964583238639308
40,182,F2A:Q3N:R4C,True,0.373568784696725,0.7304653204565408,-2.4912585568445635,0.46139872842870117,0.595932024442621
40,183,F2A:R4L,True,0.36679935950392073,0.7023705004389815,-2.421459165705017,0.48864668483197093,0.5955085926354762
40,184,F2A:R4H:L7I,True,0.44167795420215583,0.8946444249341527,-3.2865413952513305,0.296094459582198,0.5953694422581753
40,185,F2W:Q9R:H10Y,True,0.3703309926308081,0.7155399473222125,-2.45092207202961,0.47411444141689374,0.5948271943695531
40,186,F2A:R4A:Q6R,True,0.4553207224784043,0.9280070237050044,-3.5166932321935374,0.2615803814713896,0.5947937025881971
40,187,L7I:H10F:A11S,True,0.3779284084353427,0.7480245829675154,-2.559832145069541,0.44141689373297005,0.5947207383502428
40,188,R4Q:Q9R:H10F,True,0.3106309223746934,0.36259877085162423,-1.3692351032409722,0.8256130790190735,0.5941059249353489
40,189,R4A:L7I:A11S,True,0.3328239798147909,0.5092186128182616,-1.7840683025610915,0.6775658492279746,0.5933922310231181
40,190,F2A:R4T:S8L,True,0.4001965137053572,0.8024582967515365,-2.8190222432890826,0.38419618528610355,0.59332724101882
40,191,A5M:L7Q:A11S,True,0.4453049307698717,0.9078138718173837,-3.4270138258004024,0.2742960944595822,0.5910549831384829
40,192,F2Q:A5M:H10F,True,0.3896657200911465,0.7787532923617209,-2.701517981148215,0.4032697547683924,0.5910115235650566
40,193,S1W:R4H:Q9K,True,0.4538151012437863,0.922739244951712,-3.546013459173617,0.25885558583106266,0.5907974153913873
40,194,F2W:Q3N:Q9A,True,0.302220906729424,0.30728709394205445,-1.1842689095644185,0.8737511353315168,0.5905191146367856
40,195,F2W:Q3G:A5I,True,0.2812399120469587,0.18086040386303776,0.2270183513625521,1.0,0.5904302019315188
40,196,L7V:S8T:Q9A,True,0.28245189422079203,0.1861281826163301,-0.32872600245602335,0.9945504087193461,0.590339295667838
40,197,F2W:L7V:Q9R,True,0.3449503938805048,0.5926251097453907,-2.0476212832322256,0.5876475930971844,0.5901363514212876
40,198,R4H:A5M:H10F,True,0.3551479232267219,0.6540825285338016,-2.27660729923648,0.5258855585831063,0.5899840435584539
40,199,R4Q:S8C:H10Y,True,0.37169148544382263,0.7199297629499561,-2.4917319468108916,0.45958219800181654,0.5897559804758863
40,200,F2W:Q3N:Q9K,True,0.30480619344396503,0.32660228270412645,-1.2770220263990693,0.8528610354223434,0.5897316590632349
40,201,A5M:H10F:A11S,True,0.5101492468150405,0.9894644424934153,-3.938519749484895,0.18891916439600362,0.5891918034447094
40,202,F2Q:Q3G:Q6R,True,0.30533873316705207,0.33187006145741876,-1.292531465156322,0.846503178928247,0.5891866201928329
40,203,A5I:Q6R:Q9A,True,0.28224870825384224,0.18437225636523266,-0.3358842774457902,0.9936421435059037,0.5890071999355682
40,204,F2A:Q3N:S8C,True,0.42445913416524683,0.848990342405619,-3.126139005941644,0.32879200726612173,0.5888911748358704
40,205,F2A:Q3N:L7I,True,0.42655416999812407,0.8533801580333626,-3.1447798199439543,0.3242506811989101,0.5888154196161364
40,206,Q3G:S8L:Q9A,True,0.31077486994141623,0.36435469710272167,-1.3937687993567076,0.812897366030881,0.5886260315668014
40,207,R4T:S8L:A11S,True,0.3234247633819865,0.44688323090430204,-1.6566630594946905,0.7302452316076294,0.5885642312559658
40,208,A5I:L7I:Q9R,True,0.28042001750274725,0.17734855136084285,0.04573858962262256,0.9990917347865577,0.5882201430737003
40,209,R4P:A5I,True,0.28774775636344047,0.21729587357330993,-0.7848871489378202,0.9591280653950953,0.5882119694842026
40,210,Q6R:L7I:S8T,True,0.3030217459807952,0.31343283582089554,-1.2251143378573708,0.8628519527702089,0.5881423942955522
40,211,R4H:Q9R:A11S,True,0.3348631580148507,0.5250219490781387,-1.8576224484762678,0.6512261580381471,0.5881240535581429
40,212,R4T:Q6R:S8T,True,0.2947100470741376,0.26953467954345917,-1.0904818034431398,0.9064486830154405,0.5879916812794498
40,213,S1W:S8R:Q9A,True,0.4723137167131329,0.9578577699736611,-3.7579661479993143,0.21798365122615804,0.5879207105999096
40,214,F2Q:Q3N:R4T,True,0.28644487321894935,0.20719929762949957,-0.7189709467519259,0.9682107175295186,0.587705007579509
40,215,Q3G:L7V:S8L,True,0.303043367099174,0.31431079894644426,-1.237194413761768,0.8610354223433242,0.5876731106448843
40,216,R4H:Q9K:H10Y,True,0.3271009807856116,0.4679543459174715,-1.710023272496506,0.706630336058129,0.5872923409878003
40,217,R4Q:S8L:Q9A,True,0.29872445825691996,0.28884986830553117,-1.155952281112137,0.8846503178928247,0.5867500930991779
40,218,A5M:S8K:Q9A,True,0.30748749201489606,0.34328358208955223,-1.357497051959479,0.8301544050862852,0.5867189935879187
40,219,S1W:A5I:L7V,True,0.46468664415529237,0.9490781387181738,-3.7388078388093486,0.22434150772025432,0.586709823219214
40,220,S1W:R4H:H10Y,True,0.5162629551210635,0.9912203687445127,-3.98014532840316,0.18165304268846502,0.5864367057164889
40,221,L7Q:S8L:A11S,True,0.30714924639901586,0.33977172958735735,-1.3504000062378771,0.8328792007266121,0.5863254651569847
40,222,A5M:Q6R:S8T,True,0.3444617080603017,0.5891132572431957,-2.0548787780557074,0.5831062670299727,0.5861097621365843
40,223,F2W:R4A:A5M,True,0.3211720417481081,0.4354697102721686,-1.6445415433209771,0.7356948228882834,0.5855822665802259
40,224,R4L:L7V:S8C,True,0.30299535574575437,0.3125548726953468,-1.2515268538300743,0.8583106267029973,0.585432749699172
40,225,F2A:Q3G:Q9R,True,0.453051567171882,0.9218612818261633,-3.589720032611825,0.2488646684831971,0.5853629751546803
40,226,F2A:Q3G:H10F,True,0.4668593751882286,0.9499561018437226,-3.746581417364533,0.22070844686648503,0.5853322743551038
40,227,Q3N:R4Q:A5M,True,0.42723213278493805,0.8560140474100087,-3.200099405213364,0.3142597638510445,0.5851369056305267
40,228,F2Q:R4T:L7V,True,0.3395058969780498,0.5610184372256365,-1.9942096200426658,0.6085376930063578,0.5847780651159972
40,229,S1W:R4C:S8L,True,0.4061420381465086,0.8173836698858647,-3.029314853472198,0.35149863760217986,0.5844411537440223
40,230,R4P:Q6R:S8C,True,0.34071538000533125,0.57243195785777,-2.0253014427129084,0.5958219800181653,0.5841269689379677
40,231,F2W:A5M:S8C,True,0.33508543316445283,0.5276558384547849,-1.9215086295087116,0.6403269754768393,0.5839914069658121
40,232,R4Q:S8C:Q9R,True,0.31541702948940165,0.3977172958735733,-1.5331169185176452,0.7702089009990918,0.5839630984363325
40,233,R4L:L7I:S8L,True,0.3282065772580633,0.48024582967515367,-1.7606607052277212,0.6875567665758402,0.583901298125497
40,234,F2Q:R4Q:H10F,True,0.3345528860463369,0.5188762071992976,-1.8711672196443454,0.6485013623978202,0.5836887847985589
40,235,F2W:S8T:Q9K,True,0.3562785766464329,0.6567164179104478,-2.3448873205552214,0.5104450499545867,0.5835807339325172
40,236,R4A:S8T:Q9A,True,0.28158722156909993,0.18349429323968394,-0.5376614387391846,0.9836512261580381,0.583572759698861
40,237,R4A:S8K:Q9R,True,0.3052007498656804,0.33099209833187004,-1.3479121149117126,0.8337874659400545,0.5823897821359623
40,238,R4P:S8L:A11S,True,0.31078762255046355,0.3652326602282704,-1.4408801689241004,0.7992733878292462,0.5822530240287582
40,239,S1W:Q3G:H10Y,True,0.49133196960125897,0.9762949956101844,-3.938673501900216,0.1880108991825613,0.5821529473963729
40,240,Q3G:S8R:Q9A,True,0.28146592181474983,0.1826163301141352,-0.5764758126012723,0.9809264305177112,0.5817713803159232
40,241,S1W:R4A:A5I,True,0.40112051151821526,0.8033362598770851,-2.9896067265304977,0.35967302452316074,0.5815046422001229
40,242,F2A:R4H:H10F,True,0.47010091509308843,0.9543459174714662,-3.8021671899829537,0.20799273387829245,0.5811693256748793
40,243,F2Q:Q6R:Q9A,True,0.3016575841138081,0.30201931518876207,-1.2439184604112699,0.860127157129882,0.581073236159322
40,244,S1W:Q3G:L7Q,True,0.43238383947488673,0.8691834942932397,-3.3027162277878093,0.2924613987284287,0.5808224465108343
40,245,R4H:S8T:H10Y,True,0.2991706114903568,0.2914837576821773,-1.2110349371573497,0.8701180744777475,0.5808009160799624
40,246,A5I:Q6R:L7I,True,0.28585068071134967,0.20368744512730466,-0.7935780970099391,0.9573115349682108,0.5804994900477577
40,247,R4H:Q6R:L7I,True,0.30797787919082525,0.34591747146619845,-1.3925695252770225,0.8138056312443234,0.579861551355261
40,248,S1W:R4P:A5I,True,0.44403338933832104,0.9025460930640913,-3.559031554641526,0.2561307901907357,0.5793384416274134
40,249,F2Q:Q6R:H10Y,True,0.34099612563681386,0.573748902546093,-2.0509958620791497,0.5849227974568574,0.5793358500014751
40,250,F2A:A5M:Q9K,True,0.4751647029141452,0.961369622475856,-3.897497781538747,0.19709355131698456,0.5792315868964203
40,251,Q3N:R4Q:S8T,True,0.29262756628010533,0.2528533801580334,-1.0928389408849917,0.9055404178019982,0.5791968989800158
40,252,F2A:Q3N:R4A,True,0.42208726316402384,0.8410886742756805,-3.1916710522701925,0.3169845594913715,0.5790366168835259
40,253,S1W:Q3G:R4Q,True,0.41016394084957275,0.8252853380158033,-3.1182081728682784,0.3315168029064487,0.578401070461126
40,254,F2W:Q3G:R4P,True,0.3348041739182224,0.52414398595259,-1.9427246172516286,0.6321525885558583,0.5781482872542242
40,255,S1W:R4H:L7Q,True,0.43562537937974666,0.8823529411764706,-3.4355984366680725,0.27338782924613986,0.5778703852113052
40,256,Q3G:L7I:Q9A,True,0.28714249849682844,0.20983318700614575,-0.8889449271458232,0.9455040871934605,0.5776686370998031
40,257,R4L:S8C:A11S,True,0.35844101577288723,0.6681299385425812,-2.4331626261860833,0.485921889191644,0.5770259138671125
40,258,R4P:S8L:Q9K,True,0.34901754912571903,0.6198419666374012,-2.2331372520028845,0.5340599455040872,0.5769509560707442
40,259,F2A:R4C:L7Q,True,0.3751232626390462,0.7374890254609306,-2.64764040227006,0.4159854677565849,0.5767372466087578
40,260,Q3G:R4Q:S8L,True,0.2779978390757096,0.16593503072870938,-0.5154436114982034,0.9872842870118075,0.5766096588702584
40,261,F2W:Q6R:S8T,True,0.3139664790182659,0.3863037752414399,-1.536878656234226,0.7665758401453224,0.5764398076933812
40,262,F2A:A5M:S8L,True,0.46411919373175675,0.9482001755926251,-3.8250663939512832,0.20435967302452315,0.5762799243085741
40,263,Q3G:A5M:Q6R,True,0.31568912166718693,0.40122914837576823,-1.5975306130907638,0.7511353315168029,0.5761822399462856
40,264,Q3N:R4P:Q6R,True,0.30026547496575606,0.2967515364354697,-1.2668547200355047,0.8555858310626703,0.57616868374907
40,265,Q3N:Q6R:H10Y,True,0.365411977494041,0.6997366110623354,-2.5226953872548776,0.45231607629427795,0.5760263436783066
40,266,F2W:R4Q:S8L,True,0.32385935870617794,0.45127304653204564,-1.7325457276988705,0.7002724795640327,0.5757727630480391
40,267,R4Q:L7V:Q9R,True,0.3098413174038786,0.3546971027216857,-1.446905740261907,0.7965485921889192,0.5756228474553025
40,268,F2A:Q3N:H10Y,True,0.48622034097376726,0.9683933274802459,-3.9788415634989827,0.18256130790190736,0.5754773176910766
40,269,F2A:Q3G:R4A,True,0.4248536908180975,0.8507462686567164,-3.2664707252210103,0.2997275204359673,0.5752368945463419
40,270,R4A:A11S,True,0.33335354556253827,0.5118525021949079,-1.9284343481812005,0.6376021798365122,0.5747273410157101
40,271,F2A:Q3G:A5M,True,0.44529521923025356,0.9069359086918349,-3.6172080103799673,0.24250681198910082,0.5747213603404678
40,272,L7I:S8T:Q9R,True,0.27693374571197277,0.16066725197541704,-0.5008122723483779,0.9881925522252498,0.5744299021003334
40,273,R4A:S8C:Q9A,True,0.2839590925703228,0.1922739244951712,-0.8153703540714226,0.9564032697547684,0.5743385971249698
40,274,S1W:Q3G:R4A,True,0.38718108940594725,0.7752414398595259,-2.872436343541777,0.37329700272479566,0.5742692212921607
40,275,R4P:A5M,True,0.30192981550752523,0.30465320456540823,-1.306624530033421,0.8437783832879201,0.5742157939266641
40,276,R4L:L7I:Q9R,True,0.31279186466247305,0.3775241439859526,-1.5354420339347308,0.7683923705722071,0.5729582572790799
40,277,F2W:R4P:H10F,True,0.34962100378273014,0.6268656716417911,-2.3016405862218337,0.5186194368755677,0.5727425542586794
40,278,Q3N:L7V:S8L,True,0.27817268778797055,0.1672519754170325,-0.6321189851087754,0.9782016348773842,0.5727268051472083
40,279,S1W:F2Q:Q9K,True,0.445017367160446,0.9060579455662863,-3.6521065942653195,0.23796548592188918,0.5720117157440877
40,280,Q6R:S8L:Q9A,True,0.34798192068836986,0.6136962247585601,-2.258997746062695,0.5295186194368756,0.5716074220977179
40,281,S1W:F2Q:S8R,True,0.49957566016969895,0.9824407374890255,-4.145181138233091,0.16076294277929154,0.5716018401341585
40,282,R4P:Q6R:L7I,True,0.3265486947632808,0.46532045654082527,-1.7853108133720241,0.6766575840145322,0.5709890202776787
40,283,S1W:F2Q:H10Y,True,0.49457350950611884,0.9798068481123793,-4.135132246644088,0.16167120799273388,0.5707390280525566
40,284,Q6R:S8K:Q9K,True,0.3553873875868541,0.6549604916593503,-2.435757317827145,0.48501362397820164,0.569987057818776
40,285,Q3G:L7V:S8R,True,0.3110338987385663,0.36611062335381916,-1.5222495278734403,0.773841961852861,0.56997629260334
40,286,R4L:Q6R:S8T,True,0.31746917685432813,0.4100087796312555,-1.6605465334263627,0.7266121707538601,0.5683104751925578
40,287,F2W:R4H:H10Y,True,0.3227537622337262,0.4442493415276558,-1.7506896443635944,0.6920980926430518,0.5681737170853538
40,288,Q3G:R4Q:L7V,True,0.2912113636767651,0.23968393327480245,-1.1193828772548589,0.896457765667575,0.5680708494711887
40,289,R4A:L7V:S8K,True,0.2918002869489194,0.24582967515364354,-1.1395084872566406,0.8891916439600364,0.56751065955684
40,290,S1W:S8C:Q9A,True,0.4318966452336586,0.8665496049165935,-3.469249483355192,0.26793823796548594,0.5672439214410397
40,291,F2A:S8C:A11S,True,0.5428045812885476,0.9982440737489026,-4.321361060246248,0.1362397820163488,0.5672419278826257
40,292,F2Q:S8T:Q9K,True,0.3123717660864663,0.373134328358209,-1.562159631758706,0.7602179836512262,0.5666761560047175
40,293,R4H:Q9K:A11S,True,0.3291424627040323,0.4916593503072871,-1.9160136222251727,0.6412352406902816,0.5664472954987844
40,294,S1W:F2A:R4L,True,0.4835591909085612,0.9657594381035997,-4.092208956631341,0.16712079927338783,0.5664401186884938
40,295,Q3G:A5M:L7Q,True,0.32691978589971,0.46707638279192276,-1.8225385859256253,0.6657584014532243,0.5664173921225735
40,296,L7V:S8T:Q9R,True,0.2698892210051143,0.1431079894644425,-0.47859785767777896,0.989100817438692,0.5661044034515673
40,297,R4L:L7I:Q9A,True,0.31856770152264874,0.417910447761194,-1.686793435562994,0.7138964577656676,0.5659034527634308
40,298,R4P:S8L:H10F,True,0.3580545809790316,0.6654960491659351,-2.4833268291910815,0.4659400544959128,0.5657180518309239
40,299,L7I:S8K:Q9A,True,0.31985453235700684,0.42493415276558383,-1.7266881981279125,0.7057220708446866,0.5653281118051352
40,300,L7I:S8K,True,0.3330946032375796,0.5109745390693591,-1.9691907786339609,0.6185286103542235,0.5647515747117913
40,301,A5M:S8K:A11S,True,0.42813233505366366,0.8568920105355575,-3.450489020581678,0.2724795640326976,0.5646857872841275
40,302,A5I:S8T:Q9A,True,0.27365416013745164,0.15013169446883232,-0.5925527553814567,0.9791099000908265,0.5646207972798294
40,303,F2A:R4Q:S8C,True,0.42372708263753345,0.8472344161545216,-3.3761509513375567,0.2815622161671208,0.5643983161608211
40,304,F2Q:R4A:Q9A,True,0.30835498758677365,0.3476733977172959,-1.5040252462311452,0.7801998183469573,0.5639366080321266
40,305,F2Q:Q9R:H10Y,True,0.3176264479875012,0.4117647058823529,-1.6806862807937937,0.7157129881925522,0.5637388470374526
40,306,F2A:R4L:L7V,True,0.3835143764490641,0.7594381035996488,-2.910822167522556,0.3678474114441417,0.5636427575218952
40,307,A5M:L7Q:Q9A,True,0.34909331967783025,0.62071992976295,-2.3560782684167236,0.5049954586739328,0.5628576942184413
40,308,Q3N:S8C:A11S,True,0.3399472220255321,0.5636523266022827,-2.1409223024328683,0.5613079019073569,0.5624801142548198
40,309,A5I:L7I:S8C,True,0.2823717899279634,0.18525021949078138,-0.9443478363027444,0.9391462306993642,0.5621982250950728
40,310,S1W:Q3G:Q6R,True,0.44277926057518396,0.8990342405618964,-3.7328624630677263,0.22524977293369663,0.5621420067477965
40,311,S1W:F2A:S8L,True,0.470957962384244,0.9561018437225637,-4.06729002669558,0.16802906448683017,0.5620654541046969
40,312,S1W:A5I:Q6R,True,0.43269133608390864,0.8709394205443372,-3.566990564215379,0.2524977293369664,0.5617185749406518
40,313,Q3N:H10Y,True,0.322559879873241,0.4424934152765584,-1.7699966584095825,0.6802906448683016,0.56139203007243
40,314,R4L:A5I,True,0.28937798329376957,0.228270412642669,-1.1260851785376542,0.8937329700272479,0.5610016913349585
40,315,R4Q:L7V:Q9A,True,0.29159872835951334,0.2440737489025461,-1.1804089714876091,0.8773841961852861,0.5607289725439161
40,316,L7I:Q9R:A11S,True,0.31811221056399325,0.4161545215100966,-1.726781765021379,0.7048138056312443,0.5604841635706704
40,317,F2Q:R4T:A5I,True,0.33541191952978583,0.5311676909569798,-2.043895792744971,0.5885558583106267,0.5598617746338033
40,318,A5M:Q9A:H10Y,True,0.3615294299126182,0.6830553116769096,-2.5906940247415142,0.4359673024523161,0.5595113070646128
40,319,Q3N:R4L:Q6R,True,0.3073015258603266,0.3415276558384548,-1.5168732581320348,0.7774750227066304,0.5595013392725425
40,320,S1W:R4C:Q9A,True,0.47721489660534494,0.9622475856014048,-4.196389427141356,0.15622161671207993,0.5592346011567424
40,321,R4L:A5M,True,0.3468122131034949,0.6049165935030729,-2.3280708474482155,0.5131698455949137,0.5590432195489934
40,322,L7I:S8K:Q9K,True,0.33269450865231154,0.5074626865671642,-1.9889793977722496,0.6103542234332425,0.5589084550002034
40,323,F2W:Q3N:H10Y,True,0.3258860538191914,0.4618086040386304,-1.8424368604963572,0.6557674841053588,0.5587880440719946
40,324,A5M:Q9R:H10F,True,0.33122595955507844,0.5013169446883231,-1.9766963107275046,0.6158038147138964,0.5585603797011098
40,325,F2Q:Q6R:H10F,True,0.36218426314496655,0.6856892010535558,-2.603591814643047,0.43142597638510444,0.5585575887193301
40,326,Q3N:R4H:Q6R,True,0.29440981432872226,0.26514486391571557,-1.2825688095614267,0.851952770208901,0.5585488170623083
40,327,S1W:Q3G:Q9K,True,0.43528160974957025,0.8814749780509219,-3.6847405274271336,0.23524069028156222,0.5583578341662421
40,328,Q3N:R4H:S8T,True,0.263172495136545,0.11940298507462686,-0.2810832820626016,0.997275204359673,0.5583390947171499
40,329,F2A:R4P:L7I,True,0.44735705824300703,0.9139596136962248,-3.8409422423688753,0.2025431425976385,0.5582513781469316
40,330,F2Q:S8K:H10F,True,0.32815539202074834,0.4793678665496049,-1.93315326369098,0.6366939146230699,0.5580308905863374
40,331,F2Q:Q3N:S8R,True,0.2740806627036583,0.15188762071992976,-0.7766080299146458,0.963669391462307,0.5577785060911183
40,332,Q3N:A5I:S8L,True,0.27817268778797055,0.1672519754170325,-0.879072057700354,0.9473206176203451,0.5572862965186888
40,333,F2Q:Q3N:S8T,True,0.28758026337099934,0.2151009657594381,-1.1150519138860258,0.8991825613079019,0.55714176353367
40,334,Q6R:Q9A:H10F,True,0.324748930776306,0.456540825285338,-1.838375601680227,0.6575840145322435,0.5570624199087908
40,335,Q3G:R4Q:S8R,True,0.2639808425383993,0.1237928007023705,-0.4207127022629853,0.9900090826521344,0.5569009416772525
40,336,R4A:S8L:Q9A,True,0.29982227279844875,0.29411764705882354,-1.3835528763052793,0.8192552225249773,0.5566864347919004
40,337,R4T:H10F:A11S,True,0.3719202261060097,0.7208077260755048,-2.781667399772405,0.3923705722070845,0.5565891491412946
40,338,Q3N:R4T:Q6R,True,0.28454239608013604,0.19754170324846357,-1.0607317728986256,0.9155313351498637,0.5565365191991637
40,339,A5I:S8L:Q9A,True,0.29693651427590645,0.28094820017559263,-1.3560158922102172,0.8310626702997275,0.55600543523766
40,340,L7V:S8C:A11S,True,0.38477337463070976,0.7664618086040387,-3.0705735687661964,0.34514078110808355,0.5558012948560611
40,341,A5I:Q6R:S8C,True,0.3000173659534,0.295873573309921,-1.3896021032486006,0.815622161671208,0.5557478674905645
40,342,L7I:S8T:A11S,True,0.3048004004563821,0.32396839332748023,-1.4739410230815058,0.7874659400544959,0.555717166690988
40,343,L7V:S8C:Q9A,True,0.2709787282295686,0.14574187884108866,-0.7457566900277185,0.9654859218891917,0.5556139003651401
40,344,R4T:L7I:Q9K,True,0.28462120143421943,0.1984196663740123,-1.0692102338864975,0.9128065395095368,0.5556131029417746
40,345,F2A:R4H:S8C,True,0.458244879501958,0.9367866549604916,-4.032771017139865,0.17438692098092642,0.555586787970709
40,346,F2A:A5M:L7V,True,0.4467488151541,0.9113257243195786,-3.8726741505346993,0.19981834695731154,0.555572035638445
40,347,R4H:S8L:H10Y,True,0.3045394149003731,0.3208955223880597,-1.470360636330954,0.7901907356948229,0.5555431290414413
40,348,R4P:L7V:H10Y,True,0.31451212226624053,0.38981562774363476,-1.6699884354806704,0.7211625794732062,0.5554891036084204
40,349,S1W:Q3G:H10F,True,0.4420784853076827,0.8964003511852502,-3.7740973394316493,0.2134423251589464,0.5549213381720983
40,350,S1W:R4L:S8L,True,0.34190415084350817,0.5776997366110623,-2.257682414335995,0.5313351498637602,0.5545174432374113
40,351,R4T:S8L:Q9K,True,0.3426746462628045,0.5803336259877085,-2.2655567351159625,0.5286103542234333,0.5544719901055709
40,352,R4Q:Q6R:S8C,True,0.32863878193889146,0.48463564530289727,-1.96411677295831,0.623069936421435,0.5538527908621662
40,353,S1W:F2A:R4C,True,0.532665210384757,0.9956101843722563,-4.459163151452144,0.11171662125340599,0.5536634028128312
40,354,S1W:R4H:A11S,True,0.43497110370615094,0.8797190517998245,-3.724811421909359,0.22706630336058128,0.5533926775802028
40,355,F2Q:Q3N:R4L,True,0.2746228458525909,0.15452151009657594,-0.865142403953347,0.9518619436875567,0.5531917268920663
40,356,F2A:R4A:S8T,True,0.4328811373695674,0.8718173836698858,-3.684876112329275,0.23433242506811988,0.5530749043690029
40,357,R4A:Q6R:S8L,True,0.33664195886265413,0.5452151009657594,-2.1471660997631403,0.5594913714804723,0.5523532362231158
40,358,F2Q:L7Q,True,0.28404689202257205,0.19402985074626866,-1.076793867378224,0.9100817438692098,0.5520557973077392
40,359,R4C:L7I:H10Y,True,0.39233308007348394,0.7831431079894644,-3.179148696769543,0.3206176203451408,0.5518803641673026
40,360,Q3N:R4P:H10Y,True,0.3012894783572804,0.30026338893766463,-1.4305982707055165,0.8029064486830154,0.55158491881034
40,361,R4P:S8R:Q9R,True,0.2658520442871784,0.1299385425812116,-0.7026161649453347,0.9727520435967303,0.551345293088971
40,362,S1W:R4Q:Q9A,True,0.4220928259474428,0.8419666374012291,-3.534475715789742,0.259763851044505,0.5508652442228671
40,363,A5I:S8K,True,0.3326301539594101,0.5065847234416154,-2.0258811596950053,0.594913714804723,0.5507492191231692
40,364,L7V:S8K:Q9R,True,0.2881518717889339,0.218612818261633,-1.1727660850249217,0.8801089918256131,0.549360905043623
40,365,R4P:L7V,True,0.28774775636344047,0.21729587357330993,-1.169231176045209,0.8810172570390554,0.5491565653061827
40,366,Q3G:A5I:S8T,True,0.2617252750395816,0.11325724319578578,-0.5335727010852028,0.9845594913714805,0.5489083672836331
40,367,R4A:L7I:Q9K,True,0.2802321435658252,0.17647058823529413,-1.0335240230210696,0.9209809264305178,0.548725757332906
40,368,R4C:A5I,True,0.26417552624513524,0.12598770851624233,-0.7082646585818679,0.9709355131698456,0.548461610843044
40,369,S1W:Q9A:H10F,True,0.4295741384588267,0.8604038630377524,-3.6672014663985664,0.23614895549500453,0.5482764092663784
40,370,R4A:A5I:S8C,True,0.27478067513117077,0.1562774363476734,-0.9439492870631625,0.9400544959128065,0.5481659661302399
40,371,R4A:L7I:Q9A,True,0.28773142176898275,0.21597892888498682,-1.1753148780547298,0.8792007266121707,0.5475898277485788
40,372,R4C:L7I:H10F,True,0.33697472060380523,0.5469710272168569,-2.183503403256931,0.547683923705722,0.5473274754612895
40,373,Q3N:A5M:A11S,True,0.4566421643591547,0.932396839332748,-4.161938636138241,0.15985467756584923,0.5461257584492986
40,374,F2W:Q9K,True,0.33427716246198297,0.5171202809482002,-2.080483312890284,0.5749318801089919,0.546026080528596
40,375,Q3G:R4Q:S8T,True,0.2788051706099512,0.1707638279192274,-1.0349455489348784,0.9200726612170754,0.5454182445681515
40,376,F2A:A5M:H10F,True,0.5242195371530262,0.9938542581211589,-4.581253921990861,0.09627611262488647,0.5450651853730227
40,377,F2W:Q6R:L7I,True,0.31506337630904274,0.3942054433713784,-1.7415717605025094,0.695731153496821,0.5449682984340998
40,378,F2A:R4P:S8L,True,0.40918545820665453,0.8244073748902546,-3.487981564812164,0.2652134423251589,0.5448104086077068
40,379,F2Q:Q3G:S8R,True,0.2883886107728537,0.22036874451273047,-1.2139848784379978,0.8683015440508629,0.5443351442817967
40,380,Q3G:L7V:H10F,True,0.3360176196664793,0.5390693590869183,-2.1822361455816752,0.5495004541326067,0.5442849066097626
40,381,Q6R:L7Q:Q9R,True,0.28900255386699664,0.2247585601404741,-1.2236838999547646,0.8637602179836512,0.5442593890620626
40,382,F2Q:R4Q:S8T,True,0.3356169310433397,0.5346795434591747,-2.159293557583507,0.553133514986376,0.5439065292227754
40,383,S1W:F2Q:Q6R,True,0.4677102460949885,0.9534679543459175,-4.330820255890783,0.13260672116257946,0.5430373377542485
40,384,R4Q:L7I:H10F,True,0.29976620067434173,0.2932396839332748,-1.4593844359741128,0.7920072661217076,0.5426234750274912
40,385,S1W:R4L:S8C,True,0.39754016468410763,0.7954345917471466,-3.3176424192295175,0.28973660308810173,0.5425855974176241
40,386,S1W:R4A:S8R,True,0.3982977586143039,0.797190517998244,-3.325599451065779,0.28792007266121705,0.5425552953297306
40,387,A5M:Q9R,True,0.2733115832612481,0.14925373134328357,-0.955852206351062,0.9346049046321526,0.541929317987718
40,388,F2W:Q9R:H10F,True,0.3610319504406758,0.6760316066725197,-2.676567400296955,0.407811080835604,0.5419213437540619
40,389,S1W:R4H:Q6R,True,0.4548185345633842,0.9244951712028094,-4.1631360950030185,0.1589464123524069,0.5417207917776081
40,390,R4T:L7V:S8R,True,0.3067115369721645,0.33801580333625986,-1.6047372347378157,0.7447774750227066,0.5413966391794832
40,391,R4L:L7Q:Q9A,True,0.3068721971646249,0.3388937664618086,-1.6068314660376513,0.7438692098092643,0.5413814881355364
40,392,Q3G:R4H,True,0.2606873683828681,0.1106233538191396,-0.7052320857686923,0.971843778383288,0.5412335661012138
40,393,F2Q:R4A:S8R,True,0.31571428256905865,0.40210711150131695,-1.7744529768571475,0.6793823796548593,0.540744745578088
40,394,A5M:Q9A:H10F,True,0.339402036473006,0.5601404741000878,-2.291601363994296,0.5213442325158947,0.5407423533079913
40,395,Q3N:R4T:A5M,True,0.36823109550568517,0.7102721685689201,-2.890340356626254,0.37057220708446864,0.5404221878266944
40,396,Q3G:R4P:S8L,True,0.3128139316983633,0.3784021071115013,-1.7292214968217139,0.7020890099909174,0.5402455585512094
40,397,F2A:Q3N:S8L,True,0.3795848358784312,0.7541703248463565,-3.1404634119906967,0.3260672116257947,0.5401187682360756
40,398,F2Q:S8T:Q9A,True,0.2801713244658132,0.17559262510974538,-1.0967369859371532,0.9046321525885559,0.5401123888491506
40,399,S1W:R4H:S8C,True,0.45509007495423237,0.9253731343283582,-4.204200420512682,0.15440508628519528,0.5398891103067768
40,400,R4A:L7I:S8T,True,0.27408794336594244,0.1527655838454785,-1.0076588768053363,0.9264305177111717,0.5395980507783251
40,401,R4Q:S8T:Q9R,True,0.3089766447521865,0.3485513608428446,-1.6573219480627133,0.7293369663941871,0.5389441636185158
40,402,S1W:R4C:Q6R,True,0.45510901757067135,0.926251097453907,-4.229602393921572,0.15077202543142598,0.5385115614426665
40,403,R4T:Q6R:S8C,True,0.3187713636903052,0.4196663740122915,-1.840802933976721,0.6566757493188011,0.5381710616655463
40,404,F2Q:R4Q:S8R,True,0.309251082556666,0.35030728709394204,-1.661643809016323,0.7257039055404177,0.5380055963171799
40,405,F2Q:R4Q:S8L,True,0.3361597906255805,0.5425812115891132,-2.252375100434872,0.5331516802906449,0.537866445939879
40,406,R4H:A5I,True,0.26359456023056094,0.12203687445127305,-0.8406727774051291,0.9536784741144414,0.5378576742828572
40,407,Q3G:A5M:H10Y,True,0.33705237955717343,0.5487269534679543,-2.274391389162092,0.5267938237965486,0.5377603886322515
40,408,F2A:R4C,True,0.3241281548528545,0.45302897278314314,-1.9676402175534218,0.6212534059945504,0.5371411893888467
40,409,R4T:L7I:H10Y,True,0.3361158615380642,0.5417032484635645,-2.2524797505922676,0.5322434150772025,0.5369733317703835
40,410,R4C:L7V:H10F,True,0.36117572791144664,0.6795434591747147,-2.757429538400014,0.3941871026339691,0.5368652809043419
40,411,Q3G:S8R:H10Y,True,0.29031728363947057,0.23353819139596138,-1.32568232500484,0.8392370572207084,0.5363876243083349
40,412,A5M:L7V:S8K,True,0.3048032920817598,0.32484635645302895,-1.6019346388303193,0.7475022706630337,0.5361743135580312
40,413,R4L:S8R:Q9R,True,0.2663490751905851,0.1334503950834065,-0.945023018862745,0.9373297002724795,0.535390047677943
40,414,Q3N:L7Q:S8T,True,0.25534899597660937,0.10008779631255488,-0.7107101589210898,0.9700272479564033,0.5350575221344791
40,415,L7V:S8C:Q9R,True,0.2675318716589892,0.1395961369622476,-0.981324018619478,0.9291553133514986,0.534375725156873
40,416,Q3N:Q6R:A11S,True,0.3458273740796414,0.597892888498683,-2.462832039115896,0.47048138056312444,0.5341871345309037
40,417,S1W:S8L:Q9K,True,0.40529004778216465,0.8138718173836699,-3.5625729924234504,0.254314259763851,0.5340930385737604
40,418,A5I:S8L:A11S,True,0.32270650356621894,0.4433713784021071,-1.9618104834081658,0.6239782016348774,0.5336747900184923
40,419,Q3N:S8K:Q9K,True,0.25440516537798263,0.09920983318700614,-0.7404452548047951,0.9663941871026339,0.53280201014482
40,420,F2Q:R4Q:S8K,True,0.3229775960866891,0.44512730465320455,-1.9682702900572742,0.620345140781108,0.5327362227171563
40,421,R4A:H10Y:A11S,True,0.34005880319757087,0.5645302897278315,-2.370125513702967,0.5004541326067211,0.5324922111672763
40,422,Q3G:A5M:H10F,True,0.33661443173250594,0.5443371378402108,-2.2937919033258725,0.5204359673024523,0.5323865525713316
40,423,R4P:L7I:Q9K,True,0.2950580817453979,0.2712906057945566,-1.4548812066951098,0.7929155313351499,0.5321030685648532
40,424,S1W:A5I:S8K,True,0.48810067346912606,0.9719051799824407,-4.642975918848027,0.09173478655767484,0.5318199832700578
40,425,L7I:S8L:H10F,True,0.34986643213540963,0.630377524143986,-2.5990086449852496,0.4332425068119891,0.5318100154779876
40,426,S1W:Q6R:S8L,True,0.40629348110176267,0.8182616330114135,-3.6046145094855,0.2452316076294278,0.5317466203204206
40,427,F2Q:S8C:A11S,True,0.35339371286378124,0.6470588235294118,-2.654167074524177,0.4141689373297003,0.530613880429556
40,428,F2A:A5M:Q9A,True,0.4393484501695377,0.8893766461808604,-4.049580937292379,0.17166212534059946,0.53051938576073
40,429,S1W:R4C:H10F,True,0.46723659355264996,0.9525899912203687,-4.482956270867174,0.1080835603996367,0.5303367758100027
40,430,R4H:A5M,True,0.27777661937464576,0.16330114135206322,-1.118933964760221,0.8973660308810173,0.5303335861165402
40,431,F2A:R4P:S8K,True,0.3784711557832068,0.7497805092186128,-3.2242051108142746,0.3097184377838329,0.5297494735012229
40,432,Q9R:H10Y:A11S,True,0.340542262055702,0.5697980684811238,-2.4195630465353437,0.4895549500454133,0.5296765092632685
40,433,A5M:L7I:S8C,True,0.3200467226787181,0.42756804214223004,-1.9464199757831901,0.631244323342416,0.529406182742323
40,434,F2Q:R4P:S8R,True,0.33917787106941993,0.559262510974539,-2.3767252697835453,0.4986376021798365,0.5289500565771877
40,435,R4C:S8L:H10F,True,0.3783860227265517,0.7489025460930641,-3.2356049481419302,0.30881017257039056,0.5288563593317273
40,436,A5I:L7Q:S8K,True,0.379374262192324,0.752414398595259,-3.2487908797419776,0.30517711171662126,0.5287957551559401
40,437,A5M:H10Y:A11S,True,0.44014557283797906,0.8920105355575065,-4.101443708105423,0.16530426884650318,0.5286574022020049
40,438,S1W:A5I:H10Y,True,0.5015832996084457,0.9850746268656716,-4.852461979842815,0.07175295186194369,0.5284137893638077
40,439,F2A:R4T:S8K,True,0.34504897933518336,0.5935030728709394,-2.4888947451677006,0.46321525885558584,0.5283591658632626
40,440,S1W:Q3G:A11S,True,0.431729563801291,0.8647936786654961,-3.931357259814556,0.1907356948228883,0.5277646867441922
40,441,A5I:Q6R:L7Q,True,0.33276265889044687,0.5083406496927129,-2.186947401328103,0.5467756584922797,0.5275581540924963
40,442,F2A:Q3G:R4T,True,0.38377277926160586,0.7603160667251976,-3.291975342352078,0.29427792915531337,0.5272969979402555
40,443,S1W:F2A:R4A,True,0.5168303992131601,0.9920983318700615,-4.916020981857876,0.061762034514078114,0.5269301831920697
40,444,S1W:F2Q:L7V,True,0.4448485028034856,0.9051799824407375,-4.263990067291198,0.14623069936421434,0.5257053409024759
40,445,F2Q:R4L:H10Y,True,0.28513628293207566,0.2019315188762072,-1.287929941947139,0.849227974568574,0.5255797467223906
40,446,S1W:F2Q:R4A,True,0.4310921186201892,0.8639157155399473,-3.943702716521801,0.18710263396911897,0.5255091747545331
40,447,S1W:S8R:H10Y,True,0.48996281262119407,0.9754170324846356,-4.840558732302857,0.07538601271571299,0.5254015226001743
40,448,R4A:S8R:A11S,True,0.3141589681206807,0.3871817383669886,-1.8255811118183707,0.6630336058128974,0.525107672089943
40,449,Q3N:Q6R:L7I,True,0.29285409498679355,0.2546093064091308,-1.4478382158535625,0.7947320617620345,0.5246706840855826
40,450,S1W:F2Q:R4Q,True,0.44663644678449904,0.9104477611940298,-4.295842434190193,0.13805631244323344,0.5242520368186316
40,451,S1W:A5I:L7I,True,0.4022174088089921,0.8077260755048288,-3.6240420972926946,0.24069028156221617,0.5242081785335224
40,452,A5I:S8C:A11S,True,0.3566530717918737,0.6602282704126426,-2.803417575963304,0.38782924613987285,0.5240287582762577
40,453,S1W:A5I:L7Q,True,0.4836471838525139,0.9666374012291484,-4.774705062367073,0.07992733878292461,0.5232823700060365
40,454,Q3N:A5I,True,0.25157862511269397,0.09569798068481124,-0.865847577548688,0.9500454132606722,0.5228716969727417
40,455,S1W:R4L:S8K,True,0.4194469956484106,0.8349429323968394,-3.7932139028608436,0.21071752951861944,0.5228302309577294
40,456,Q3N:Q6R:S8L,True,0.32921809420043396,0.4925373134328358,-2.165675973396013,0.5522252497729337,0.5223812816028848
40,457,S1W:R4C:H10Y,True,0.5381795234611709,0.9964881474978051,-5.165737519685702,0.047229791099000905,0.521858969298403
40,458,L7I:S8K:H10F,True,0.3278865035131778,0.47673397717295873,-2.11855911401872,0.5667574931880109,0.5217457351804848
40,459,R4C:Q9R:A11S,True,0.33755388107988976,0.5513608428446005,-2.40129348176163,0.4913714804722979,0.5213661616584492
40,460,Q6R:L7V:S8T,True,0.2871794871905964,0.21071115013169447,-1.3514861852521178,0.8319709355131698,0.5213410428224321
40,461,F2A:Q3G:S8L,True,0.3979612976836189,0.7963125548726954,-3.604017721075067,0.24613987284287012,0.5212262138577828
40,462,F2A:R4P:Q9K,True,0.39854152177409835,0.7998244073748902,-3.6217251879590218,0.24159854677565848,0.5207114770752743
40,463,Q6R:S8K:H10Y,True,0.3843116565845788,0.7625109745390694,-3.393658958740356,0.27883742052679383,0.5206741975329316
40,464,Q6R:S8K:A11S,True,0.3647270531701792,0.6971027216856892,-3.070882792827834,0.3442325158946412,0.5206676187901652
40,465,R4C:L7Q:A11S,True,0.31364346390503167,0.38191395961369623,-1.830959779752657,0.6584922797456857,0.520203119679691
40,466,Q3N:R4H:S8C,True,0.2669035769417926,0.1360842844600527,-1.0998664907579547,0.9037238873751136,0.5199040859175831
40,467,Q3G:A5I,True,0.22652757724212882,0.053555750658472345,-0.523822862221809,0.9854677565849228,0.5195117536216975
40,468,S1W:F2W:L7V,True,0.3966242459467784,0.7910447761194029,-3.5907245212856034,0.24795640326975477,0.5195005896945788
40,469,Q6R:S8L:Q9K,True,0.4271137043807423,0.8551360842844601,-3.9760271418904427,0.18346957311534967,0.5193028286999049
