arm,rank,candidate_id,predicted_score,budget10,budget50
A05_B3,1,R4H:S8T:Q9A,0.5561271403942494,True,True
A05_B3,2,Q3G:R4H:L7V,0.5237325850374216,True,True
A05_B3,3,Q3G:R4H:L7Q,0.42152823355241653,True,True
A05_B3,4,R4H:L7Q:S8T,0.37265009882325284,True,True
A05_B3,5,Q3N:R4H:S8K,0.3379895552085831,True,True
A05_B3,6,Q3G:R4H:S8K,0.33025333420521996,True,True
A05_B3,7,R4H:S8K:Q9A,0.28796185461456597,True,True
A05_B3,8,Q3G:R4H:A5I,0.2610314317519043,True,True
A05_B3,9,R4H:A5I:S8T,0.25050776863192714,True,True
A05_B3,10,F2Q:Q3G:R4H,0.1928790360960173,True,True
A05_B3,11,F2Q:Q3N:L7Q,0.14130898843177664,False,True
A05_B3,12,Q3N:R4L:S8K,-0.002213186037085091,False,True
A05_B3,13,F2Q:Q3N:S8L,-0.0057235169961655785,False,True
A05_B3,14,L7I:S8T:Q9A,-0.010802413825372614,False,True
A05_B3,15,Q3G:S8T:Q9K,-0.020148240887891466,False,True
A05_B3,16,Q3G:R4T:Q9A,-0.02164493011452956,False,True
A05_B3,17,R4H:S8K:Q9K,-0.02648964258999731,False,True
A05_B3,18,Q3N:L7Q:S8K,-0.0946060142651306,False,True
A05_B3,19,Q3G:R4T:S8T,-0.10780183885092742,False,True
A05_B3,20,S8T:Q9K:A11S,-0.1223651767118672,False,True
A05_B3,21,R4T:S8T:Q9A,-0.12281452740132787,False,True
A05_B3,22,Q3G:A5I:S8L,-0.16295970462434295,False,True
A05_B3,23,F2Q:R4C:S8K,-0.16727231381961438,False,True
A05_B3,24,R4T:S8T:A11S,-0.1718828642361403,False,True
A05_B3,25,R4H:A5M:Q9A,-0.22592840707926537,False,True
A05_B3,26,R4A:L7I:S8L,-0.24921318273201432,False,True
A05_B3,27,F2Q:Q3G:S8K,-0.27938170323009137,False,True
A05_B3,28,Q3G:R4H:H10Y,-0.31262342449168923,False,True
A05_B3,29,F2Q:Q3G:R4A,-0.32544624592209664,False,True
A05_B3,30,F2Q:R4T:L7Q,-0.34695470086677105,False,True
A05_B3,31,L7I:S8L:Q9A,-0.3559457969492348,False,True
A05_B3,32,R4H:S8L:Q9A,-0.37170370905410244,False,True
A05_B3,33,Q3G:R4C:S8K,-0.37439740494152496,False,True
A05_B3,34,A5I:L7I:Q9A,-0.3817694987390534,False,True
A05_B3,35,F2Q:Q3G:L7Q,-0.3887259207210329,False,True
A05_B3,36,F2Q:Q3G:R4T,-0.40468226642098265,False,True
A05_B3,37,L7I:S8T:Q9K,-0.41190423554931666,False,True
A05_B3,38,F2W:Q3N:R4Q,-0.425754087682241,False,True
A05_B3,39,Q3N:R4T:L7Q,-0.45075327022107015,False,True
A05_B3,40,Q3G:L7V:Q9R,-0.4601308460393472,False,True
A05_B3,41,Q3G:R4T:L7Q,-0.462737721633922,False,True
A05_B3,42,L7I:S8R:Q9A,-0.46918925226665126,False,True
A05_B3,43,R4T:L7I:Q9A,-0.515621662183694,False,True
A05_B3,44,F2Q:Q3G:A11S,-0.5180648222907109,False,True
A05_B3,45,F2Q:R4A:S8L,-0.5429199384608616,False,True
A05_B3,46,Q6R:S8T:Q9R,-0.5485342374667725,False,True
A05_B3,47,F2Q:R4Q:Q9A,-0.5508574618002542,False,True
A05_B3,48,Q3N:R4Q:S8R,-0.5583275010736796,False,True
A05_B3,49,F2Q:R4A:S8C,-0.5585550078444054,False,True
A05_B3,50,A5M:S8C:Q9K,-0.5623408271837775,False,True
A05_B5,1,R4H:S8T:Q9A,0.5561271403942494,True,True
A05_B5,2,Q3G:R4H:L7V,0.5237325850374216,True,True
A05_B5,3,Q3G:R4H:L7Q,0.42152823355241653,True,True
A05_B5,4,R4H:L7Q:S8T,0.37265009882325284,True,True
A05_B5,5,Q3N:R4H:S8K,0.3379895552085831,True,True
A05_B5,6,Q3G:R4H:S8K,0.33025333420521996,True,True
A05_B5,7,R4H:S8K:Q9A,0.28796185461456597,True,True
A05_B5,8,Q3G:R4H:A5I,0.2610314317519043,True,True
A05_B5,9,R4H:A5I:S8T,0.25050776863192714,True,True
A05_B5,10,F2Q:Q3G:R4H,0.1928790360960173,True,True
A05_B5,11,F2Q:Q3N:L7Q,0.14130898843177664,False,True
A05_B5,12,Q3N:R4L:S8K,-0.002213186037085091,False,True
A05_B5,13,F2Q:Q3N:S8L,-0.0057235169961655785,False,True
A05_B5,14,L7I:S8T:Q9A,-0.010802413825372614,False,True
A05_B5,15,Q3G:S8T:Q9K,-0.020148240887891466,False,True
A05_B5,16,Q3G:R4T:Q9A,-0.02164493011452956,False,True
A05_B5,17,R4H:S8K:Q9K,-0.02648964258999731,False,True
A05_B5,18,Q3N:L7Q:S8K,-0.0946060142651306,False,True
A05_B5,19,Q3G:R4T:S8T,-0.10780183885092742,False,True
A05_B5,20,S8T:Q9K:A11S,-0.1223651767118672,False,True
A05_B5,21,R4T:S8T:Q9A,-0.12281452740132787,False,True
A05_B5,22,Q3G:A5I:S8L,-0.16295970462434295,False,True
A05_B5,23,F2Q:R4C:S8K,-0.16727231381961438,False,True
A05_B5,24,R4T:S8T:A11S,-0.1718828642361403,False,True
A05_B5,25,R4H:A5M:Q9A,-0.22592840707926537,False,True
A05_B5,26,R4A:L7I:S8L,-0.24921318273201432,False,True
A05_B5,27,F2Q:Q3G:S8K,-0.27938170323009137,False,True
A05_B5,28,Q3G:R4H:H10Y,-0.31262342449168923,False,True
A05_B5,29,F2Q:Q3G:R4A,-0.32544624592209664,False,True
A05_B5,30,F2Q:R4T:L7Q,-0.34695470086677105,False,True
A05_B5,31,L7I:S8L:Q9A,-0.3559457969492348,False,True
A05_B5,32,R4H:S8L:Q9A,-0.37170370905410244,False,True
A05_B5,33,Q3G:R4C:S8K,-0.37439740494152496,False,True
A05_B5,34,A5I:L7I:Q9A,-0.3817694987390534,False,True
A05_B5,35,F2Q:Q3G:L7Q,-0.3887259207210329,False,True
A05_B5,36,F2Q:Q3G:R4T,-0.40468226642098265,False,True
A05_B5,37,L7I:S8T:Q9K,-0.41190423554931666,False,True
A05_B5,38,F2W:Q3N:R4Q,-0.425754087682241,False,True
A05_B5,39,Q3N:R4T:L7Q,-0.45075327022107015,False,True
A05_B5,40,Q3G:L7V:Q9R,-0.4601308460393472,False,True
A05_B5,41,Q3G:R4T:L7Q,-0.462737721633922,False,True
A05_B5,42,L7I:S8R:Q9A,-0.46918925226665126,False,True
A05_B5,43,R4T:L7I:Q9A,-0.515621662183694,False,True
A05_B5,44,F2Q:Q3G:A11S,-0.5180648222907109,False,True
A05_B5,45,F2Q:R4A:S8L,-0.5429199384608616,False,True
A05_B5,46,Q6R:S8T:Q9R,-0.5485342374667725,False,True
A05_B5,47,F2Q:R4Q:Q9A,-0.5508574618002542,False,True
A05_B5,48,Q3N:R4Q:S8R,-0.5583275010736796,False,True
A05_B5,49,F2Q:R4A:S8C,-0.5585550078444054,False,True
A05_B5,50,A5M:S8C:Q9K,-0.5623408271837775,False,True
A05_V83,1,R4H:S8T:Q9A,0.5561271403942494,True,True
A05_V83,2,Q3G:R4H:L7V,0.5237325850374216,True,True
A05_V83,3,Q3G:R4H:L7Q,0.42152823355241653,True,True
A05_V83,4,R4H:L7Q:S8T,0.37265009882325284,True,True
A05_V83,5,Q3N:R4H:S8K,0.3379895552085831,True,True
A05_V83,6,Q3G:R4H:S8K,0.33025333420521996,True,True
A05_V83,7,R4H:S8K:Q9A,0.28796185461456597,True,True
A05_V83,8,Q3G:R4H:A5I,0.2610314317519043,True,True
A05_V83,9,R4H:A5I:S8T,0.25050776863192714,True,True
A05_V83,10,F2Q:Q3G:R4H,0.1928790360960173,True,True
A05_V83,11,F2Q:Q3N:L7Q,0.14130898843177664,False,True
A05_V83,12,Q3N:R4L:S8K,-0.002213186037085091,False,True
A05_V83,13,F2Q:Q3N:S8L,-0.0057235169961655785,False,True
A05_V83,14,L7I:S8T:Q9A,-0.010802413825372614,False,True
A05_V83,15,Q3G:S8T:Q9K,-0.020148240887891466,False,True
A05_V83,16,Q3G:R4T:Q9A,-0.02164493011452956,False,True
A05_V83,17,R4H:S8K:Q9K,-0.02648964258999731,False,True
A05_V83,18,Q3N:L7Q:S8K,-0.0946060142651306,False,True
A05_V83,19,Q3G:R4T:S8T,-0.10780183885092742,False,True
A05_V83,20,S8T:Q9K:A11S,-0.1223651767118672,False,True
A05_V83,21,R4T:S8T:Q9A,-0.12281452740132787,False,True
A05_V83,22,Q3G:A5I:S8L,-0.16295970462434295,False,True
A05_V83,23,F2Q:R4C:S8K,-0.16727231381961438,False,True
A05_V83,24,R4T:S8T:A11S,-0.1718828642361403,False,True
A05_V83,25,R4H:A5M:Q9A,-0.22592840707926537,False,True
A05_V83,26,R4A:L7I:S8L,-0.24921318273201432,False,True
A05_V83,27,F2Q:Q3G:S8K,-0.27938170323009137,False,True
A05_V83,28,Q3G:R4H:H10Y,-0.31262342449168923,False,True
A05_V83,29,F2Q:Q3G:R4A,-0.32544624592209664,False,True
A05_V83,30,F2Q:R4T:L7Q,-0.34695470086677105,False,True
A05_V83,31,L7I:S8L:Q9A,-0.3559457969492348,False,True
A05_V83,32,R4H:S8L:Q9A,-0.37170370905410244,False,True
A05_V83,33,Q3G:R4C:S8K,-0.37439740494152496,False,True
A05_V83,34,A5I:L7I:Q9A,-0.3817694987390534,False,True
A05_V83,35,F2Q:Q3G:L7Q,-0.3887259207210329,False,True
A05_V83,36,F2Q:Q3G:R4T,-0.40468226642098265,False,True
A05_V83,37,L7I:S8T:Q9K,-0.41190423554931666,False,True
A05_V83,38,F2W:Q3N:R4Q,-0.425754087682241,False,True
A05_V83,39,Q3N:R4T:L7Q,-0.45075327022107015,False,True
A05_V83,40,Q3G:L7V:Q9R,-0.4601308460393472,False,True
A05_V83,41,Q3G:R4T:L7Q,-0.462737721633922,False,True
A05_V83,42,L7I:S8R:Q9A,-0.46918925226665126,False,True
A05_V83,43,R4T:L7I:Q9A,-0.515621662183694,False,True
A05_V83,44,F2Q:Q3G:A11S,-0.5180648222907109,False,True
A05_V83,45,F2Q:R4A:S8L,-0.5429199384608616,False,True
A05_V83,46,Q6R:S8T:Q9R,-0.5485342374667725,False,True
A05_V83,47,F2Q:R4Q:Q9A,-0.5508574618002542,False,True
A05_V83,48,Q3N:R4Q:S8R,-0.5583275010736796,False,True
A05_V83,49,F2Q:R4A:S8C,-0.5585550078444054,False,True
A05_V83,50,A5M:S8C:Q9K,-0.5623408271837775,False,True
A10_B3,1,F2Q:Q3N:L7Q,0.17307092747676855,True,True
A10_B3,2,Q3G:R4H:L7Q,0.0031584432586023725,True,True
A10_B3,3,Q3G:R4H:A5I,-0.039304253393986466,True,True
A10_B3,4,R4H:L7Q:S8T,-0.062423726073215224,True,True
A10_B3,5,F2W:Q3N:A5I,-0.1447806790458137,True,True
A10_B3,6,Q3G:A5I:Q9R,-0.16449549864703017,True,True
A10_B3,7,R4H:A5I:S8T,-0.17435321142343863,True,True
A10_B3,8,F2W:A5I:Q6R,-0.2666173785948558,True,True
A10_B3,9,Q3N:R4T:L7Q,-0.2762750371066922,True,True
A10_B3,10,R4T:S8T:Q9A,-0.30082749951890986,True,True
A10_B3,11,Q3G:R4C:A5I,-0.339288885487509,False,True
A10_B3,12,Q3G:R4T:Q9A,-0.3479698186094304,False,True
A10_B3,13,Q3N:R4L:S8K,-0.3579471281072011,False,True
A10_B3,14,Q3G:A5I:Q6R,-0.3716771098116012,False,True
A10_B3,15,F2W:R4T:A5I,-0.3721253796290733,False,True
A10_B3,16,A5I:L7I:Q9A,-0.3777343425631867,False,True
A10_B3,17,Q3N:L7Q:S8K,-0.4089405609252601,False,True
A10_B3,18,Q3N:R4Q:S8R,-0.5082658410000755,False,True
A10_B3,19,Q3G:R4T:L7Q,-0.5229089062746706,False,True
A10_B3,20,F2Q:R4T:L7Q,-0.5551266521822256,False,True
A10_B3,21,Q3G:R4T:S8T,-0.5664054903689308,False,True
A10_B3,22,R4T:L7V:Q9A,-0.5780207679726261,False,True
A10_B3,23,L7I:S8T:Q9A,-0.5975189468699384,False,True
A10_B3,24,R4A:L7I:S8L,-0.6185951265096485,False,True
A10_B3,25,Q3N:R4C:S8R,-0.6236579626808605,False,True
A10_B3,26,Q3N:S8K:Q9R,-0.6344963636225951,False,True
A10_B3,27,Q3G:A5M:S8R,-0.6431229070037509,False,True
A10_B3,28,Q3G:R4H:H10Y,-0.6475803962853828,False,True
A10_B3,29,R4L:S8C:Q9A,-0.6830430108903005,False,True
A10_B3,30,Q3G:L7V:Q9R,-0.6841310545209545,False,True
A10_B3,31,F2Q:Q3G:L7Q,-0.7119635149395838,False,True
A10_B3,32,Q6R:S8T:Q9R,-0.7156508972774331,False,True
A10_B3,33,Q3G:A5I:S8L,-0.7591544352469264,False,True
A10_B3,34,R4H:A5M:Q9A,-0.7763017940989486,False,True
A10_B3,35,F2W:Q3N:R4Q,-0.7975828384996011,False,True
A10_B3,36,R4H:S8T:Q9A,-0.7979405427370532,False,True
A10_B3,37,R4T:L7I:Q9A,-0.8040717752208226,False,True
A10_B3,38,Q3G:R4L:Q6R,-0.8123273345966588,False,True
A10_B3,39,Q3N:A5I:L7I,-0.8266277585232288,False,True
A10_B3,40,Q3G:L7Q:Q9K,-0.828669950555072,False,True
A10_B3,41,Q3G:R4T:Q6R,-0.8336547840923338,False,True
A10_B3,42,Q3N:R4A:S8K,-0.8574903319279898,False,True
A10_B3,43,Q3G:R4H:L7V,-0.866100736125264,False,True
A10_B3,44,Q3N:R4A:Q9A,-0.879004619363966,False,True
A10_B3,45,Q3G:L7I:Q9K,-0.8796955025347264,False,True
A10_B3,46,R4T:S8R:Q9A,-0.8862155770322073,False,True
A10_B3,47,L7Q:Q9A:H10F,-0.8934096576047407,False,True
A10_B3,48,R4T:Q9A:H10F,-0.8945872315002088,False,True
A10_B3,49,Q3G:L7I:H10F,-0.9103376271240078,False,True
A10_B3,50,Q3G:R4L:S8T,-0.9158207268705365,False,True
A10_B5,1,F2Q:Q3N:L7Q,0.17307092747676855,True,True
A10_B5,2,Q3G:R4H:L7Q,0.0031584432586023725,True,True
A10_B5,3,Q3G:R4H:A5I,-0.039304253393986466,True,True
A10_B5,4,R4H:L7Q:S8T,-0.062423726073215224,True,True
A10_B5,5,F2W:Q3N:A5I,-0.1447806790458137,True,True
A10_B5,6,Q3G:A5I:Q9R,-0.16449549864703017,True,True
A10_B5,7,R4H:A5I:S8T,-0.17435321142343863,True,True
A10_B5,8,F2W:A5I:Q6R,-0.2666173785948558,True,True
A10_B5,9,Q3N:R4T:L7Q,-0.2762750371066922,True,True
A10_B5,10,R4T:S8T:Q9A,-0.30082749951890986,True,True
A10_B5,11,Q3G:R4C:A5I,-0.339288885487509,False,True
A10_B5,12,Q3G:R4T:Q9A,-0.3479698186094304,False,True
A10_B5,13,Q3N:R4L:S8K,-0.3579471281072011,False,True
A10_B5,14,Q3G:A5I:Q6R,-0.3716771098116012,False,True
A10_B5,15,F2W:R4T:A5I,-0.3721253796290733,False,True
A10_B5,16,A5I:L7I:Q9A,-0.3777343425631867,False,True
A10_B5,17,Q3N:L7Q:S8K,-0.4089405609252601,False,True
A10_B5,18,Q3N:R4Q:S8R,-0.5082658410000755,False,True
A10_B5,19,Q3G:R4T:L7Q,-0.5229089062746706,False,True
A10_B5,20,F2Q:R4T:L7Q,-0.5551266521822256,False,True
A10_B5,21,Q3G:R4T:S8T,-0.5664054903689308,False,True
A10_B5,22,R4T:L7V:Q9A,-0.5780207679726261,False,True
A10_B5,23,L7I:S8T:Q9A,-0.5975189468699384,False,True
A10_B5,24,R4A:L7I:S8L,-0.6185951265096485,False,True
A10_B5,25,Q3N:R4C:S8R,-0.6236579626808605,False,True
A10_B5,26,Q3N:S8K:Q9R,-0.6344963636225951,False,True
A10_B5,27,Q3G:A5M:S8R,-0.6431229070037509,False,True
A10_B5,28,Q3G:R4H:H10Y,-0.6475803962853828,False,True
A10_B5,29,R4L:S8C:Q9A,-0.6830430108903005,False,True
A10_B5,30,Q3G:L7V:Q9R,-0.6841310545209545,False,True
A10_B5,31,F2Q:Q3G:L7Q,-0.7119635149395838,False,True
A10_B5,32,Q6R:S8T:Q9R,-0.7156508972774331,False,True
A10_B5,33,Q3G:A5I:S8L,-0.7591544352469264,False,True
A10_B5,34,R4H:A5M:Q9A,-0.7763017940989486,False,True
A10_B5,35,F2W:Q3N:R4Q,-0.7975828384996011,False,True
A10_B5,36,R4H:S8T:Q9A,-0.7979405427370532,False,True
A10_B5,37,R4T:L7I:Q9A,-0.8040717752208226,False,True
A10_B5,38,Q3G:R4L:Q6R,-0.8123273345966588,False,True
A10_B5,39,Q3N:A5I:L7I,-0.8266277585232288,False,True
A10_B5,40,Q3G:L7Q:Q9K,-0.828669950555072,False,True
A10_B5,41,Q3G:R4T:Q6R,-0.8336547840923338,False,True
A10_B5,42,Q3N:R4A:S8K,-0.8574903319279898,False,True
A10_B5,43,Q3G:R4H:L7V,-0.866100736125264,False,True
A10_B5,44,Q3N:R4A:Q9A,-0.879004619363966,False,True
A10_B5,45,Q3G:L7I:Q9K,-0.8796955025347264,False,True
A10_B5,46,R4T:S8R:Q9A,-0.8862155770322073,False,True
A10_B5,47,L7Q:Q9A:H10F,-0.8934096576047407,False,True
A10_B5,48,R4T:Q9A:H10F,-0.8945872315002088,False,True
A10_B5,49,Q3G:L7I:H10F,-0.9103376271240078,False,True
A10_B5,50,Q3G:R4L:S8T,-0.9158207268705365,False,True
A10_V83,1,F2Q:Q3N:L7Q,0.17307092747676855,True,True
A10_V83,2,Q3G:R4H:L7Q,0.0031584432586023725,True,True
A10_V83,3,Q3G:R4H:A5I,-0.039304253393986466,True,True
A10_V83,4,R4H:L7Q:S8T,-0.062423726073215224,True,True
A10_V83,5,F2W:Q3N:A5I,-0.1447806790458137,True,True
A10_V83,6,Q3G:A5I:Q9R,-0.16449549864703017,True,True
A10_V83,7,R4H:A5I:S8T,-0.17435321142343863,True,True
A10_V83,8,F2W:A5I:Q6R,-0.2666173785948558,True,True
A10_V83,9,Q3N:R4T:L7Q,-0.2762750371066922,True,True
A10_V83,10,R4T:S8T:Q9A,-0.30082749951890986,True,True
A10_V83,11,Q3G:R4C:A5I,-0.339288885487509,False,True
A10_V83,12,Q3G:R4T:Q9A,-0.3479698186094304,False,True
A10_V83,13,Q3N:R4L:S8K,-0.3579471281072011,False,True
A10_V83,14,Q3G:A5I:Q6R,-0.3716771098116012,False,True
A10_V83,15,F2W:R4T:A5I,-0.3721253796290733,False,True
A10_V83,16,A5I:L7I:Q9A,-0.3777343425631867,False,True
A10_V83,17,Q3N:L7Q:S8K,-0.4089405609252601,False,True
A10_V83,18,Q3N:R4Q:S8R,-0.5082658410000755,False,True
A10_V83,19,Q3G:R4T:L7Q,-0.5229089062746706,False,True
A10_V83,20,F2Q:R4T:L7Q,-0.5551266521822256,False,True
A10_V83,21,Q3G:R4T:S8T,-0.5664054903689308,False,True
A10_V83,22,R4T:L7V:Q9A,-0.5780207679726261,False,True
A10_V83,23,L7I:S8T:Q9A,-0.5975189468699384,False,True
A10_V83,24,R4A:L7I:S8L,-0.6185951265096485,False,True
A10_V83,25,Q3N:R4C:S8R,-0.6236579626808605,False,True
A10_V83,26,Q3N:S8K:Q9R,-0.6344963636225951,False,True
A10_V83,27,Q3G:A5M:S8R,-0.6431229070037509,False,True
A10_V83,28,Q3G:R4H:H10Y,-0.6475803962853828,False,True
A10_V83,29,R4L:S8C:Q9A,-0.6830430108903005,False,True
A10_V83,30,Q3G:L7V:Q9R,-0.6841310545209545,False,True
A10_V83,31,F2Q:Q3G:L7Q,-0.7119635149395838,False,True
A10_V83,32,Q6R:S8T:Q9R,-0.7156508972774331,False,True
A10_V83,33,Q3G:A5I:S8L,-0.7591544352469264,False,True
A10_V83,34,R4H:A5M:Q9A,-0.7763017940989486,False,True
A10_V83,35,F2W:Q3N:R4Q,-0.7975828384996011,False,True
A10_V83,36,R4H:S8T:Q9A,-0.7979405427370532,False,True
A10_V83,37,R4T:L7I:Q9A,-0.8040717752208226,False,True
A10_V83,38,Q3G:R4L:Q6R,-0.8123273345966588,False,True
A10_V83,39,Q3N:A5I:L7I,-0.8266277585232288,False,True
A10_V83,40,Q3G:L7Q:Q9K,-0.828669950555072,False,True
A10_V83,41,Q3G:R4T:Q6R,-0.8336547840923338,False,True
A10_V83,42,Q3N:R4A:S8K,-0.8574903319279898,False,True
A10_V83,43,Q3G:R4H:L7V,-0.866100736125264,False,True
A10_V83,44,Q3N:R4A:Q9A,-0.879004619363966,False,True
A10_V83,45,Q3G:L7I:Q9K,-0.8796955025347264,False,True
A10_V83,46,R4T:S8R:Q9A,-0.8862155770322073,False,True
A10_V83,47,L7Q:Q9A:H10F,-0.8934096576047407,False,True
A10_V83,48,R4T:Q9A:H10F,-0.8945872315002088,False,True
A10_V83,49,Q3G:L7I:H10F,-0.9103376271240078,False,True
A10_V83,50,Q3G:R4L:S8T,-0.9158207268705365,False,True
A20_B3,1,Q3G:R4H:L7Q,0.30951012238265063,True,True
A20_B3,2,Q3G:R4T:L7Q,0.1214061747208699,True,True
A20_B3,3,Q3G:R4H:A5I,0.03222733059836913,True,True
A20_B3,4,Q3N:R4T:L7Q,-0.0006625297879405689,True,True
A20_B3,5,F2Q:R4T:L7Q,-0.09788497217074377,True,True
A20_B3,6,F2W:A5I:Q6R,-0.09923765567287557,True,True
A20_B3,7,Q3G:A5I:Q9R,-0.1111122744674633,True,True
A20_B3,8,Q3G:A5I:Q6R,-0.1145880021453175,True,True
A20_B3,9,F2W:R4P:A5I,-0.1607202178033369,True,True
A20_B3,10,Q3G:R4A:A5I,-0.20938549953147673,True,True
A20_B3,11,F2W:Q3N:A5I,-0.2276437421362113,False,True
A20_B3,12,Q3G:R4C:A5I,-0.23266566589515314,False,True
A20_B3,13,Q3N:R4Q:S8R,-0.23384354349014458,False,True
A20_B3,14,F2W:R4T:A5I,-0.27074653667117143,False,True
A20_B3,15,F2Q:Q3G:L7Q,-0.2971179352593566,False,True
A20_B3,16,Q3G:A5I:S8C,-0.30261983565056816,False,True
A20_B3,17,F2Q:Q3N:L7Q,-0.31426150341297354,False,True
A20_B3,18,Q3N:A5I:L7I,-0.3785529443852596,False,True
A20_B3,19,Q3N:R4P:L7V,-0.4185576893414339,False,True
A20_B3,20,Q3G:R4H:H10Y,-0.44615591033361435,False,True
A20_B3,21,Q3N:R4A:Q9A,-0.4811650425637112,False,True
A20_B3,22,R4P:L7Q:Q9R,-0.48280203951133427,False,True
A20_B3,23,R4P:L7Q:Q9A,-0.48395898442941676,False,True
A20_B3,24,Q3N:R4T:L7I,-0.5027824705953157,False,True
A20_B3,25,Q3N:R4A:S8K,-0.5037276510804435,False,True
A20_B3,26,R4A:S8K:Q9A,-0.509537952925563,False,True
A20_B3,27,R4P:L7V:S8T,-0.5127797880354172,False,True
A20_B3,28,Q3N:R4Q:H10F,-0.5136861228500198,False,True
A20_B3,29,R4H:L7Q:S8T,-0.5356457290566554,False,True
A20_B3,30,R4H:A5I:S8T,-0.5379707203663172,False,True
A20_B3,31,R4P:L7V:Q9R,-0.5973056717632456,False,True
A20_B3,32,R4H:S8T:Q9A,-0.6023319958577356,False,True
A20_B3,33,Q3G:R4T:Q6R,-0.6226699264234854,False,True
A20_B3,34,A5M:S8T:Q9R,-0.6276451333169935,False,True
A20_B3,35,Q3G:R4P:L7Q,-0.6377265317644718,False,True
A20_B3,36,R4H:L7Q:A11S,-0.6383067678916454,False,True
A20_B3,37,Q3N:R4C:S8R,-0.6436853340475629,False,True
A20_B3,38,Q3N:R4T:Q9R,-0.6616017316286353,False,True
A20_B3,39,R4T:L7Q:S8C,-0.6632873769442319,False,True
A20_B3,40,R4L:A5I:Q6R,-0.6664220624765687,False,True
A20_B3,41,R4T:L7I:Q9R,-0.6687618909803716,False,True
A20_B3,42,R4Q:S8K:Q9A,-0.6940571989489586,False,True
A20_B3,43,Q3N:S8K:Q9R,-0.6998123686337034,False,True
A20_B3,44,Q3N:L7Q:S8K,-0.7221384965932993,False,True
A20_B3,45,Q3N:R4Q:L7I,-0.7322317654756807,False,True
A20_B3,46,Q6R:S8K:Q9A,-0.7342190011403307,False,True
A20_B3,47,Q3G:R4T:S8T,-0.736505813865366,False,True
A20_B3,48,Q3G:R4H:L7V,-0.7484650832988101,False,True
A20_B3,49,Q3G:A5M:S8R,-0.7584905643199237,False,True
A20_B3,50,Q3G:R4T:Q9A,-0.7765039429975289,False,True
A20_B5,1,Q3G:R4H:L7Q,0.30951012238265063,True,True
A20_B5,2,Q3G:R4T:L7Q,0.1214061747208699,True,True
A20_B5,3,Q3G:R4H:A5I,0.03222733059836913,True,True
A20_B5,4,Q3N:R4T:L7Q,-0.0006625297879405689,True,True
A20_B5,5,F2Q:R4T:L7Q,-0.09788497217074377,True,True
A20_B5,6,F2W:A5I:Q6R,-0.09923765567287557,True,True
A20_B5,7,Q3G:A5I:Q9R,-0.1111122744674633,True,True
A20_B5,8,Q3G:A5I:Q6R,-0.1145880021453175,True,True
A20_B5,9,F2W:R4P:A5I,-0.1607202178033369,True,True
A20_B5,10,Q3G:R4A:A5I,-0.20938549953147673,True,True
A20_B5,11,F2W:Q3N:A5I,-0.2276437421362113,False,True
A20_B5,12,Q3G:R4C:A5I,-0.23266566589515314,False,True
A20_B5,13,Q3N:R4Q:S8R,-0.23384354349014458,False,True
A20_B5,14,F2W:R4T:A5I,-0.27074653667117143,False,True
A20_B5,15,F2Q:Q3G:L7Q,-0.2971179352593566,False,True
A20_B5,16,Q3G:A5I:S8C,-0.30261983565056816,False,True
A20_B5,17,F2Q:Q3N:L7Q,-0.31426150341297354,False,True
A20_B5,18,Q3N:A5I:L7I,-0.3785529443852596,False,True
A20_B5,19,Q3N:R4P:L7V,-0.4185576893414339,False,True
A20_B5,20,Q3G:R4H:H10Y,-0.44615591033361435,False,True
A20_B5,21,Q3N:R4A:Q9A,-0.4811650425637112,False,True
A20_B5,22,R4P:L7Q:Q9R,-0.48280203951133427,False,True
A20_B5,23,R4P:L7Q:Q9A,-0.48395898442941676,False,True
A20_B5,24,Q3N:R4T:L7I,-0.5027824705953157,False,True
A20_B5,25,Q3N:R4A:S8K,-0.5037276510804435,False,True
A20_B5,26,R4A:S8K:Q9A,-0.509537952925563,False,True
A20_B5,27,R4P:L7V:S8T,-0.5127797880354172,False,True
A20_B5,28,Q3N:R4Q:H10F,-0.5136861228500198,False,True
A20_B5,29,R4H:L7Q:S8T,-0.5356457290566554,False,True
A20_B5,30,R4H:A5I:S8T,-0.5379707203663172,False,True
A20_B5,31,R4P:L7V:Q9R,-0.5973056717632456,False,True
A20_B5,32,R4H:S8T:Q9A,-0.6023319958577356,False,True
A20_B5,33,Q3G:R4T:Q6R,-0.6226699264234854,False,True
A20_B5,34,A5M:S8T:Q9R,-0.6276451333169935,False,True
A20_B5,35,Q3G:R4P:L7Q,-0.6377265317644718,False,True
A20_B5,36,R4H:L7Q:A11S,-0.6383067678916454,False,True
A20_B5,37,Q3N:R4C:S8R,-0.6436853340475629,False,True
A20_B5,38,Q3N:R4T:Q9R,-0.6616017316286353,False,True
A20_B5,39,R4T:L7Q:S8C,-0.6632873769442319,False,True
A20_B5,40,R4L:A5I:Q6R,-0.6664220624765687,False,True
A20_B5,41,R4T:L7I:Q9R,-0.6687618909803716,False,True
A20_B5,42,R4Q:S8K:Q9A,-0.6940571989489586,False,True
A20_B5,43,Q3N:S8K:Q9R,-0.6998123686337034,False,True
A20_B5,44,Q3N:L7Q:S8K,-0.7221384965932993,False,True
A20_B5,45,Q3N:R4Q:L7I,-0.7322317654756807,False,True
A20_B5,46,Q6R:S8K:Q9A,-0.7342190011403307,False,True
A20_B5,47,Q3G:R4T:S8T,-0.736505813865366,False,True
A20_B5,48,Q3G:R4H:L7V,-0.7484650832988101,False,True
A20_B5,49,Q3G:A5M:S8R,-0.7584905643199237,False,True
A20_B5,50,Q3G:R4T:Q9A,-0.7765039429975289,False,True
A20_V83,1,Q3G:R4H:L7Q,0.30951012238265063,True,True
A20_V83,2,Q3G:R4T:L7Q,0.1214061747208699,True,True
A20_V83,3,Q3G:R4H:A5I,0.03222733059836913,True,True
A20_V83,4,Q3N:R4T:L7Q,-0.0006625297879405689,True,True
A20_V83,5,F2Q:R4T:L7Q,-0.09788497217074377,True,True
A20_V83,6,F2W:A5I:Q6R,-0.09923765567287557,True,True
A20_V83,7,Q3G:A5I:Q9R,-0.1111122744674633,True,True
A20_V83,8,Q3G:A5I:Q6R,-0.1145880021453175,True,True
A20_V83,9,F2W:R4P:A5I,-0.1607202178033369,True,True
A20_V83,10,Q3G:R4A:A5I,-0.20938549953147673,True,True
A20_V83,11,F2W:Q3N:A5I,-0.2276437421362113,False,True
A20_V83,12,Q3G:R4C:A5I,-0.23266566589515314,False,True
A20_V83,13,Q3N:R4Q:S8R,-0.23384354349014458,False,True
A20_V83,14,F2W:R4T:A5I,-0.27074653667117143,False,True
A20_V83,15,F2Q:Q3G:L7Q,-0.2971179352593566,False,True
A20_V83,16,Q3G:A5I:S8C,-0.30261983565056816,False,True
A20_V83,17,F2Q:Q3N:L7Q,-0.31426150341297354,False,True
A20_V83,18,Q3N:A5I:L7I,-0.3785529443852596,False,True
A20_V83,19,Q3N:R4P:L7V,-0.4185576893414339,False,True
A20_V83,20,Q3G:R4H:H10Y,-0.44615591033361435,False,True
A20_V83,21,Q3N:R4A:Q9A,-0.4811650425637112,False,True
A20_V83,22,R4P:L7Q:Q9R,-0.48280203951133427,False,True
A20_V83,23,R4P:L7Q:Q9A,-0.48395898442941676,False,True
A20_V83,24,Q3N:R4T:L7I,-0.5027824705953157,False,True
A20_V83,25,Q3N:R4A:S8K,-0.5037276510804435,False,True
A20_V83,26,R4A:S8K:Q9A,-0.509537952925563,False,True
A20_V83,27,R4P:L7V:S8T,-0.5127797880354172,False,True
A20_V83,28,Q3N:R4Q:H10F,-0.5136861228500198,False,True
A20_V83,29,R4H:L7Q:S8T,-0.5356457290566554,False,True
A20_V83,30,R4H:A5I:S8T,-0.5379707203663172,False,True
A20_V83,31,R4P:L7V:Q9R,-0.5973056717632456,False,True
A20_V83,32,R4H:S8T:Q9A,-0.6023319958577356,False,True
A20_V83,33,Q3G:R4T:Q6R,-0.6226699264234854,False,True
A20_V83,34,A5M:S8T:Q9R,-0.6276451333169935,False,True
A20_V83,35,Q3G:R4P:L7Q,-0.6377265317644718,False,True
A20_V83,36,R4H:L7Q:A11S,-0.6383067678916454,False,True
A20_V83,37,Q3N:R4C:S8R,-0.6436853340475629,False,True
A20_V83,38,Q3N:R4T:Q9R,-0.6616017316286353,False,True
A20_V83,39,R4T:L7Q:S8C,-0.6632873769442319,False,True
A20_V83,40,R4L:A5I:Q6R,-0.6664220624765687,False,True
A20_V83,41,R4T:L7I:Q9R,-0.6687618909803716,False,True
A20_V83,42,R4Q:S8K:Q9A,-0.6940571989489586,False,True
A20_V83,43,Q3N:S8K:Q9R,-0.6998123686337034,False,True
A20_V83,44,Q3N:L7Q:S8K,-0.7221384965932993,False,True
A20_V83,45,Q3N:R4Q:L7I,-0.7322317654756807,False,True
A20_V83,46,Q6R:S8K:Q9A,-0.7342190011403307,False,True
A20_V83,47,Q3G:R4T:S8T,-0.736505813865366,False,True
A20_V83,48,Q3G:R4H:L7V,-0.7484650832988101,False,True
A20_V83,49,Q3G:A5M:S8R,-0.7584905643199237,False,True
A20_V83,50,Q3G:R4T:Q9A,-0.7765039429975289,False,True
A40_B3,1,Q3G:R4H:L7Q,0.315515141185736,True,True
A40_B3,2,F2W:Q3N:A5I,0.09432423264291212,True,True
A40_B3,3,F2Q:Q3G:A5M,0.07628615403878514,True,True
A40_B3,4,Q3G:R4H:A5I,0.030046408809499825,True,True
A40_B3,5,Q3G:R4H:L7V,-0.06368378649627005,True,True
A40_B3,6,F2W:A5I:Q6R,-0.06699886104100372,True,True
A40_B3,7,Q3G:A5I:S8C,-0.08737201115691318,True,True
A40_B3,8,Q3G:R4H:H10Y,-0.139923899050447,True,True
A40_B3,9,R4L:A5I:Q6R,-0.1667273198557364,True,True
A40_B3,10,Q3G:R4T:L7Q,-0.25196999149733856,True,True
A40_B3,11,R4H:A5I:S8T,-0.2698073825712367,False,True
A40_B3,12,Q3N:R4A:S8K,-0.29991561109602394,False,True
A40_B3,13,R4A:S8K:Q9A,-0.3668983248698606,False,True
A40_B3,14,Q3G:A5M:S8R,-0.36874078890695183,False,True
A40_B3,15,F2W:R4T:A5I,-0.4073751413474307,False,True
A40_B3,16,Q3N:R4Q:S8R,-0.442244257648331,False,True
A40_B3,17,Q3N:R4T:L7Q,-0.4459604036719195,False,True
A40_B3,18,R4P:L7Q:Q9R,-0.46183281520879094,False,True
A40_B3,19,F2Q:Q3G:L7Q,-0.4778571719262683,False,True
A40_B3,20,Q3G:A5I:Q6R,-0.5335969233277247,False,True
A40_B3,21,A5I:S8C:H10F,-0.5479197284207,False,True
A40_B3,22,R4P:L7Q:Q9A,-0.5487430329840755,False,True
A40_B3,23,Q3G:L7I:Q9K,-0.5557436236728854,False,True
A40_B3,24,Q3N:R4A:Q9A,-0.5588274405225342,False,True
A40_B3,25,Q3N:R4L:S8K,-0.5634844686369653,False,True
A40_B3,26,Q3G:A5I:S8L,-0.586987876218122,False,True
A40_B3,27,Q3N:A5I:L7I,-0.599186504018228,False,True
A40_B3,28,R4T:L7Q:S8C,-0.6057393942248361,False,True
A40_B3,29,Q3N:R4C:S8R,-0.6113928531847266,False,True
A40_B3,30,Q3G:R4P:L7Q,-0.6165099937446895,False,True
A40_B3,31,Q3N:R4P:L7V,-0.622310097365276,False,True
A40_B3,32,Q3G:S8C:H10F,-0.6247311545430013,False,True
A40_B3,33,Q3N:L7Q:S8K,-0.6337327802872239,False,True
A40_B3,34,F2Q:A5M:S8R,-0.6434055323844543,False,True
A40_B3,35,A5I:L7I:Q9A,-0.6519516752213772,False,True
A40_B3,36,Q3G:R4C:A5I,-0.6529260417227868,False,True
A40_B3,37,Q3N:R4Q:H10F,-0.6581406485185837,False,True
A40_B3,38,F2Q:Q3N:L7Q,-0.665634440697644,False,True
A40_B3,39,Q3G:L7V:S8K,-0.668682895824858,False,True
A40_B3,40,Q3G:A5I:H10Y,-0.6796837231989479,False,True
A40_B3,41,Q3G:R4T:Q9A,-0.6868215557333495,False,True
A40_B3,42,F2Q:A5M:Q9R,-0.6955864008941071,False,True
A40_B3,43,R4H:L7Q:S8T,-0.6976457760793253,False,True
A40_B3,44,F2Q:R4A:L7Q,-0.7209213026675982,False,True
A40_B3,45,R4L:S8C:Q9A,-0.7259830703649485,False,True
A40_B3,46,F2Q:Q3N:H10F,-0.735954377538296,False,True
A40_B3,47,Q3G:R4A:A5I,-0.7414236825453915,False,True
A40_B3,48,R4A:L7Q:S8K,-0.7504944091845045,False,True
A40_B3,49,Q3N:R4T:S8L,-0.7654030427054104,False,True
A40_B3,50,R4Q:S8R:Q9R,-0.7717118176984815,False,True
A40_B5,1,Q3G:R4H:L7Q,0.315515141185736,True,True
A40_B5,2,F2W:Q3N:A5I,0.09432423264291212,True,True
A40_B5,3,F2Q:Q3G:A5M,0.07628615403878514,True,True
A40_B5,4,Q3G:R4H:A5I,0.030046408809499825,True,True
A40_B5,5,Q3G:R4H:L7V,-0.06368378649627005,True,True
A40_B5,6,F2W:A5I:Q6R,-0.06699886104100372,True,True
A40_B5,7,Q3G:A5I:S8C,-0.08737201115691318,True,True
A40_B5,8,Q3G:R4H:H10Y,-0.139923899050447,True,True
A40_B5,9,R4L:A5I:Q6R,-0.1667273198557364,True,True
A40_B5,10,Q3G:R4T:L7Q,-0.25196999149733856,True,True
A40_B5,11,R4H:A5I:S8T,-0.2698073825712367,False,True
A40_B5,12,Q3N:R4A:S8K,-0.29991561109602394,False,True
A40_B5,13,R4A:S8K:Q9A,-0.3668983248698606,False,True
A40_B5,14,Q3G:A5M:S8R,-0.36874078890695183,False,True
A40_B5,15,F2W:R4T:A5I,-0.4073751413474307,False,True
A40_B5,16,Q3N:R4Q:S8R,-0.442244257648331,False,True
A40_B5,17,Q3N:R4T:L7Q,-0.4459604036719195,False,True
A40_B5,18,R4P:L7Q:Q9R,-0.46183281520879094,False,True
A40_B5,19,F2Q:Q3G:L7Q,-0.4778571719262683,False,True
A40_B5,20,Q3G:A5I:Q6R,-0.5335969233277247,False,True
A40_B5,21,A5I:S8C:H10F,-0.5479197284207,False,True
A40_B5,22,R4P:L7Q:Q9A,-0.5487430329840755,False,True
A40_B5,23,Q3G:L7I:Q9K,-0.5557436236728854,False,True
A40_B5,24,Q3N:R4A:Q9A,-0.5588274405225342,False,True
A40_B5,25,Q3N:R4L:S8K,-0.5634844686369653,False,True
A40_B5,26,Q3G:A5I:S8L,-0.586987876218122,False,True
A40_B5,27,Q3N:A5I:L7I,-0.599186504018228,False,True
A40_B5,28,R4T:L7Q:S8C,-0.6057393942248361,False,True
A40_B5,29,Q3N:R4C:S8R,-0.6113928531847266,False,True
A40_B5,30,Q3G:R4P:L7Q,-0.6165099937446895,False,True
A40_B5,31,Q3N:R4P:L7V,-0.622310097365276,False,True
A40_B5,32,Q3G:S8C:H10F,-0.6247311545430013,False,True
A40_B5,33,Q3N:L7Q:S8K,-0.6337327802872239,False,True
A40_B5,34,F2Q:A5M:S8R,-0.6434055323844543,False,True
A40_B5,35,A5I:L7I:Q9A,-0.6519516752213772,False,True
A40_B5,36,Q3G:R4C:A5I,-0.6529260417227868,False,True
A40_B5,37,Q3N:R4Q:H10F,-0.6581406485185837,False,True
A40_B5,38,F2Q:Q3N:L7Q,-0.665634440697644,False,True
A40_B5,39,Q3G:L7V:S8K,-0.668682895824858,False,True
A40_B5,40,Q3G:A5I:H10Y,-0.6796837231989479,False,True
A40_B5,41,Q3G:R4T:Q9A,-0.6868215557333495,False,True
A40_B5,42,F2Q:A5M:Q9R,-0.6955864008941071,False,True
A40_B5,43,R4H:L7Q:S8T,-0.6976457760793253,False,True
A40_B5,44,F2Q:R4A:L7Q,-0.7209213026675982,False,True
A40_B5,45,R4L:S8C:Q9A,-0.7259830703649485,False,True
A40_B5,46,F2Q:Q3N:H10F,-0.735954377538296,False,True
A40_B5,47,Q3G:R4A:A5I,-0.7414236825453915,False,True
A40_B5,48,R4A:L7Q:S8K,-0.7504944091845045,False,True
A40_B5,49,Q3N:R4T:S8L,-0.7654030427054104,False,True
A40_B5,50,R4Q:S8R:Q9R,-0.7717118176984815,False,True
A40_V83,1,Q3G:R4H:L7Q,0.315515141185736,True,True
A40_V83,2,F2W:Q3N:A5I,0.09432423264291212,True,True
A40_V83,3,F2Q:Q3G:A5M,0.07628615403878514,True,True
A40_V83,4,Q3G:R4H:A5I,0.030046408809499825,True,True
A40_V83,5,Q3G:R4H:L7V,-0.06368378649627005,True,True
A40_V83,6,F2W:A5I:Q6R,-0.06699886104100372,True,True
A40_V83,7,Q3G:A5I:S8C,-0.08737201115691318,True,True
A40_V83,8,Q3G:R4H:H10Y,-0.139923899050447,True,True
A40_V83,9,R4L:A5I:Q6R,-0.1667273198557364,True,True
A40_V83,10,Q3G:R4T:L7Q,-0.25196999149733856,True,True
A40_V83,11,R4H:A5I:S8T,-0.2698073825712367,False,True
A40_V83,12,Q3N:R4A:S8K,-0.29991561109602394,False,True
A40_V83,13,R4A:S8K:Q9A,-0.3668983248698606,False,True
A40_V83,14,Q3G:A5M:S8R,-0.36874078890695183,False,True
A40_V83,15,F2W:R4T:A5I,-0.4073751413474307,False,True
A40_V83,16,Q3N:R4Q:S8R,-0.442244257648331,False,True
A40_V83,17,Q3N:R4T:L7Q,-0.4459604036719195,False,True
A40_V83,18,R4P:L7Q:Q9R,-0.46183281520879094,False,True
A40_V83,19,F2Q:Q3G:L7Q,-0.4778571719262683,False,True
A40_V83,20,Q3G:A5I:Q6R,-0.5335969233277247,False,True
A40_V83,21,A5I:S8C:H10F,-0.5479197284207,False,True
A40_V83,22,R4P:L7Q:Q9A,-0.5487430329840755,False,True
A40_V83,23,Q3G:L7I:Q9K,-0.5557436236728854,False,True
A40_V83,24,Q3N:R4A:Q9A,-0.5588274405225342,False,True
A40_V83,25,Q3N:R4L:S8K,-0.5634844686369653,False,True
A40_V83,26,Q3G:A5I:S8L,-0.586987876218122,False,True
A40_V83,27,Q3N:A5I:L7I,-0.599186504018228,False,True
A40_V83,28,R4T:L7Q:S8C,-0.6057393942248361,False,True
A40_V83,29,Q3N:R4C:S8R,-0.6113928531847266,False,True
A40_V83,30,Q3G:R4P:L7Q,-0.6165099937446895,False,True
A40_V83,31,Q3N:R4P:L7V,-0.622310097365276,False,True
A40_V83,32,Q3G:S8C:H10F,-0.6247311545430013,False,True
A40_V83,33,Q3N:L7Q:S8K,-0.6337327802872239,False,True
A40_V83,34,F2Q:A5M:S8R,-0.6434055323844543,False,True
A40_V83,35,A5I:L7I:Q9A,-0.6519516752213772,False,True
A40_V83,36,Q3G:R4C:A5I,-0.6529260417227868,False,True
A40_V83,37,Q3N:R4Q:H10F,-0.6581406485185837,False,True
A40_V83,38,F2Q:Q3N:L7Q,-0.665634440697644,False,True
A40_V83,39,Q3G:L7V:S8K,-0.668682895824858,False,True
A40_V83,40,Q3G:A5I:H10Y,-0.6796837231989479,False,True
A40_V83,41,Q3G:R4T:Q9A,-0.6868215557333495,False,True
A40_V83,42,F2Q:A5M:Q9R,-0.6955864008941071,False,True
A40_V83,43,R4H:L7Q:S8T,-0.6976457760793253,False,True
A40_V83,44,F2Q:R4A:L7Q,-0.7209213026675982,False,True
A40_V83,45,R4L:S8C:Q9A,-0.7259830703649485,False,True
A40_V83,46,F2Q:Q3N:H10F,-0.735954377538296,False,True
A40_V83,47,Q3G:R4A:A5I,-0.7414236825453915,False,True
A40_V83,48,R4A:L7Q:S8K,-0.7504944091845045,False,True
A40_V83,49,Q3N:R4T:S8L,-0.7654030427054104,False,True
A40_V83,50,R4Q:S8R:Q9R,-0.7717118176984815,False,True
