candidate_id,mutant,mutation_count,scoreable,structural_exploration,exploration_rank,exploitation_raw,exploitation_rank,acquisition_score
Q3N:R4P:Q9A,Q3N:R4P:Q9A,3,True,0.574140708054754,0.954843408594319,-1.0695962293711732,0.874120406567631,0.914481907580975
L7Q:S8R:Q9R,L7Q:S8R:Q9R,3,True,0.5650037728470035,0.9355426074289876,-1.0905270260714919,0.8694292415949961,0.9024859245119918
Q6R:S8R:Q9R,Q6R:S8R:Q9R,3,True,0.5387959104122174,0.883102694828842,-1.022788667636518,0.890539483971853,0.8868210894003474
L7Q:S8R:H10F,L7Q:S8R:H10F,3,True,0.5707691215132006,0.9497450837581938,-1.2563896096020541,0.8131352619233776,0.8814401728407857
Q3N:R4Q:L7Q,Q3N:R4Q:L7Q,3,True,0.5165085594105536,0.8288419519300801,-0.8507076659357519,0.928068803752932,0.8784553778415061
Q3G:R4A:L7Q,Q3G:R4A:L7Q,3,True,0.559263189225059,0.9184268026219956,-1.2020342035849965,0.8326817826426895,0.8755542926323425
A5I:S8R:Q9R,A5I:S8R:Q9R,3,True,0.5104174761705339,0.8062636562272396,-0.8051614443969841,0.9421422986708365,0.8742029774490381
Q3N:R4P:S8R,Q3N:R4P:S8R,3,True,0.5627853901285701,0.9264384559359068,-1.243229749968839,0.8217357310398749,0.8740870934878908
R4T:L7V:Q9R,R4T:L7V:Q9R,3,True,0.5362706222677119,0.8783685360524399,-1.0923008713563043,0.8686473807662236,0.8735079584093317
R4Q:L7Q:S8R,R4Q:L7Q:S8R,3,True,0.5465324920619089,0.8951201747997086,-1.148306107784136,0.8498827208756842,0.8725014478376965
Q3N:S8R:H10F,Q3N:S8R:H10F,3,True,0.5428244595848924,0.8907501820830298,-1.1416764386333906,0.8537920250195465,0.8722711035512882
Q3N:R4A:L7I,Q3N:R4A:L7I,3,True,0.5555958658243026,0.9075018208302986,-1.2278366427050602,0.8264268960125097,0.8669643584214042
F2W:R4Q:S8R,F2W:R4Q:S8R,3,True,0.49771695559300017,0.7698470502549163,-0.62187798612388,0.9640344018764659,0.8669407260656912
Q3N:R4Q:Q9K,Q3N:R4Q:Q9K,3,True,0.5372998537731671,0.8798252002913328,-1.1438518142458873,0.8522283033620016,0.8660267518266672
R4Q:A5I:H10F,R4Q:A5I:H10F,3,True,0.4956956336107135,0.7516387472687546,-0.4506772520265889,0.9757623143080532,0.8637005307884038
A5I:Q9A:H10F,A5I:Q9A:H10F,3,True,0.5059120574300946,0.7931536780772032,-0.8798546638217832,0.9218139171227522,0.8574837975999776
Q3N:R4A:S8C,Q3N:R4A:S8C,3,True,0.5572418498067726,0.9118718135469774,-1.2939265214969238,0.8014073494917905,0.8566395815193839
Q3N:R4A:L7Q,Q3N:R4A:L7Q,3,True,0.5191191035290249,0.8368536052439912,-1.0889634949097111,0.8702111024237685,0.8535323538338799
R4Q:S8L:H10Y,R4Q:S8L:H10Y,3,True,0.49627360914825713,0.7592862345229424,-0.7469388382198519,0.946051602814699,0.8526689186688208
Q3G:R4L:Q9R,Q3G:R4L:Q9R,3,True,0.5090811711316234,0.8026219956300072,-0.9982275933994333,0.8975762314308053,0.8500991135304063
R4A:L7Q:S8R,R4A:L7Q:S8R,3,True,0.5491430361803803,0.8994901675163874,-1.2969186179969872,0.799061767005473,0.8492759672609302
Q3N:R4Q:S8C,Q3N:R4Q:S8C,3,True,0.5330052203554809,0.8710852148579752,-1.2557144944023153,0.8139171227521501,0.8425011688050627
R4L:A5I:S8R,R4L:A5I:S8R,3,True,0.514816343212204,0.8201019664967225,-1.1117147037055186,0.8639562157935887,0.8420290911451556
R4Q:S8R:H10F,R4Q:S8R:H10F,3,True,0.5034823042591973,0.7851420247632921,-1.0189594317623833,0.8913213448006255,0.8382316847819589
R4Q:Q9K:H10F,R4Q:Q9K:H10F,3,True,0.5710098643676723,0.9512017479970867,-1.5176982142036115,0.706020328381548,0.8286110381893174
R4P:S8R:Q9A,R4P:S8R:Q9A,3,True,0.49914186175783143,0.775673707210488,-1.0429998701130716,0.8803752931978108,0.8280245002041494
R4Q:Q6R:S8R,R4Q:Q6R:S8R,3,True,0.49313517849103433,0.7385287691187181,-0.9592333990188104,0.9053948397185301,0.8219618044186241
Q3N:R4L:H10Y,Q3N:R4L:H10Y,3,True,0.49639187971673104,0.7603787327021122,-1.0423621128850544,0.8811571540265832,0.8207679433643478
Q3G:R4L:S8R,Q3G:R4L:S8R,3,True,0.48947099623972595,0.7148579752367079,-0.8738378250566219,0.9241594996090696,0.8195087374228888
R4A:Q6R:S8R,R4A:Q6R:S8R,3,True,0.4957457226095057,0.7538237436270939,-1.0344480854239246,0.8842845973416732,0.8190541704843836
Q3N:R4P:S8C,Q3N:R4P:S8C,3,True,0.5772027803504504,0.9592134013109979,-1.5951622130603365,0.6739640344018765,0.8165887178564372
A5I:Q9R:H10F,A5I:Q9R:H10F,3,True,0.5629824508647169,0.9278951201747997,-1.5277729115758782,0.7005473025801408,0.8142212113774703
Q3N:R4L:S8C,Q3N:R4L:S8C,3,True,0.48543374638051673,0.690094683175528,-0.83200006389888,0.9366692728694292,0.8133819780224787
Q3G:L7Q:S8R,Q3G:L7Q:S8R,3,True,0.48507212919805576,0.6879096868171887,-0.825858991444492,0.9382329945269742,0.8130713406720814
A5I:S8R:H10F,A5I:S8R:H10F,3,True,0.5649983613056396,0.9344501092498179,-1.5416639175534277,0.6903831118060985,0.8124166105279582
Q3N:R4P:S8K,Q3N:R4P:S8K,3,True,0.5446306594030351,0.8922068463219228,-1.476852517097312,0.7318217357310399,0.8120142910264814
L7Q:S8K:Q9K,L7Q:S8K:Q9K,3,True,0.510027065931833,0.8048069919883467,-1.24923467318881,0.8178264268960125,0.8113167094421796
Q3N:S8K:H10F,Q3N:S8K:H10F,3,True,0.5246697288593575,0.8521485797523671,-1.3752992057618638,0.7701329163408913,0.8111407480466293
R4T:S8R:Q9R,R4T:S8R:Q9R,3,True,0.5477765545558534,0.8973051711580481,-1.4941810438395648,0.7208756841282252,0.8090904276431367
R4A:L7Q:S8T,R4A:L7Q:S8T,3,True,0.4900567323048352,0.7174071376547706,-0.9992311474308824,0.8967943706020328,0.8071007541284017
R4A:L7Q:Q9A,R4A:L7Q:Q9A,3,True,0.4900567323048352,0.7174071376547706,-1.014419150246473,0.8928850664581705,0.8051461020564705
R4Q:S8K:Q9K,R4Q:S8K:Q9K,3,True,0.4915557851467383,0.729060451565914,-1.056786689442554,0.8788115715402658,0.8039360115530899
Q3G:R4A:S8K,Q3G:R4A:S8K,3,True,0.4855744586703221,0.6919155134741443,-0.931877540970274,0.9132134480062549,0.8025644807401996
Q3N:R4L:S8R,Q3N:R4L:S8R,3,True,0.4710163561586365,0.6183539694100509,-0.41409256988476084,0.9796716184519155,0.7990127939309832
Q3N:S8C:H10F,Q3N:S8C:H10F,3,True,0.5356157644739523,0.8776402039329935,-1.503077300146215,0.7169663799843627,0.7973032919586781
Q3N:R4T:L7V,Q3N:R4T:L7V,3,True,0.4811365092033153,0.6715222141296431,-0.879319400305175,0.9225957779515246,0.7970589960405838
A5M:S8R:Q9R,A5M:S8R:Q9R,3,True,0.5433776875141832,0.8914785142024764,-1.5252142704830804,0.7021110242376857,0.796794769220081
Q3N:R4P:S8T,Q3N:R4P:S8T,3,True,0.4820730009202048,0.6773488710852149,-0.9233387907004457,0.9139953088350273,0.7956720899601211
R4L:S8R:H10Y,R4L:S8R:H10Y,3,True,0.526352452085962,0.8550619082301529,-1.4796923118695753,0.7294761532447225,0.7922690307374377
L7Q:S8R:H10Y,L7Q:S8R:H10Y,3,True,0.5707691215132006,0.9497450837581938,-1.718580398338259,0.6278342455043002,0.788789664631247
R4A:L7Q:S8C,R4A:L7Q:S8C,3,True,0.5147448899333517,0.8182811361981064,-1.4293410523794305,0.7529319781078968,0.7856065571530015
R4A:S8R:H10F,R4A:S8R:H10F,3,True,0.5549083848465773,0.9067734887108522,-1.6371667712235336,0.6622361219702892,0.7845048053405708
R4P:L7V:Q9A,R4P:L7V:Q9A,3,True,0.4788381953863495,0.6584122359796067,-0.9655740216011328,0.9030492572322126,0.7807307466059097
R4A:L7Q:H10F,R4A:L7Q:H10F,3,True,0.5745185597384748,0.956300072833212,-1.7739465157872032,0.6035965598123534,0.7799483163227827
R4P:S8C:Q9R,R4P:S8C:Q9R,3,True,0.5347058204770294,0.876911871813547,-1.570890772251442,0.6810007818608288,0.778956326837188
R4Q:L7Q:S8L,R4Q:L7Q:S8L,3,True,0.4688821751492398,0.6088856518572469,-0.778518598363511,0.944487881157154,0.7766867665072004
Q3N:R4T:S8C,Q3N:R4T:S8C,3,True,0.48543374638051673,0.690094683175528,-1.1247715365945787,0.8631743549648163,0.7766345190701722
R4A:L7Q:Q9K,R4A:L7Q:Q9K,3,True,0.4974134380182176,0.7658412235979607,-1.3327776227029977,0.7865519937451134,0.7761966086715371
R4P:A5I:Q6R,R4P:A5I:Q6R,3,True,0.5783616043064287,0.9606700655498908,-1.8365078340758973,0.5879593432369038,0.7743147043933973
Q3G:R4Q:L7Q,Q3G:R4Q:L7Q,3,True,0.47331931177325437,0.6285506190823015,-0.8989750456524501,0.9186864738076622,0.7736185464449818
R4L:S8L:H10Y,R4L:S8L:H10Y,3,True,0.5191437569750218,0.837946103423161,-1.515901600131214,0.7075840500390931,0.772765076731127
R4T:S8C:Q9R,R4T:S8C:Q9R,3,True,0.4917523229760046,0.7327021121631464,-1.2757235650315173,0.8084440969507428,0.7705731045569446
F2W:Q6R:S8R,F2W:Q6R:S8R,3,True,0.5387959104122174,0.883102694828842,-1.6476616916531386,0.6575449569976545,0.7703238259132482
Q3G:R4L:Q9K,Q3G:R4L:Q9K,3,True,0.48655693454647203,0.697742170429716,-1.170484423729624,0.8412822517591869,0.7695122110944514
Q3N:L7Q:H10F,Q3N:L7Q:H10F,3,True,0.47030356706011617,0.6147123088128187,-0.8972779698465454,0.9202501954652071,0.7674812521390129
Q3N:R4P:L7Q,Q3N:R4P:L7Q,3,True,0.4902644976037939,0.721048798252003,-1.2815184767520975,0.8068803752931978,0.7639645867726004
Q3G:Q6R:S8K,Q3G:Q6R:S8K,3,True,0.47522733290215924,0.6394756008739986,-1.0277712378593582,0.8881939014855356,0.7638347511797671
R4H:L7Q:H10Y,R4H:L7Q:H10Y,3,True,0.4653833043453752,0.5910415149308085,-0.8353442339613842,0.9358874120406567,0.7634644634857326
F2W:R4A:S8T,F2W:R4A:S8T,3,True,0.4900567323048352,0.7174071376547706,-1.2724538442853595,0.8092259577795152,0.7633165477171429
F2W:R4A:L7I,F2W:R4A:L7I,3,True,0.5619144424197905,0.9242534595775673,-1.7770547604673106,0.6020328381548085,0.763143148866188
Q3G:R4A:S8L,Q3G:R4A:S8L,3,True,0.46200269742049244,0.5746540422432629,-0.7240305307720146,0.9499609069585614,0.7623074746009122
Q3N:R4A:S8T,Q3N:R4A:S8T,3,True,0.4621120703765271,0.5761107064821559,-0.7311101103600869,0.9483971853010165,0.7622539458915862
L7Q:Q9R:H10Y,L7Q:Q9R:H10Y,3,True,0.5687532110722778,0.9450109249817917,-1.854014391075053,0.5793588741204065,0.7621848995510991
R4T:Q9K:H10Y,R4T:Q9K:H10Y,3,True,0.5018123050598878,0.7815003641660597,-1.4655368842486447,0.7396403440187647,0.7605703540924122
R4A:L7Q:Q9R,R4A:L7Q:Q9R,3,True,0.5199376746033689,0.8404952658412236,-1.5906273043650576,0.6755277560594214,0.7580115109503225
Q3N:R4P:L7I,Q3N:R4P:L7I,3,True,0.5755567963679803,0.9584850691915513,-1.938715356393949,0.5566849100860047,0.7575849896387781
F2W:R4A:S8C,F2W:R4A:S8C,3,True,0.5635604264022605,0.9308084486525856,-1.8431446392591742,0.5840500390930414,0.7574292438728135
Q3G:R4A:L7I,Q3G:R4A:L7I,3,True,0.4602933531558981,0.5659140568099054,-0.7396737359766044,0.947615324472244,0.7567646906410747
A5I:Q9A:A11S,A5I:Q9A:A11S,3,True,0.49924855751156644,0.7771303714493809,-1.4690754912163229,0.7357310398749023,0.7564307056621415
R4L:Q9R:H10Y,R4L:Q9R:H10Y,3,True,0.573152078113948,0.9537509104151493,-1.9399473723859644,0.5559030492572322,0.7548269798361907
R4T:S8L:H10Y,R4T:S8L:H10Y,3,True,0.5191437569750218,0.837946103423161,-1.604141110106966,0.6708365910867865,0.7543913472549737
R4A:L7I:H10F,R4A:L7I:H10F,3,True,0.48434645775265417,0.685360524399126,-1.240122936111562,0.8232994526974199,0.7543299885482729
Q3N:R4A:L7V,Q3N:R4A:L7V,3,True,0.46087690549502186,0.5695557174071376,-0.8271578949352929,0.9374511336982018,0.7535034255526697
Q3G:R4L:S8L,Q3G:R4L:S8L,3,True,0.4822623011287859,0.6795338674435543,-1.2212455329352445,0.8272087568412823,0.7533713121424183
R4L:S8R:A11S,R4L:S8R:A11S,3,True,0.4980628668346136,0.7713037144938092,-1.4699676655672436,0.7349491790461298,0.7531264467699694
Q3N:R4T:A5I,Q3N:R4T:A5I,3,True,0.45766631970688465,0.5491624180626365,-0.6939589189557758,0.9569976544175137,0.7530800362400751
Q3N:R4L:Q9K,Q3N:R4L:Q9K,3,True,0.4681022944653826,0.6030589949016751,-0.9881653452234487,0.9007036747458952,0.7518813348237852
R4P:L7Q:Q9K,R4P:L7Q:Q9K,3,True,0.49018491742580683,0.7203204661325564,-1.3360914866467801,0.7834245504300235,0.7518725082812899
R4P:S8K:Q9A,R4P:S8K:Q9A,3,True,0.4938788425639007,0.741442097596504,-1.3978311365754035,0.7615324472243941,0.7514872724104491
Q3N:R4Q:S8K,Q3N:R4Q:S8K,3,True,0.451617562939157,0.5309541150764748,-0.5487674292266393,0.9687255668491008,0.7498398409627878
R4L:Q9K:A11S,R4L:Q9K:A11S,3,True,0.5655904269430887,0.9388201019664967,-1.9307111820173508,0.5598123534010946,0.7493162276837957
R4T:Q9K:A11S,R4T:Q9K:A11S,3,True,0.49514880514135967,0.7509104151493081,-1.4424088176907217,0.745113369820172,0.7480118924847401
L7Q:S8K:H10F,L7Q:S8K:H10F,3,True,0.5655061023192699,0.937727603787327,-1.9366487044665455,0.5582486317435497,0.7479881177654384
R4T:Q6R:S8R,R4T:Q6R:S8R,3,True,0.4943792409849788,0.7450837581937363,-1.4335034932234065,0.7505863956215794,0.7478350769076578
F2W:R4T:H10Y,F2W:R4T:H10Y,3,True,0.573152078113948,0.9537509104151493,-1.9757447252716824,0.5394839718530101,0.7466174411340797
Q3G:R4A:Q9K,Q3G:R4A:Q9K,3,True,0.4662973308381786,0.5972323379461034,-1.0081046098913966,0.8952306489444879,0.7462314934452956
Q3G:R4L:A5M,Q3G:R4L:A5M,3,True,0.47456337426719886,0.6358339402767662,-1.1365304093680217,0.8553557466770915,0.7455948434769288
R4L:S8T:H10Y,R4L:S8T:H10Y,3,True,0.5160816846793257,0.8273852876911871,-1.6324598274117852,0.6637998436278343,0.7455925656595107
Q3G:L7Q:H10Y,Q3G:L7Q:H10Y,3,True,0.48882156742333,0.7101238164603059,-1.3577266095093625,0.7771696637998436,0.7436467401300748
Q3G:R4A:H10Y,Q3G:R4A:H10Y,3,True,0.49458691608952704,0.7487254187909687,-1.465728215204547,0.7380766223612197,0.7434010205760941
R4Q:S8K:H10F,R4Q:S8K:H10F,3,True,0.49821928506526647,0.7720320466132556,-1.5060973477249653,0.7146207974980453,0.7433264220556505
R4T:A5I:Q6R,R4T:A5I:Q6R,3,True,0.45940311920040666,0.5564457392571013,-0.8504873878524533,0.9296325254104769,0.743039132333789
R4T:Q6R:S8K,R4T:Q6R:S8K,3,True,0.48911622179104813,0.7126729788783686,-1.3759277832373158,0.7685691946833464,0.7406210867808575
Q3N:R4P:S8L,Q3N:R4P:S8L,3,True,0.5338872494026854,0.875455207574654,-1.7721176314485187,0.6043784206411259,0.73991681410789
R4T:S8T:H10Y,R4T:S8T:H10Y,3,True,0.4944555993465054,0.7461762563729061,-1.4738919255106402,0.7326035965598123,0.7393899264663593
Q3N:R4A:A5I,Q3N:R4A:A5I,3,True,0.48622225246749995,0.6948288419519301,-1.3443437864139702,0.7795152462861611,0.7371720441190456
R4T:Q9R:H10F,R4T:Q9R:H10F,3,True,0.5515259927811277,0.9024034959941734,-1.889526279221735,0.5707584050039093,0.7365809504990413
S8R:Q9A:H10F,S8R:Q9A:H10F,3,True,0.4791809312141537,0.6598689002184996,-1.2567258632795295,0.8123534010946052,0.7361111506565524
R4L:H10Y:A11S,R4L:H10Y:A11S,3,True,0.4746228539237993,0.6372906045156591,-1.2197270827818858,0.8279906176700548,0.7326406110928569
R4T:L7Q:A11S,R4T:L7Q:A11S,3,True,0.49604695639369073,0.7567370721048798,-1.514684573541049,0.7083659108678655,0.7325514914863727
R4T:H10Y:A11S,R4T:H10Y:A11S,3,True,0.5234383903927081,0.848871085214858,-1.7402047475836042,0.6145426114151681,0.7317068483150131
R4P:S8R:H10Y,R4P:S8R:H10Y,3,True,0.5964954007230753,0.9832483612527313,-2.1603818629002536,0.47771696637998434,0.7304826638163578
F2W:Q3N:L7I,F2W:Q3N:L7I,3,True,0.515312720293681,0.8244719592134013,-1.701580711046119,0.6364347146207975,0.7304533369170993
L7Q:S8R:A11S,L7Q:S8R:A11S,3,True,0.5424795362618522,0.8900218499635834,-1.8988188799513859,0.5676309616888194,0.7288264058262014
R4A:S8T:H10F,R4A:S8T:H10F,3,True,0.49582208097103225,0.7545520757465404,-1.5243845783295926,0.7028928850664582,0.7287224804064993
R4A:L7Q:S8L,R4A:L7Q:S8L,3,True,0.47149271926771114,0.6201747997086672,-1.1994533839589645,0.8358092259577795,0.7279920128332233
L7Q:S8T:H10Y,L7Q:S8T:H10Y,3,True,0.5116828176376554,0.8088128186453023,-1.678291416410304,0.6465989053948398,0.727705862020071
F2Q:R4L:Q9K,F2Q:R4L:Q9K,3,True,0.4635053852706105,0.5804806991988347,-1.0694656934333246,0.8749022673964034,0.7276914832976191
R4P:S8T:H10F,R4P:S8T:H10F,3,True,0.5157830115147098,0.825564457392571,-1.7166132586699516,0.6293979671618452,0.7274812122772081
F2W:R4A:A5I,F2W:R4A:A5I,3,True,0.4492252981152229,0.5193008011653314,-0.8472867778414355,0.9327599687255669,0.7260303849454491
F2A:R4Q:S8R,F2A:R4Q:S8R,3,True,0.5160047115235592,0.8266569555717407,-1.7247590407570312,0.6239249413604379,0.7252909484660892
Q3N:Q9R:H10F,Q3N:Q9R:H10F,3,True,0.5279168376123653,0.8601602330662782,-1.819756555255116,0.5895230648944488,0.7248416489803635
F2W:R4T:L7I,F2W:R4T:L7I,3,True,0.5389218754624433,0.8841951930080116,-1.9296858721016459,0.562157935887412,0.7231765644477118
R4P:Q9K:H10F,R4P:Q9K:H10F,3,True,0.5935813390298214,0.9806991988346686,-2.2128151796810425,0.4652071931196247,0.7229531959771467
R4P:S8L:H10Y,R4P:S8L:H10Y,3,True,0.5892867056121351,0.9777858703568827,-2.1965911511618925,0.46755277560594216,0.7226693229814124
F2Q:Q3N:R4Q,F2Q:Q3N:R4Q,3,True,0.4567775371513849,0.5440640932265113,-0.9900030585250977,0.8999218139171228,0.721992953571817
Q3N:R4A:S8L,Q3N:R4A:S8L,3,True,0.4434846970572786,0.49308084486525855,-0.7434001041019318,0.9468334636434714,0.719957154254365
R4T:Q9K:H10F,R4T:Q9K:H10F,3,True,0.4801862197270675,0.663510560815732,-1.3644485861875182,0.7756059421422987,0.7195582514790153
R4P:A5I:S8C,R4P:A5I:S8C,3,True,0.5073089749366482,0.7953386744355426,-1.6851778695430608,0.6434714620797498,0.7194050682576463
F2W:Q3N:R4A,F2W:Q3N:R4A,3,True,0.5279168376123653,0.8601602330662782,-1.867533435039781,0.5770132916340891,0.7185867623501836
F2W:Q3N:S8C,F2W:Q3N:S8C,3,True,0.516958704276151,0.830298616168973,-1.7676705898379825,0.6059421422986708,0.718120379233822
R4P:L7Q:H10F,R4P:L7Q:H10F,3,True,0.5456639538132436,0.8936635105608157,-1.9665014976295891,0.5418295543393276,0.7177465324500716
R4P:S8T:Q9R,R4P:S8T:Q9R,3,True,0.4602079143947322,0.5644573925710124,-1.0865066421884098,0.870992963252541,0.7177251779117767
L7Q:S8L:H10Y,L7Q:S8L:H10Y,3,True,0.4931188046005314,0.7378004369992717,-1.532967225262404,0.6966379984362784,0.717219217717775
L7Q:Q9K:H10Y,L7Q:Q9K:H10Y,3,True,0.519039523351038,0.8361252731245448,-1.8011106674426918,0.5981235340109461,0.7171244035677454
Q3G:R4Q:Q9K,Q3G:R4Q:Q9K,3,True,0.45079507518810297,0.5294974508375819,-0.9637329088927544,0.9046129788897577,0.7170552148636697
Q6R:S8R:H10F,Q6R:S8R:H10F,3,True,0.5661873444112347,0.9395484340859432,-2.106144155101041,0.49257232212666147,0.7160603781063024
R4A:L7Q:H10Y,R4A:L7Q:H10Y,3,True,0.5745185597384748,0.956300072833212,-2.1752776286561586,0.473807662236122,0.7150538675346669
Q3N:L7I:S8C,Q3N:L7I:S8C,3,True,0.5101199356236638,0.8055353241077932,-1.7277616000823721,0.6231430805316653,0.7143392023197292
R4L:Q9K:H10Y,R4L:Q9K:H10Y,3,True,0.5234383903927081,0.848871085214858,-1.8560582205364304,0.5785770132916341,0.7137240492532461
A5M:L7V:Q9R,A5M:L7V:Q9R,3,True,0.44853842189270837,0.517115804806992,-0.9518160537900839,0.9093041438623924,0.7132099743346922
R4P:S8T:H10Y,R4P:S8T:H10Y,3,True,0.5157830115147098,0.825564457392571,-1.7933835715069064,0.6004691164972635,0.7130167869449173
A5I:Q6R:Q9R,A5I:Q6R:Q9R,3,True,0.43337816682591623,0.44100509832483614,-0.46850124410412053,0.9734167318217357,0.7072109150732859
R4A:S8C:Q9R,R4A:S8C:Q9R,3,True,0.4659293534644429,0.5957756737072105,-1.2521984527964463,0.8170445660672401,0.7064101198872252
Q3N:Q6R:S8R,Q3N:Q6R:S8R,3,True,0.46203571201500054,0.5753823743627094,-1.2008652338000632,0.835027365129007,0.7052048697458582
Q3N:L7I:Q9K,Q3N:L7I:Q9K,3,True,0.45686465877122523,0.5447924253459577,-1.1078140969564485,0.8647380766223612,0.7047652509841595
R4T:S8T:Q9R,R4T:S8T:Q9R,3,True,0.43888050222652764,0.46394756008739985,-0.7670149961921432,0.9452697419859265,0.7046086510366631
L7Q:S8C:Q9R,L7Q:S8C:Q9R,3,True,0.460164004798246,0.5633648943918427,-1.1575816917557018,0.8451915559030493,0.704278225147446
Q3G:A5I:H10F,Q3G:A5I:H10F,3,True,0.46136136160082447,0.5724690458849235,-1.2011008245631756,0.8342455043002346,0.7033572750925791
R4A:Q9R:H10F,R4A:Q9R:H10F,3,True,0.5745185597384748,0.956300072833212,-2.2556965253711985,0.44956997654417513,0.7029350246886935
Q3N:S8K:Q9A,Q3N:S8K:Q9A,3,True,0.4273161898941136,0.4202476329206118,-0.3312034703129574,0.9851446442533229,0.7026961385869673
F2A:R4L:S8R,F2A:R4L:S8R,3,True,0.5876903958192328,0.9759650400582666,-2.3103400156261586,0.4292415949960907,0.7026033175271786
Q3G:Q6R:A11S,Q3G:Q6R:A11S,3,True,0.4992023757356563,0.7764020393299345,-1.7184121326892798,0.6286161063330727,0.7025090728315035
F2W:S8C:H10F,F2W:S8C:H10F,3,True,0.5419343410694402,0.8885651857246905,-2.052295417908465,0.5152462861610634,0.7019057359428769
R4P:A5M:L7V,R4P:A5M:L7V,3,True,0.5447063229043122,0.8929351784413693,-2.0582377329589407,0.5105551211884285,0.7017451498148989
Q6R:S8R:A11S,Q6R:S8R:A11S,3,True,0.5378977591598864,0.8820101966496723,-2.036210259216703,0.5199374511336982,0.7009738238916852
Q3N:L7V:Q9A,Q3N:L7V:Q9A,3,True,0.42516725424816665,0.4129643117261471,-0.28324473344660717,0.9882720875684128,0.70061819964728
F2W:A5I:S8C,F2W:A5I:S8C,3,True,0.4382671647790086,0.461034231609614,-0.8136026925906947,0.9397967161845192,0.7004154738970666
R4P:L7Q:S8K,R4P:L7Q:S8K,3,True,0.5854670328629475,0.9730517115804806,-2.320889211372097,0.42767787333854573,0.7003647924595132
L7Q:S8K:Q9A,L7Q:S8K:Q9A,3,True,0.468152563354026,0.6037873270211216,-1.3093431238592577,0.7959343236903831,0.6998608253557523
Q3G:R4A:A5M,Q3G:R4A:A5M,3,True,0.4543037705589054,0.5367807720320467,-1.1250575757735728,0.8616106333072713,0.6991957026696589
Q3N:R4L:S8L,Q3N:R4L:S8L,3,True,0.4421182154327518,0.4865258557902403,-0.9429804513644409,0.9116497263487099,0.699087791069475
R4Q:Q9A:H10Y,R4Q:Q9A:H10Y,3,True,0.49321153685256086,0.7392571012381646,-1.6439357891222137,0.6583268178264269,0.6987919595322958
Q3G:R4P:Q9R,Q3G:R4P:Q9R,3,True,0.5087824979670077,0.8011653313911143,-1.8128156647554605,0.5934323690383112,0.6972988502147128
R4L:Q9A:H10Y,R4L:Q9A:H10Y,3,True,0.46726614821041684,0.6001456664238893,-1.3173001843160066,0.7943706020328382,0.6972581342283637
F2A:R4Q:S8L,F2A:R4Q:S8L,3,True,0.5576115528815279,0.91442097596504,-2.153783707708283,0.47849882720875686,0.6964599015868984
R4P:Q9K:A11S,R4P:Q9K:A11S,3,True,0.5869178391112932,0.9745083758193737,-2.3534352861309795,0.4175136825645035,0.6960110291919386
F2A:S8R:Q9A,F2A:S8R:Q9A,3,True,0.4917033384785157,0.7312454479242535,-1.6395017313436,0.6606724003127443,0.6959589241184989
R4T:L7V:H10Y,R4T:L7V:H10Y,3,True,0.5420359709339089,0.8892935178441369,-2.0857511639742192,0.5011727912431587,0.6952331545436479
F2Q:Q3N:L7I,F2Q:Q3N:L7I,3,True,0.4467839639511719,0.5120174799708667,-1.0623061635053945,0.8772478498827209,0.6946326649267938
F2W:R4T:A5M,F2W:R4T:A5M,3,True,0.5673867294477509,0.9410050983248361,-2.259213794054155,0.4480062548866302,0.6945056766057331
R4P:L7Q:H10Y,R4P:L7Q:H10Y,3,True,0.5944794902821524,0.9821558630735615,-2.4041174815111668,0.4042220484753714,0.6931889557744665
R4A:S8L:H10Y,R4A:S8L:H10Y,3,True,0.4500686167978197,0.5258557902403496,-1.1315887528026827,0.8584831899921814,0.6921694901162655
R4L:S8L:A11S,R4L:S8L:A11S,3,True,0.49085417172367346,0.7239621267297888,-1.6435430395540565,0.6591086786551994,0.691535402692494
F2A:R4P:S8R,F2A:R4P:S8R,3,True,0.6090178079874373,0.98761835396941,-2.4597229497257946,0.3932759968725567,0.6904471754209833
R4C:A5I:Q6R,R4C:A5I:Q6R,3,True,0.42213932751568745,0.39839766933721776,-0.45038569411625806,0.9765441751368257,0.6874709222370217
R4A:S8K:Q9K,R4A:S8K:Q9K,3,True,0.44535079279630096,0.5061908230152949,-1.1068221352100003,0.8655199374511336,0.6858553802332144
F2W:R4T:H10F,F2W:R4T:H10F,3,True,0.5515259927811277,0.9024034959941734,-2.2209133834675177,0.46364347146207974,0.6830234837281266
R4P:Q9A:A11S,R4P:Q9A:A11S,3,True,0.530745596929002,0.8674435542607429,-2.0964455935308233,0.4980453479280688,0.6827444510944058
R4P:S8R:A11S,R4P:S8R:A11S,3,True,0.5682058154717269,0.942461762563729,-2.3406203445133804,0.4222048475371384,0.6823333050504337
R4L:L7Q:S8R,R4L:L7Q:S8R,3,True,0.5260871089409088,0.8543335761107065,-2.079340074524146,0.5043002345582487,0.6793169053344776
A5I:S8R:A11S,A5I:S8R:A11S,3,True,0.4878932395853825,0.7035688273852877,-1.658766092087362,0.6544175136825645,0.678993170533926
A5I:S8T:H10F,A5I:S8T:H10F,3,True,0.4561023089763138,0.5426074289876184,-1.2553684927207889,0.8146989835809226,0.6786532062842705
R4P:Q6R:S8T,R4P:Q6R:S8T,3,True,0.4709180888821225,0.6176256372906045,-1.4656470434367526,0.7388584831899921,0.6782420602402983
R4P:S8T:Q9A,R4P:S8T:Q9A,3,True,0.418429472549466,0.3772760378732702,-0.4141349240225244,0.9788897576231431,0.6780828977482066
A5M:L7I:Q9R,A5M:L7I:Q9R,3,True,0.5561490937535934,0.9082301529497451,-2.259373303019883,0.4472243940578577,0.6777272735038014
R4H:S8R:Q9R,R4H:S8R:Q9R,3,True,0.4400077807872808,0.471959213401311,-1.040874270333354,0.8819390148553558,0.6769491141283334
R4L:L7V:Q9R,R4L:L7V:Q9R,3,True,0.43764533734502237,0.4581209031318281,-1.0137549154779268,0.893666927286943,0.6758939152093856
R4P:A5M:L7I,R4P:A5M:L7I,3,True,0.5818753729634681,0.9679533867443554,-2.5060729382016724,0.3831118060985145,0.6755325964214349
R4C:Q6R:S8R,R4C:Q6R:S8R,3,True,0.45705208901813527,0.5455207574654042,-1.28569444670567,0.8053166536356529,0.6754187055505285
A5I:S8R:Q9A,A5I:S8R:Q9A,3,True,0.41882928587148704,0.3794610342316096,-0.544216777557058,0.9695074276778733,0.6744842309547414
Q3N:R4T:Q9K,Q3N:R4T:Q9K,3,True,0.41928675799647386,0.38091769847050255,-0.5708681687432303,0.9679437060203284,0.6744307022454155
F2W:R4A:L7V,F2W:R4A:L7V,3,True,0.48882156742333,0.7101238164603059,-1.700393930083924,0.6379984362783424,0.6740611263693241
L7I:S8R:H10F,L7I:S8R:H10F,3,True,0.45897093419455964,0.5528040786598689,-1.3136148022327876,0.7951524628616107,0.6739782707607398
F2W:Q3N:R4T,F2W:Q3N:R4T,3,True,0.4777348195189297,0.6518572469045885,-1.5337673727604701,0.6958561376075059,0.6738566922560472
F2W:R4H:S8R,F2W:R4H:S8R,3,True,0.4400077807872807,0.4712308812818645,-1.0624858989209058,0.8764659890539483,0.6738484351679064
Q3G:R4Q:Q6R,Q3G:R4Q:Q6R,3,True,0.4199219982023798,0.38310269482884196,-0.6285238281370564,0.9632525410476935,0.6731776179382678
F2W:A5I:L7I,F2W:A5I:L7I,3,True,0.41493173518159393,0.359796067006555,-0.3295707499506939,0.9859265050820953,0.6728612860443252
F2W:R4P:H10Y,F2W:R4P:H10Y,3,True,0.5944794902821524,0.9821558630735615,-2.569482200392841,0.3635652853792025,0.672860574226382
R4P:S8K:Q9R,R4P:S8K:Q9R,3,True,0.5638409475301273,0.9315367807720321,-2.365812966381735,0.41360437842064113,0.6725705795963366
R4L:S8T:H10F,R4L:S8T:H10F,3,True,0.4944555993465054,0.7461762563729061,-1.8004141546339487,0.5989053948397185,0.6725408256063123
L7I:S8R:Q9R,L7I:S8R:Q9R,3,True,0.4877233823927873,0.7028404952658412,-1.6881744393686253,0.6419077404222049,0.672374117844023
Q3G:R4A:L7V,Q3G:R4A:L7V,3,True,0.4448137487116867,0.5018208302986161,-1.188488686936498,0.8389366692728695,0.6703787497857427
R4L:L7V:S8T,R4L:L7V:S8T,3,True,0.42939048037930894,0.42607428987618357,-0.9478041621078714,0.910086004691165,0.6680801472836743
R4L:L7I:S8T,R4L:L7I:S8T,3,True,0.4473336851633965,0.515659140568099,-1.2465788680980439,0.8201720093823299,0.6679155749752145
R4Q:L7Q:Q9R,R4Q:L7Q:Q9R,3,True,0.5173271304848976,0.833211944646759,-2.085598142107392,0.5019546520719312,0.667583298359345
F2A:R4T:Q9K,F2A:R4T:Q9K,3,True,0.5631502487931586,0.9286234522942461,-2.4027273619758187,0.40578577013291633,0.6672046112135812
F2W:Q3N:R4P,F2W:Q3N:R4P,3,True,0.547877768156043,0.8980335032774945,-2.3027283171274613,0.436278342455043,0.6671559228662688
R4Q:L7Q:S8T,R4Q:L7Q:S8T,3,True,0.5090722735191842,0.8018936635105608,-1.9997873493329732,0.5308835027365129,0.6663885831235368
R4T:S8K:H10F,R4T:S8K:H10F,3,True,0.4778372622263907,0.6525855790240349,-1.5778896644122704,0.6794370602032838,0.6660113196136593
L7Q:S8R:Q9K,L7Q:S8R:Q9K,3,True,0.5152900851257637,0.8233794610342317,-2.0689239162620234,0.5074276778733385,0.6654035694537851
F2A:R4T:S8R,F2A:R4T:S8R,3,True,0.5172487740175037,0.8324836125273124,-2.096754435152278,0.49726348709929635,0.6648735498133044
A5M:S8K:Q9K,A5M:S8K:Q9K,3,True,0.4395854441301039,0.46831755280407866,-1.128379106910037,0.8608287724784989,0.6645731626412887
R4P:H10Y:A11S,R4P:H10Y:A11S,3,True,0.5935813390298214,0.9806991988346686,-2.6216863786590645,0.34714620797498047,0.6639227034048245
R4P:L7I:Q9A,R4P:L7I:Q9A,3,True,0.4414716461955126,0.47997086671522216,-1.1561351557827237,0.8459734167318217,0.6629721417235219
R4T:Q9A:A11S,R4T:Q9A:A11S,3,True,0.4606026482918888,0.5684632192279679,-1.4211481839480147,0.7560594214229867,0.6622613203254772
R4Q:Q9K:A11S,R4Q:Q9K:A11S,3,True,0.5298285675847196,0.8630735615440641,-2.2251115618451793,0.46051602814698983,0.661794794845527
Q3N:L7I:Q9R,Q3N:L7I:Q9R,3,True,0.4664971838247723,0.5979606700655499,-1.4891771775350935,0.7247849882720876,0.6613728291688188
R4P:L7Q:A11S,R4P:L7Q:A11S,3,True,0.5878159903636243,0.976693372177713,-2.6324486998949235,0.3424550430023456,0.6595742075900293
A5M:L7I:Q9A,A5M:L7I:Q9A,3,True,0.4429348181217263,0.48907501820830296,-1.2178624750464049,0.8295543393275997,0.6593146787679514
L7Q:S8T:Q9A,L7Q:S8T:Q9A,3,True,0.4143292786724116,0.35615440640932267,-0.6523562207717709,0.9609069585613761,0.6585306824853494
R4A:A5I:Q6R,R4A:A5I:Q6R,3,True,0.4391435154921133,0.46613255644573925,-1.1499762624477294,0.8483189992181391,0.6572257778319393
L7Q:S8T:Q9K,L7Q:S8T:Q9K,3,True,0.4345776959173983,0.4471959213401311,-1.103069746757587,0.8670836591086787,0.6571397902244049
R4P:S8L:Q9A,R4P:S8L:Q9A,3,True,0.5048248781784955,0.7880553532410779,-2.017002859866458,0.5254104769351056,0.6567329150880917
F2W:R4Q:S8T,F2W:R4Q:S8T,3,True,0.4602567370502753,0.5651857246904588,-1.4413152786212298,0.7474589523064894,0.6563223384984741
F2A:R4Q:Q9A,F2A:R4Q:Q9A,3,True,0.5545494805858316,0.9060451565914057,-2.39873263828958,0.4065676309616888,0.6563063937765472
A5I:S8C:Q9R,A5I:S8C:Q9R,3,True,0.4327671592578648,0.4366351056081573,-1.0668700235454354,0.8756841282251759,0.6561596169166666
Q3N:R4T:S8K,Q3N:R4T:S8K,3,True,0.4040460889641928,0.31828113619810633,-0.20082572842738067,0.9937451133698202,0.6560131247839632
L7I:Q9K:H10F,L7I:Q9K:H10F,3,True,0.45605687250130583,0.5418790968681719,-1.379341994486142,0.7677873338545739,0.654833215361373
L7V:S8R:Q9R,L7V:S8R:Q9R,3,True,0.48507212919805576,0.6879096868171887,-1.7283023010149043,0.6215793588741204,0.6547445228456545
F2Q:R4T:Q9K,F2Q:R4T:Q9K,3,True,0.41468984880170173,0.35761107064821557,-0.7193607169543482,0.9515246286161063,0.654567849632161
R4A:L7V:Q9R,R4A:L7V:Q9R,3,True,0.4183799456216009,0.37654770575382374,-0.8474592688490061,0.9319781078967944,0.6542629068253091
R4T:L7V:S8K,R4T:L7V:S8K,3,True,0.44969018018137064,0.5229424617625638,-1.334868622859729,0.7849882720875684,0.653965366925066
R4Q:Q6R:L7Q,R4Q:Q6R:L7Q,3,True,0.4911192680501115,0.7246904588492352,-1.853007165992869,0.5801407349491791,0.6524155968992071
