arm,rank,candidate_id,mutation_count,predicted_score,budget10,budget50
B3_RAW_PAIR,1,D20N:T127P:N158A:N206D:N207K,5,1.9988313336212922,True,True
B3_RAW_PAIR,2,T127P:N158A:N206D:N207K:K231R,5,1.9853405252564815,True,True
B3_RAW_PAIR,3,D20N:T127P:N158A:N206D:K231R,5,1.9679372286964285,True,True
B3_RAW_PAIR,4,D20N:T127P:N158A:S168G:N206D,5,1.9669824615522895,True,True
B3_RAW_PAIR,5,D20N:T127P:N158A:S168G:A172C,5,1.9636165352186492,True,True
B3_RAW_PAIR,6,T127P:N158A:S168G:A172C:N207K,5,1.9604281960825867,True,True
B3_RAW_PAIR,7,D20N:N158A:A172C:N206D:N207K,5,1.9573604899663013,True,True
B3_RAW_PAIR,8,N158A:A172C:N206D:N207K:K231R,5,1.9209104176925178,True,True
B3_RAW_PAIR,9,D20N:S168G:A172C:N207K:K231R,5,1.920077008012283,True,True
B3_RAW_PAIR,10,D20N:N158A:A172C:N207K:K231R,5,1.9112995443243235,True,True
B3_RAW_PAIR,11,D20N:V45A:T127P:N158A:S168G,5,1.9086441069509923,False,True
B3_RAW_PAIR,12,V45A:T127P:N158A:S168G:N206D,5,1.907513961005498,False,True
B3_RAW_PAIR,13,D20N:V45A:T127P:S168G:K231R,5,1.8841935651695594,False,True
B3_RAW_PAIR,14,D20N:V45A:T127P:S168G:N206D,5,1.8742629946004166,False,True
B3_RAW_PAIR,15,V45A:T127P:N158A:N206D:K231R,5,1.8704396000507524,False,True
B3_RAW_PAIR,16,D20N:V45A:T127P:N206D:K231R,5,1.8635151522467992,False,True
B3_RAW_PAIR,17,V45A:T127P:S168G:N206D:N207K,5,1.8632792904879552,False,True
B3_RAW_PAIR,18,V45A:T127P:S168G:A172C:K231R,5,1.857931977507267,False,True
B3_RAW_PAIR,19,D20N:T127P:S168G:A174L:K231R,5,1.8578643487328337,False,True
B3_RAW_PAIR,20,D20N:T127P:S168G:A174L:N206D,5,1.854943857087436,False,True
B3_RAW_PAIR,21,D20N:V45A:N158A:S168G:A172C,5,1.8548102386829068,False,True
B3_RAW_PAIR,22,D20N:V45A:N158A:S168G:N206D,5,1.8524339324595538,False,True
B3_RAW_PAIR,23,D20N:T127P:A174L:N206D:K231R,5,1.8519867544289477,False,True
B3_RAW_PAIR,24,D20N:V45A:T127P:S168G:N207K,5,1.8519809259623523,False,True
B3_RAW_PAIR,25,V45A:N158A:S168G:N206D:N207K,5,1.8516973267728982,False,True
B3_RAW_PAIR,26,D20N:V45A:N158A:N206D:K231R,5,1.8513351863400889,False,True
B3_RAW_PAIR,27,D20N:V45A:T127P:N206D:N207K,5,1.849880008445349,False,True
B3_RAW_PAIR,28,V45A:N158A:N206D:N207K:K231R,5,1.8440830988713195,False,True
B3_RAW_PAIR,29,D20N:V45A:N158A:S168G:N207K,5,1.8326734345007056,False,True
B3_RAW_PAIR,30,D20N:V45A:N158A:A172C:N207K,5,1.8277220730696155,False,True
B3_RAW_PAIR,31,V45A:N158A:S168G:A172C:N207K,5,1.8269665155180221,False,True
B3_RAW_PAIR,32,D20N:V45A:N158A:N207K:K231R,5,1.8245919821598044,False,True
B3_RAW_PAIR,33,D20N:V45A:T127P:A172C:N206D,5,1.823804828856578,False,True
B3_RAW_PAIR,34,V45A:T127P:A172C:N206D:N207K,5,1.8199752508891553,False,True
B3_RAW_PAIR,35,D20N:V45A:T127P:A172C:K231R,5,1.8189611706884774,False,True
B3_RAW_PAIR,36,D20N:T127P:A172C:A174L:N206D,5,1.8164822317177036,False,True
B3_RAW_PAIR,37,T127P:S168G:A172C:A174L:K231R,5,1.8138719315673622,False,True
B3_RAW_PAIR,38,T127P:N158A:A172C:A174L:N206D,5,1.8136804181209523,False,True
B3_RAW_PAIR,39,N158A:S168G:A174L:N206D:K231R,5,1.811011675912356,False,True
B3_RAW_PAIR,40,D20N:T127P:S168G:A174L:N207K,5,1.808065517738122,False,True
B3_RAW_PAIR,41,T127P:N158A:S168G:A174L:N207K,5,1.8073821999701116,False,True
B3_RAW_PAIR,42,V45A:T127P:N158A:A172C:K231R,5,1.8061050841052655,False,True
B3_RAW_PAIR,43,T127P:S168G:A174L:N206D:N207K,5,1.8044373310053132,False,True
B3_RAW_PAIR,44,D20N:V45A:S168G:A172C:N206D,5,1.7911172752161757,False,True
B3_RAW_PAIR,45,V45A:N158A:A172C:N206D:K231R,5,1.7804239904419796,False,True
B3_RAW_PAIR,46,D20N:V45A:S168G:N207K:K231R,5,1.7737388913949157,False,True
B3_RAW_PAIR,47,T127P:A172C:A174L:N206D:K231R,5,1.7735706138588128,False,True
B3_RAW_PAIR,48,D20N:S168G:A172C:A174L:N206D,5,1.7599422500517252,False,True
B3_RAW_PAIR,49,N158A:A172C:A174L:N206D:N207K,5,1.7544003976978115,False,True
B3_RAW_PAIR,50,N158A:S168G:A172C:A174L:K231R,5,1.7499710984736527,False,True
B5_CROSSFIT_ADAPTIVE_HIGHER_ORDER,1,T127P:N158A:N206D:N207K:K231R,5,1.5491061436428473,True,True
B5_CROSSFIT_ADAPTIVE_HIGHER_ORDER,2,D20N:T127P:N158A:N206D:N207K,5,1.5459307120457169,True,True
B5_CROSSFIT_ADAPTIVE_HIGHER_ORDER,3,D20N:T127P:N158A:N206D:K231R,5,1.5286315521193732,True,True
B5_CROSSFIT_ADAPTIVE_HIGHER_ORDER,4,D20N:V45A:T127P:N158A:S168G,5,1.5226843013535798,True,True
B5_CROSSFIT_ADAPTIVE_HIGHER_ORDER,5,D20N:N158A:A172C:N206D:N207K,5,1.5183386540403856,True,True
B5_CROSSFIT_ADAPTIVE_HIGHER_ORDER,6,D20N:T127P:N158A:S168G:N206D,5,1.5094892664712491,True,True
B5_CROSSFIT_ADAPTIVE_HIGHER_ORDER,7,D20N:V45A:N158A:N206D:K231R,5,1.5088991475223594,True,True
B5_CROSSFIT_ADAPTIVE_HIGHER_ORDER,8,D20N:V45A:T127P:S168G:N206D,5,1.5067499777456865,True,True
B5_CROSSFIT_ADAPTIVE_HIGHER_ORDER,9,D20N:V45A:T127P:N206D:K231R,5,1.5056362844447098,True,True
B5_CROSSFIT_ADAPTIVE_HIGHER_ORDER,10,V45A:T127P:N158A:S168G:N206D,5,1.505354398492698,True,True
B5_CROSSFIT_ADAPTIVE_HIGHER_ORDER,11,N158A:A172C:N206D:N207K:K231R,5,1.5042966692415132,False,True
B5_CROSSFIT_ADAPTIVE_HIGHER_ORDER,12,D20N:S168G:A172C:N207K:K231R,5,1.503708192152323,False,True
B5_CROSSFIT_ADAPTIVE_HIGHER_ORDER,13,T127P:N158A:S168G:A172C:N207K,5,1.503300291387034,False,True
B5_CROSSFIT_ADAPTIVE_HIGHER_ORDER,14,V45A:N158A:N206D:N207K:K231R,5,1.5025441547735592,False,True
B5_CROSSFIT_ADAPTIVE_HIGHER_ORDER,15,D20N:V45A:T127P:S168G:K231R,5,1.5024861943698746,False,True
B5_CROSSFIT_ADAPTIVE_HIGHER_ORDER,16,D20N:T127P:N158A:S168G:A172C,5,1.5001024248447468,False,True
B5_CROSSFIT_ADAPTIVE_HIGHER_ORDER,17,V45A:T127P:N158A:N206D:K231R,5,1.4990661659286624,False,True
B5_CROSSFIT_ADAPTIVE_HIGHER_ORDER,18,V45A:N158A:S168G:N206D:N207K,5,1.4950684688615408,False,True
B5_CROSSFIT_ADAPTIVE_HIGHER_ORDER,19,V45A:T127P:S168G:A172C:K231R,5,1.4827805904826217,False,True
B5_CROSSFIT_ADAPTIVE_HIGHER_ORDER,20,D20N:V45A:T127P:A172C:K231R,5,1.4788142019018191,False,True
B5_CROSSFIT_ADAPTIVE_HIGHER_ORDER,21,V45A:T127P:S168G:N206D:N207K,5,1.4742221338835024,False,True
B5_CROSSFIT_ADAPTIVE_HIGHER_ORDER,22,D20N:V45A:N158A:S168G:N206D,5,1.4737725463338296,False,True
B5_CROSSFIT_ADAPTIVE_HIGHER_ORDER,23,V45A:N158A:S168G:A172C:N207K,5,1.4699991109640984,False,True
B5_CROSSFIT_ADAPTIVE_HIGHER_ORDER,24,D20N:V45A:N158A:S168G:A172C,5,1.4620773802733824,False,True
B5_CROSSFIT_ADAPTIVE_HIGHER_ORDER,25,D20N:N158A:A172C:N207K:K231R,5,1.4599236066261172,False,True
B5_CROSSFIT_ADAPTIVE_HIGHER_ORDER,26,D20N:V45A:N158A:N207K:K231R,5,1.453880132595326,False,True
B5_CROSSFIT_ADAPTIVE_HIGHER_ORDER,27,D20N:V45A:T127P:S168G:N207K,5,1.4416936333584722,False,True
B5_CROSSFIT_ADAPTIVE_HIGHER_ORDER,28,D20N:V45A:T127P:A172C:N206D,5,1.4374289759384626,False,True
B5_CROSSFIT_ADAPTIVE_HIGHER_ORDER,29,D20N:T127P:A174L:N206D:K231R,5,1.436277895194693,False,True
B5_CROSSFIT_ADAPTIVE_HIGHER_ORDER,30,V45A:N158A:A172C:N206D:K231R,5,1.4345578197858857,False,True
B5_CROSSFIT_ADAPTIVE_HIGHER_ORDER,31,D20N:T127P:S168G:A174L:N206D,5,1.4336837158022118,False,True
B5_CROSSFIT_ADAPTIVE_HIGHER_ORDER,32,D20N:T127P:S168G:A174L:K231R,5,1.4275171934014939,False,True
B5_CROSSFIT_ADAPTIVE_HIGHER_ORDER,33,D20N:V45A:N158A:S168G:N207K,5,1.4247995260945254,False,True
B5_CROSSFIT_ADAPTIVE_HIGHER_ORDER,34,V45A:T127P:N158A:A172C:K231R,5,1.4206329045969257,False,True
B5_CROSSFIT_ADAPTIVE_HIGHER_ORDER,35,D20N:V45A:N158A:A172C:N207K,5,1.4204103511243302,False,True
B5_CROSSFIT_ADAPTIVE_HIGHER_ORDER,36,V45A:T127P:A172C:N206D:N207K,5,1.4192218673537327,False,True
B5_CROSSFIT_ADAPTIVE_HIGHER_ORDER,37,D20N:V45A:T127P:N206D:N207K,5,1.4158674170508907,False,True
B5_CROSSFIT_ADAPTIVE_HIGHER_ORDER,38,D20N:T127P:A172C:A174L:N206D,5,1.4097571184543722,False,True
B5_CROSSFIT_ADAPTIVE_HIGHER_ORDER,39,T127P:S168G:A172C:A174L:K231R,5,1.4037755293362324,False,True
B5_CROSSFIT_ADAPTIVE_HIGHER_ORDER,40,D20N:V45A:S168G:A172C:N206D,5,1.4011645775428196,False,True
B5_CROSSFIT_ADAPTIVE_HIGHER_ORDER,41,N158A:S168G:A174L:N206D:K231R,5,1.3993704520187826,False,True
B5_CROSSFIT_ADAPTIVE_HIGHER_ORDER,42,T127P:S168G:A174L:N206D:N207K,5,1.3879657638919933,False,True
B5_CROSSFIT_ADAPTIVE_HIGHER_ORDER,43,V45A:S168G:A172C:N207K:K231R,5,1.383499273537915,False,True
B5_CROSSFIT_ADAPTIVE_HIGHER_ORDER,44,D20N:V45A:S168G:N207K:K231R,5,1.3757278356542133,False,True
B5_CROSSFIT_ADAPTIVE_HIGHER_ORDER,45,T127P:A172C:A174L:N206D:K231R,5,1.3754689196327294,False,True
B5_CROSSFIT_ADAPTIVE_HIGHER_ORDER,46,N158A:A172C:A174L:N206D:N207K,5,1.373693624449209,False,True
B5_CROSSFIT_ADAPTIVE_HIGHER_ORDER,47,T127P:N158A:A172C:A174L:N206D,5,1.3727506784031667,False,True
B5_CROSSFIT_ADAPTIVE_HIGHER_ORDER,48,D20N:A172C:A174L:N206D:K231R,5,1.3665047170880393,False,True
B5_CROSSFIT_ADAPTIVE_HIGHER_ORDER,49,T127P:N158A:S168G:A174L:N207K,5,1.3660761014211775,False,True
B5_CROSSFIT_ADAPTIVE_HIGHER_ORDER,50,N158A:S168G:A172C:A174L:K231R,5,1.3368632120854524,False,True
V8_3_ADAPTIVE_ROUTER,1,T127P:N158A:N206D:N207K:K231R,5,1.5491061436428473,True,True
V8_3_ADAPTIVE_ROUTER,2,D20N:T127P:N158A:N206D:N207K,5,1.5459307120457169,True,True
V8_3_ADAPTIVE_ROUTER,3,D20N:T127P:N158A:N206D:K231R,5,1.5286315521193732,True,True
V8_3_ADAPTIVE_ROUTER,4,D20N:V45A:T127P:N158A:S168G,5,1.5226843013535798,True,True
V8_3_ADAPTIVE_ROUTER,5,D20N:N158A:A172C:N206D:N207K,5,1.5183386540403856,True,True
V8_3_ADAPTIVE_ROUTER,6,D20N:T127P:N158A:S168G:N206D,5,1.5094892664712491,True,True
V8_3_ADAPTIVE_ROUTER,7,D20N:V45A:N158A:N206D:K231R,5,1.5088991475223594,True,True
V8_3_ADAPTIVE_ROUTER,8,D20N:V45A:T127P:S168G:N206D,5,1.5067499777456865,True,True
V8_3_ADAPTIVE_ROUTER,9,D20N:V45A:T127P:N206D:K231R,5,1.5056362844447098,True,True
V8_3_ADAPTIVE_ROUTER,10,V45A:T127P:N158A:S168G:N206D,5,1.505354398492698,True,True
V8_3_ADAPTIVE_ROUTER,11,N158A:A172C:N206D:N207K:K231R,5,1.5042966692415132,False,True
V8_3_ADAPTIVE_ROUTER,12,D20N:S168G:A172C:N207K:K231R,5,1.503708192152323,False,True
V8_3_ADAPTIVE_ROUTER,13,T127P:N158A:S168G:A172C:N207K,5,1.503300291387034,False,True
V8_3_ADAPTIVE_ROUTER,14,V45A:N158A:N206D:N207K:K231R,5,1.5025441547735592,False,True
V8_3_ADAPTIVE_ROUTER,15,D20N:V45A:T127P:S168G:K231R,5,1.5024861943698746,False,True
V8_3_ADAPTIVE_ROUTER,16,D20N:T127P:N158A:S168G:A172C,5,1.5001024248447468,False,True
V8_3_ADAPTIVE_ROUTER,17,V45A:T127P:N158A:N206D:K231R,5,1.4990661659286624,False,True
V8_3_ADAPTIVE_ROUTER,18,V45A:N158A:S168G:N206D:N207K,5,1.4950684688615408,False,True
V8_3_ADAPTIVE_ROUTER,19,V45A:T127P:S168G:A172C:K231R,5,1.4827805904826217,False,True
V8_3_ADAPTIVE_ROUTER,20,D20N:V45A:T127P:A172C:K231R,5,1.4788142019018191,False,True
V8_3_ADAPTIVE_ROUTER,21,V45A:T127P:S168G:N206D:N207K,5,1.4742221338835024,False,True
V8_3_ADAPTIVE_ROUTER,22,D20N:V45A:N158A:S168G:N206D,5,1.4737725463338296,False,True
V8_3_ADAPTIVE_ROUTER,23,V45A:N158A:S168G:A172C:N207K,5,1.4699991109640984,False,True
V8_3_ADAPTIVE_ROUTER,24,D20N:V45A:N158A:S168G:A172C,5,1.4620773802733824,False,True
V8_3_ADAPTIVE_ROUTER,25,D20N:N158A:A172C:N207K:K231R,5,1.4599236066261172,False,True
V8_3_ADAPTIVE_ROUTER,26,D20N:V45A:N158A:N207K:K231R,5,1.453880132595326,False,True
V8_3_ADAPTIVE_ROUTER,27,D20N:V45A:T127P:S168G:N207K,5,1.4416936333584722,False,True
V8_3_ADAPTIVE_ROUTER,28,D20N:V45A:T127P:A172C:N206D,5,1.4374289759384626,False,True
V8_3_ADAPTIVE_ROUTER,29,D20N:T127P:A174L:N206D:K231R,5,1.436277895194693,False,True
V8_3_ADAPTIVE_ROUTER,30,V45A:N158A:A172C:N206D:K231R,5,1.4345578197858857,False,True
V8_3_ADAPTIVE_ROUTER,31,D20N:T127P:S168G:A174L:N206D,5,1.4336837158022118,False,True
V8_3_ADAPTIVE_ROUTER,32,D20N:T127P:S168G:A174L:K231R,5,1.4275171934014939,False,True
V8_3_ADAPTIVE_ROUTER,33,D20N:V45A:N158A:S168G:N207K,5,1.4247995260945254,False,True
V8_3_ADAPTIVE_ROUTER,34,V45A:T127P:N158A:A172C:K231R,5,1.4206329045969257,False,True
V8_3_ADAPTIVE_ROUTER,35,D20N:V45A:N158A:A172C:N207K,5,1.4204103511243302,False,True
V8_3_ADAPTIVE_ROUTER,36,V45A:T127P:A172C:N206D:N207K,5,1.4192218673537327,False,True
V8_3_ADAPTIVE_ROUTER,37,D20N:V45A:T127P:N206D:N207K,5,1.4158674170508907,False,True
V8_3_ADAPTIVE_ROUTER,38,D20N:T127P:A172C:A174L:N206D,5,1.4097571184543722,False,True
V8_3_ADAPTIVE_ROUTER,39,T127P:S168G:A172C:A174L:K231R,5,1.4037755293362324,False,True
V8_3_ADAPTIVE_ROUTER,40,D20N:V45A:S168G:A172C:N206D,5,1.4011645775428196,False,True
V8_3_ADAPTIVE_ROUTER,41,N158A:S168G:A174L:N206D:K231R,5,1.3993704520187826,False,True
V8_3_ADAPTIVE_ROUTER,42,T127P:S168G:A174L:N206D:N207K,5,1.3879657638919933,False,True
V8_3_ADAPTIVE_ROUTER,43,V45A:S168G:A172C:N207K:K231R,5,1.383499273537915,False,True
V8_3_ADAPTIVE_ROUTER,44,D20N:V45A:S168G:N207K:K231R,5,1.3757278356542133,False,True
V8_3_ADAPTIVE_ROUTER,45,T127P:A172C:A174L:N206D:K231R,5,1.3754689196327294,False,True
V8_3_ADAPTIVE_ROUTER,46,N158A:A172C:A174L:N206D:N207K,5,1.373693624449209,False,True
V8_3_ADAPTIVE_ROUTER,47,T127P:N158A:A172C:A174L:N206D,5,1.3727506784031667,False,True
V8_3_ADAPTIVE_ROUTER,48,D20N:A172C:A174L:N206D:K231R,5,1.3665047170880393,False,True
V8_3_ADAPTIVE_ROUTER,49,T127P:N158A:S168G:A174L:N207K,5,1.3660761014211775,False,True
V8_3_ADAPTIVE_ROUTER,50,N158A:S168G:A172C:A174L:K231R,5,1.3368632120854524,False,True
SHUFFLED_LABEL_V8_3_CONTROL,1,V45A:F143S:Y197R:K231R,4,1.0989540240125149,True,True
SHUFFLED_LABEL_V8_3_CONTROL,2,D20N:T127P:A174L:N206D,4,1.051154658740039,True,True
SHUFFLED_LABEL_V8_3_CONTROL,3,D20N:T127P:N158A:Y197R,4,1.0457287310078132,True,True
SHUFFLED_LABEL_V8_3_CONTROL,4,D20N:T127P:A174L:N206D:K231R,5,1.0284752909541814,True,True
SHUFFLED_LABEL_V8_3_CONTROL,5,V45A:T127P:N158A:K231R,4,0.9776096501619533,True,True
SHUFFLED_LABEL_V8_3_CONTROL,6,T127P:N158A:S168G:K231R,4,0.969191635033833,True,True
SHUFFLED_LABEL_V8_3_CONTROL,7,D20N:V45A:L63M:A174L,4,0.9566236596437387,True,True
SHUFFLED_LABEL_V8_3_CONTROL,8,D20N:V45A:T127P:Y197R,4,0.9515644008794918,True,True
SHUFFLED_LABEL_V8_3_CONTROL,9,V45A:T127P:A174L:N206D,4,0.9446205934791974,True,True
SHUFFLED_LABEL_V8_3_CONTROL,10,T127P:A174L:N207K:K231R,4,0.9222749818213646,True,True
SHUFFLED_LABEL_V8_3_CONTROL,11,D20N:L63M:A174L:N207K,4,0.902103552959217,False,True
SHUFFLED_LABEL_V8_3_CONTROL,12,D20N:A172C:A174L:N206D:K231R,5,0.9014326176673082,False,True
SHUFFLED_LABEL_V8_3_CONTROL,13,V45A:F143S:N206D:K231R,4,0.9009522142993902,False,True
SHUFFLED_LABEL_V8_3_CONTROL,14,V45A:N158A:A172C:K231R,4,0.8989738293663887,False,True
SHUFFLED_LABEL_V8_3_CONTROL,15,D20N:A172C:Y197R:K231R,4,0.8883340115913732,False,True
SHUFFLED_LABEL_V8_3_CONTROL,16,V45A:L63M:A172C:A174L,4,0.8872455642855318,False,True
SHUFFLED_LABEL_V8_3_CONTROL,17,N158A:S168G:A174L:K231R,4,0.8807550151106671,False,True
SHUFFLED_LABEL_V8_3_CONTROL,18,D20N:F143S:A172C:A174L:Y197R,5,0.8797785269730992,False,True
SHUFFLED_LABEL_V8_3_CONTROL,19,D20N:V45A:T127P:N206D:K231R,5,0.8786701370013558,False,True
SHUFFLED_LABEL_V8_3_CONTROL,20,V45A:L63M:T127P:N158A:K231R,5,0.8727406744667445,False,True
SHUFFLED_LABEL_V8_3_CONTROL,21,T127P:F143S:N206D:N207K,4,0.8704085216587396,False,True
SHUFFLED_LABEL_V8_3_CONTROL,22,V45A:T127P:N158A:N206D:K231R,5,0.8623088059230658,False,True
SHUFFLED_LABEL_V8_3_CONTROL,23,N158A:A172C:N207K:K231R,4,0.8592413509727468,False,True
SHUFFLED_LABEL_V8_3_CONTROL,24,V45A:A174L:N206D:N207K:K231R,5,0.8575813912942243,False,True
SHUFFLED_LABEL_V8_3_CONTROL,25,V45A:T127P:N158A:A174L:K231R,5,0.8546256403335182,False,True
SHUFFLED_LABEL_V8_3_CONTROL,26,F143S:A172C:Y197R:K231R,4,0.853842890021712,False,True
SHUFFLED_LABEL_V8_3_CONTROL,27,T127P:A174L:Y197R:N206D:N207K,5,0.8531642057897867,False,True
SHUFFLED_LABEL_V8_3_CONTROL,28,D20N:V45A:T127P:N206D,4,0.8508659764306359,False,True
SHUFFLED_LABEL_V8_3_CONTROL,29,D20N:V45A:A172C:Y197R,4,0.8497976890847223,False,True
SHUFFLED_LABEL_V8_3_CONTROL,30,D20N:F143S:N158A:A172C:Y197R,5,0.8487353338353016,False,True
SHUFFLED_LABEL_V8_3_CONTROL,31,V45A:N158A:Y197R:N207K:K231R,5,0.8425901742933413,False,True
SHUFFLED_LABEL_V8_3_CONTROL,32,D20N:T127P:Y197R:K231R,4,0.8404451689693891,False,True
SHUFFLED_LABEL_V8_3_CONTROL,33,D20N:T127P:A174L:Y197R:N206D,5,0.8394579014390048,False,True
SHUFFLED_LABEL_V8_3_CONTROL,34,D20N:A172C:Y197R:N206D,4,0.8383108908498,False,True
SHUFFLED_LABEL_V8_3_CONTROL,35,V45A:F143S:A174L:N206D:K231R,5,0.8345510442137803,False,True
SHUFFLED_LABEL_V8_3_CONTROL,36,V45A:A172C:A174L:N207K:K231R,5,0.8339496457390156,False,True
SHUFFLED_LABEL_V8_3_CONTROL,37,T127P:F143S:Y197R:N206D:K231R,5,0.8336984645590905,False,True
SHUFFLED_LABEL_V8_3_CONTROL,38,D20N:V45A:T127P:A172C:K231R,5,0.832574222620371,False,True
SHUFFLED_LABEL_V8_3_CONTROL,39,N158A:A172C:N206D:K231R,4,0.8280234323579295,False,True
SHUFFLED_LABEL_V8_3_CONTROL,40,V45A:T127P:S168G:A174L,4,0.8268770349728379,False,True
SHUFFLED_LABEL_V8_3_CONTROL,41,D20N:T127P:F143S:A172C:Y197R,5,0.8259297427318967,False,True
SHUFFLED_LABEL_V8_3_CONTROL,42,T127P:N158A:N207K:K231R,4,0.8256382548557814,False,True
SHUFFLED_LABEL_V8_3_CONTROL,43,V45A:F143S:S168G:Y197R,4,0.8249592246883319,False,True
SHUFFLED_LABEL_V8_3_CONTROL,44,T127P:A172C:A174L:N206D:K231R,5,0.8246760489896677,False,True
SHUFFLED_LABEL_V8_3_CONTROL,45,V45A:L63M:F143S:A172C:A174L,5,0.8237195468864126,False,True
SHUFFLED_LABEL_V8_3_CONTROL,46,D20N:L63M:T127P:Y197R:N206D,5,0.8213033538505642,False,True
SHUFFLED_LABEL_V8_3_CONTROL,47,T127P:Y197R:N206D:N207K,4,0.8180994200839233,False,True
SHUFFLED_LABEL_V8_3_CONTROL,48,T127P:N158A:N206D:N207K:K231R,5,0.817314833214607,False,True
SHUFFLED_LABEL_V8_3_CONTROL,49,V45A:T127P:A174L:N206D:N207K,5,0.8151656456204109,False,True
SHUFFLED_LABEL_V8_3_CONTROL,50,V45A:T127P:F143S:Y197R:K231R,5,0.8149693495989033,False,True
