candidate_id,mutant,mutation_count
F29S:T57S:K74I:S75F:Y95F,F29S:T57S:K74I:S75F:Y95F,5
S30N:T57S:K74I:S75F:R87T,S30N:T57S:K74I:S75F:R87T,5
F29S:K74I:S75F:S84N:Y95F,F29S:K74I:S75F:S84N:Y95F,5
T57S:A58T:T71S:K74I:S75F,T57S:A58T:T71S:K74I:S75F,5
S30N:K74I:S75F:R87T:Y95F,S30N:K74I:S75F:R87T:Y95F,5
F29S:T57S:K74I:S75F:S84N,F29S:T57S:K74I:S75F:S84N,5
T57S:K74I:S75F:R87T:Y95F,T57S:K74I:S75F:R87T:Y95F,5
K74I:S75F:S77N:S84N:R87T,K74I:S75F:S77N:S84N:R87T,5
F29S:T57S:T71S:K74I:S75F,F29S:T57S:T71S:K74I:S75F,5
T57S:K74I:S75F:R87T,T57S:K74I:S75F:R87T,4
I52S:T57S:A58T:S75F:Y95F,I52S:T57S:A58T:S75F:Y95F,5
S30N:T57S:K74I:S75F:S84N,S30N:T57S:K74I:S75F:S84N,5
T57S:S75F:S84N:Y106S,T57S:S75F:S84N:Y106S,4
I52S:T57S:A58T:S75F:S77N,I52S:T57S:A58T:S75F:S77N,5
S30N:S31N:K74I:S75F:R87T,S30N:S31N:K74I:S75F:R87T,5
S30N:A58T:T71S:K74I:S75F,S30N:A58T:T71S:K74I:S75F,5
S30N:N59A:K74I:S75F:Y106S,S30N:N59A:K74I:S75F:Y106S,5
T57S:N59A:K74I:S75F:S77N,T57S:N59A:K74I:S75F:S77N,5
T57S:K74I:S75F:T76S:Y95F,T57S:K74I:S75F:T76S:Y95F,5
N59A:T71S:K74I:S75F:Y95F,N59A:T71S:K74I:S75F:Y95F,5
A58T:K74I:S75F:T76S:S84N,A58T:K74I:S75F:T76S:S84N,5
I52S:A58T:T71S:S75F:S84N,I52S:A58T:T71S:S75F:S84N,5
T57S:T71S:S75F:Y95F,T57S:T71S:S75F:Y95F,4
I52S:A58T:T71S:K74I:S75F,I52S:A58T:T71S:K74I:S75F,5
F29S:I52S:S75F:S77N:S84N,F29S:I52S:S75F:S77N:S84N,5
A58T:N59A:K74I:S75F:S84N,A58T:N59A:K74I:S75F:S84N,5
S31N:K74I:S75F:Y106S,S31N:K74I:S75F:Y106S,4
F29S:T57S:K74I:S75F,F29S:T57S:K74I:S75F,4
A58T:K74I:S75F:T76S:Y95F,A58T:K74I:S75F:T76S:Y95F,5
I52S:A58T:S75F:S84N:Y95F,I52S:A58T:S75F:S84N:Y95F,5
F29S:N59A:K74I:S75F:T76S,F29S:N59A:K74I:S75F:T76S,5
F29S:I52S:N59A:S75F:S77N,F29S:I52S:N59A:S75F:S77N,5
F29S:S30N:T57S:K74I:S75F,F29S:S30N:T57S:K74I:S75F,5
T57S:N59A:K74I:S75F:S84N,T57S:N59A:K74I:S75F:S84N,5
S30N:T71S:K74I:S75F:Y106S,S30N:T71S:K74I:S75F:Y106S,5
N59A:K74I:S75F:S77N:S84N,N59A:K74I:S75F:S77N:S84N,5
S30N:I52S:A58T:S75F:Y95F,S30N:I52S:A58T:S75F:Y95F,5
S30N:K74I:S75F:S77N:Y95F,S30N:K74I:S75F:S77N:Y95F,5
S30N:S31N:T71S:S75F,S30N:S31N:T71S:S75F,4
S30N:T57S:K74I:S75F:T76S,S30N:T57S:K74I:S75F:T76S,5
N59A:K74I:S75F:S77N:Y95F,N59A:K74I:S75F:S77N:Y95F,5
F29S:S30N:I52S:T71S:S75F,F29S:S30N:I52S:T71S:S75F,5
N59A:T71S:K74I:S75F,N59A:T71S:K74I:S75F,4
A58T:K74I:S75F:R87T:Y95F,A58T:K74I:S75F:R87T:Y95F,5
N59A:K74I:S75F:S84N:R87T,N59A:K74I:S75F:S84N:R87T,5
K74I:S75F:S77N:S84N:Y106S,K74I:S75F:S77N:S84N:Y106S,5
S30N:A58T:K74I:S75F:S84N,S30N:A58T:K74I:S75F:S84N,5
F29S:S30N:N59A:K74I:S75F,F29S:S30N:N59A:K74I:S75F,5
S75F:S77N:Y95F:Y106S,S75F:S77N:Y95F:Y106S,4
F29S:T57S:N59A:K74I:S75F,F29S:T57S:N59A:K74I:S75F,5
S30N:N59A:T71S:K74I:S75F,S30N:N59A:T71S:K74I:S75F,5
F29S:N59A:K74I:S75F:S84N,F29S:N59A:K74I:S75F:S84N,5
S31N:K74I:S75F:R87T,S31N:K74I:S75F:R87T,4
S30N:S31N:S75F:Y95F,S30N:S31N:S75F:Y95F,4
I52S:A58T:S75F:S77N:S84N,I52S:A58T:S75F:S77N:S84N,5
T57S:A58T:K74I:S75F:Y106S,T57S:A58T:K74I:S75F:Y106S,5
T57S:T71S:K74I:S75F:S77N,T57S:T71S:K74I:S75F:S77N,5
I52S:A58T:K74I:S75F:R87T,I52S:A58T:K74I:S75F:R87T,5
F29S:I52S:T57S:S75F:S77N,F29S:I52S:T57S:S75F:S77N,5
F29S:N59A:K74I:S75F:Y95F,F29S:N59A:K74I:S75F:Y95F,5
S30N:A58T:K74I:S75F:T76S,S30N:A58T:K74I:S75F:T76S,5
T57S:T71S:S75F:S77N:R87T,T57S:T71S:S75F:S77N:R87T,5
S30N:T71S:S75F:S77N:Y95F,S30N:T71S:S75F:S77N:Y95F,5
A58T:T71S:K74I:S75F:S77N,A58T:T71S:K74I:S75F:S77N,5
S30N:T57S:K74I:S75F:S77N,S30N:T57S:K74I:S75F:S77N,5
A58T:K74I:S75F:S77N:Y95F,A58T:K74I:S75F:S77N:Y95F,5
S30N:I52S:N59A:K74I:Y106S,S30N:I52S:N59A:K74I:Y106S,5
S30N:T57S:S75F:S77N:Y106S,S30N:T57S:S75F:S77N:Y106S,5
S31N:T57S:T71S:S75F:S84N,S31N:T57S:T71S:S75F:S84N,5
A58T:K74I:S75F:S84N:Y106S,A58T:K74I:S75F:S84N:Y106S,5
N59A:K74I:S75F:T76S:R87T,N59A:K74I:S75F:T76S:R87T,5
I52S:A58T:N59A:S75F:S84N,I52S:A58T:N59A:S75F:S84N,5
T57S:S75F:S84N:R87T,T57S:S75F:S84N:R87T,4
F29S:S31N:I52S:S75F:S84N,F29S:S31N:I52S:S75F:S84N,5
T71S:K74I:S75F:S84N:Y95F,T71S:K74I:S75F:S84N:Y95F,5
F29S:I52S:K74I:S75F:R87T,F29S:I52S:K74I:S75F:R87T,5
S30N:T57S:N59A:S75F:Y95F,S30N:T57S:N59A:S75F:Y95F,5
F29S:S30N:I52S:A58T:S75F,F29S:S30N:I52S:A58T:S75F,5
F29S:I52S:T71S:S75F:S77N,F29S:I52S:T71S:S75F:S77N,5
S30N:I52S:A58T:S75F,S30N:I52S:A58T:S75F,4
S30N:S75F:T76S:R87T,S30N:S75F:T76S:R87T,4
K74I:S75F:S84N:Y95F,K74I:S75F:S84N:Y95F,4
S30N:I52S:T57S:S75F:S77N,S30N:I52S:T57S:S75F:S77N,5
F29S:K74I:S75F:S77N:Y95F,F29S:K74I:S75F:S77N:Y95F,5
F29S:I52S:S75F:T76S,F29S:I52S:S75F:T76S,4
S30N:T71S:S75F:T76S:S84N,S30N:T71S:S75F:T76S:S84N,5
T57S:N59A:K74I:S75F:R87T,T57S:N59A:K74I:S75F:R87T,5
T57S:T71S:K74I:S75F,T57S:T71S:K74I:S75F,4
F29S:I52S:T57S:S75F:S84N,F29S:I52S:T57S:S75F:S84N,5
S30N:S31N:N59A:K74I:S75F,S30N:S31N:N59A:K74I:S75F,5
F29S:A58T:K74I:S75F:Y95F,F29S:A58T:K74I:S75F:Y95F,5
A58T:N59A:K74I:S75F:R87T,A58T:N59A:K74I:S75F:R87T,5
T57S:K74I:S75F:R87T:Y106S,T57S:K74I:S75F:R87T:Y106S,5
I52S:T57S:A58T:K74I:S75F,I52S:T57S:A58T:K74I:S75F,5
S30N:K74I:S75F:Y95F,S30N:K74I:S75F:Y95F,4
A58T:K74I:S75F:R87T:Y106S,A58T:K74I:S75F:R87T:Y106S,5
T57S:N59A:S75F:Y95F,T57S:N59A:S75F:Y95F,4
S31N:T71S:K74I:S75F:T76S,S31N:T71S:K74I:S75F:T76S,5
A58T:K74I:S75F:S84N:R87T,A58T:K74I:S75F:S84N:R87T,5
T57S:N59A:T71S:S75F:Y95F,T57S:N59A:T71S:S75F:Y95F,5
I52S:A58T:N59A:S75F:S77N,I52S:A58T:N59A:S75F:S77N,5
S30N:K74I:S75F:S77N:R87T,S30N:K74I:S75F:S77N:R87T,5
F29S:S31N:I52S:T57S:S75F,F29S:S31N:I52S:T57S:S75F,5
F29S:S31N:K74I:S75F:Y95F,F29S:S31N:K74I:S75F:Y95F,5
F29S:S30N:A58T:K74I:S75F,F29S:S30N:A58T:K74I:S75F,5
F29S:I52S:S75F:S84N,F29S:I52S:S75F:S84N,4
T57S:A58T:S75F:S84N:R87T,T57S:A58T:S75F:S84N:R87T,5
F29S:A58T:K74I:S75F,F29S:A58T:K74I:S75F,4
S31N:T71S:S75F:S77N:R87T,S31N:T71S:S75F:S77N:R87T,5
S31N:I52S:T57S:A58T:S75F,S31N:I52S:T57S:A58T:S75F,5
S30N:T57S:S75F:S84N:Y95F,S30N:T57S:S75F:S84N:Y95F,5
I52S:A58T:K74I:S75F:Y95F,I52S:A58T:K74I:S75F:Y95F,5
T57S:T71S:S75F:T76S:Y95F,T57S:T71S:S75F:T76S:Y95F,5
I52S:A58T:T71S:S75F:Y95F,I52S:A58T:T71S:S75F:Y95F,5
F29S:K74I:S75F:S77N:R87T,F29S:K74I:S75F:S77N:R87T,5
I52S:A58T:S75F:S77N:Y95F,I52S:A58T:S75F:S77N:Y95F,5
S30N:I52S:A58T:K74I:S75F,S30N:I52S:A58T:K74I:S75F,5
I52S:A58T:S75F:T76S:R87T,I52S:A58T:S75F:T76S:R87T,5
S31N:N59A:K74I:S75F:Y95F,S31N:N59A:K74I:S75F:Y95F,5
F29S:I52S:S75F:S77N,F29S:I52S:S75F:S77N,4
S31N:T57S:A58T:S75F:T76S,S31N:T57S:A58T:S75F:T76S,5
I52S:A58T:N59A:T71S:S75F,I52S:A58T:N59A:T71S:S75F,5
S30N:T57S:N59A:K74I:S75F,S30N:T57S:N59A:K74I:S75F,5
F29S:S30N:I52S:S75F:S84N,F29S:S30N:I52S:S75F:S84N,5
S30N:S75F:T76S:R87T:Y95F,S30N:S75F:T76S:R87T:Y95F,5
N59A:T71S:K74I:S75F:T76S,N59A:T71S:K74I:S75F:T76S,5
I52S:A58T:K74I:S75F:S77N,I52S:A58T:K74I:S75F:S77N,5
S31N:A58T:K74I:S75F:Y95F,S31N:A58T:K74I:S75F:Y95F,5
F29S:I52S:N59A:S75F:S84N,F29S:I52S:N59A:S75F:S84N,5
A58T:K74I:S75F:T76S,A58T:K74I:S75F:T76S,4
F29S:S30N:S75F:T76S:Y95F,F29S:S30N:S75F:T76S:Y95F,5
I52S:N59A:K74I:S75F:T76S,I52S:N59A:K74I:S75F:T76S,5
S30N:S75F:S77N:S84N:R87T,S30N:S75F:S77N:S84N:R87T,5
N59A:K74I:S75F:T76S:S84N,N59A:K74I:S75F:T76S:S84N,5
S31N:T57S:T71S:S75F:S77N,S31N:T57S:T71S:S75F:S77N,5
S30N:S31N:S75F:Y106S,S30N:S31N:S75F:Y106S,4
S31N:A58T:K74I:S75F,S31N:A58T:K74I:S75F,4
F29S:S30N:S75F:S77N:S84N,F29S:S30N:S75F:S77N:S84N,5
S30N:A58T:S75F:Y95F,S30N:A58T:S75F:Y95F,4
A58T:T71S:S75F:R87T:Y95F,A58T:T71S:S75F:R87T:Y95F,5
F29S:K74I:S75F:Y95F,F29S:K74I:S75F:Y95F,4
S31N:S75F:S84N:R87T:Y95F,S31N:S75F:S84N:R87T:Y95F,5
T71S:K74I:S75F:T76S:S84N,T71S:K74I:S75F:T76S:S84N,5
K74I:S75F:S77N:R87T:Y95F,K74I:S75F:S77N:R87T:Y95F,5
I52S:S75F:T76S:S77N,I52S:S75F:T76S:S77N,4
K74I:S75F:T76S:R87T,K74I:S75F:T76S:R87T,4
I52S:T57S:K74I:S75F:R87T,I52S:T57S:K74I:S75F:R87T,5
S31N:N59A:T71S:S75F:T76S,S31N:N59A:T71S:S75F:T76S,5
I52S:S75F:S77N:Y95F,I52S:S75F:S77N:Y95F,4
K74I:S75F:S84N:Y106S,K74I:S75F:S84N:Y106S,4
T57S:T71S:S75F:R87T:Y106S,T57S:T71S:S75F:R87T:Y106S,5
I52S:A58T:N59A:K74I:S75F,I52S:A58T:N59A:K74I:S75F,5
F29S:I52S:A58T:S75F:T76S,F29S:I52S:A58T:S75F:T76S,5
I52S:A58T:S75F:S84N:R87T,I52S:A58T:S75F:S84N:R87T,5
F29S:T71S:K74I:S75F:S84N,F29S:T71S:K74I:S75F:S84N,5
S30N:S75F:T76S:S84N:Y106S,S30N:S75F:T76S:S84N:Y106S,5
F29S:I52S:S75F:S77N:Y95F,F29S:I52S:S75F:S77N:Y95F,5
T57S:A58T:S75F:S77N:S84N,T57S:A58T:S75F:S77N:S84N,5
I52S:A58T:T71S:S75F,I52S:A58T:T71S:S75F,4
F29S:I52S:N59A:S75F:T76S,F29S:I52S:N59A:S75F:T76S,5
N59A:K74I:S75F:S77N,N59A:K74I:S75F:S77N,4
T57S:T71S:S75F:T76S:S84N,T57S:T71S:S75F:T76S:S84N,5
T57S:S75F:T76S:R87T,T57S:S75F:T76S:R87T,4
S30N:N59A:S75F:T76S,S30N:N59A:S75F:T76S,4
S31N:T57S:K74I:S75F:T76S,S31N:T57S:K74I:S75F:T76S,5
F29S:S31N:I52S:S75F,F29S:S31N:I52S:S75F,4
S30N:K74I:S75F:T76S:Y95F,S30N:K74I:S75F:T76S:Y95F,5
I52S:T71S:K74I:S75F:T76S,I52S:T71S:K74I:S75F:T76S,5
I52S:T71S:S75F:S84N:Y95F,I52S:T71S:S75F:S84N:Y95F,5
S30N:S31N:I52S:S75F:S77N,S30N:S31N:I52S:S75F:S77N,5
S30N:T71S:S75F:S77N:Y106S,S30N:T71S:S75F:S77N:Y106S,5
A58T:S75F:S84N:Y95F:Y106S,A58T:S75F:S84N:Y95F:Y106S,5
S30N:S31N:K74I:S75F:Y106S,S30N:S31N:K74I:S75F:Y106S,5
T57S:S75F:Y95F:Y106S,T57S:S75F:Y95F:Y106S,4
S31N:S75F:S84N:Y95F,S31N:S75F:S84N:Y95F,4
I52S:S75F:T76S:R87T,I52S:S75F:T76S:R87T,4
I52S:N59A:T71S:S75F:T76S,I52S:N59A:T71S:S75F:T76S,5
S30N:A58T:T71S:S75F:T76S,S30N:A58T:T71S:S75F:T76S,5
N59A:T71S:S75F:S77N:R87T,N59A:T71S:S75F:S77N:R87T,5
I52S:T57S:A58T:S77N:R87T,I52S:T57S:A58T:S77N:R87T,5
S30N:T57S:S75F:R87T:Y106S,S30N:T57S:S75F:R87T:Y106S,5
F29S:S31N:K74I:S75F:S84N,F29S:S31N:K74I:S75F:S84N,5
S30N:I52S:T71S:S75F:Y95F,S30N:I52S:T71S:S75F:Y95F,5
S31N:I52S:T57S:A58T:S84N,S31N:I52S:T57S:A58T:S84N,5
I52S:T57S:S75F:T76S:Y95F,I52S:T57S:S75F:T76S:Y95F,5
S30N:I52S:S75F:T76S:R87T,S30N:I52S:S75F:T76S:R87T,5
I52S:A58T:S75F:Y106S,I52S:A58T:S75F:Y106S,4
S30N:S31N:N59A:S75F:Y95F,S30N:S31N:N59A:S75F:Y95F,5
S30N:S31N:S75F:S77N:Y95F,S30N:S31N:S75F:S77N:Y95F,5
I52S:S75F:T76S:S84N:R87T,I52S:S75F:T76S:S84N:R87T,5
S30N:T57S:T71S:S75F:S77N,S30N:T57S:T71S:S75F:S77N,5
T57S:T71S:S75F:Y106S,T57S:T71S:S75F:Y106S,4
S31N:T71S:S75F:Y95F,S31N:T71S:S75F:Y95F,4
S75F:T76S:S84N:R87T:Y95F,S75F:T76S:S84N:R87T:Y95F,5
N59A:S75F:T76S:Y95F,N59A:S75F:T76S:Y95F,4
I52S:A58T:N59A:S75F:Y106S,I52S:A58T:N59A:S75F:Y106S,5
I52S:T71S:S75F:Y95F,I52S:T71S:S75F:Y95F,4
N59A:S75F:S84N:Y95F,N59A:S75F:S84N:Y95F,4
T71S:K74I:S75F:Y106S,T71S:K74I:S75F:Y106S,4
S30N:S31N:A58T:S75F:Y95F,S30N:S31N:A58T:S75F:Y95F,5
T57S:A58T:S75F:R87T,T57S:A58T:S75F:R87T,4
S30N:T71S:S75F:Y95F:Y106S,S30N:T71S:S75F:Y95F:Y106S,5
K74I:S75F:S77N:R87T,K74I:S75F:S77N:R87T,4
I52S:A58T:S75F:Y95F:Y106S,I52S:A58T:S75F:Y95F:Y106S,5
S31N:T57S:S75F:T76S:Y95F,S31N:T57S:S75F:T76S:Y95F,5
K74I:S75F:T76S:S77N:Y95F,K74I:S75F:T76S:S77N:Y95F,5
I52S:T57S:A58T:K74I:S84N,I52S:T57S:A58T:K74I:S84N,5
S31N:I52S:T57S:A58T:K74I,S31N:I52S:T57S:A58T:K74I,5
S75F:S77N:S84N:Y95F,S75F:S77N:S84N:Y95F,4
A58T:K74I:S75F:S77N:R87T,A58T:K74I:S75F:S77N:R87T,5
S30N:S75F:R87T:Y95F,S30N:S75F:R87T:Y95F,4
F29S:S31N:I52S:S75F:T76S,F29S:S31N:I52S:S75F:T76S,5
S31N:K74I:S75F:T76S:S77N,S31N:K74I:S75F:T76S:S77N,5
S30N:T57S:S75F:S77N:Y95F,S30N:T57S:S75F:S77N:Y95F,5
S30N:I52S:T71S:S75F,S30N:I52S:T71S:S75F,4
A58T:T71S:S75F:S77N:Y95F,A58T:T71S:S75F:S77N:Y95F,5
I52S:K74I:S75F:T76S:R87T,I52S:K74I:S75F:T76S:R87T,5
S30N:S31N:I52S:S75F:Y95F,S30N:S31N:I52S:S75F:Y95F,5
I52S:N59A:S75F:S77N:S84N,I52S:N59A:S75F:S77N:S84N,5
S30N:I52S:N59A:T71S:S75F,S30N:I52S:N59A:T71S:S75F,5
F29S:I52S:T57S:K74I:S77N,F29S:I52S:T57S:K74I:S77N,5
F29S:I52S:S75F:S84N:R87T,F29S:I52S:S75F:S84N:R87T,5
T57S:N59A:T71S:S75F:T76S,T57S:N59A:T71S:S75F:T76S,5
S31N:T57S:S75F:R87T,S31N:T57S:S75F:R87T,4
S75F:T76S:S77N:S84N:Y95F,S75F:T76S:S77N:S84N:Y95F,5
S31N:K74I:T76S:R87T:Y95F,S31N:K74I:T76S:R87T:Y95F,5
S30N:A58T:T71S:S75F,S30N:A58T:T71S:S75F,4
S30N:I52S:K74I:S75F:S84N,S30N:I52S:K74I:S75F:S84N,5
A58T:S75F:S84N:R87T:Y106S,A58T:S75F:S84N:R87T:Y106S,5
S30N:S31N:I52S:T71S:S75F,S30N:S31N:I52S:T71S:S75F,5
I52S:K74I:S75F:Y106S,I52S:K74I:S75F:Y106S,4
I52S:A58T:N59A:S75F,I52S:A58T:N59A:S75F,4
N59A:T71S:S75F:T76S:R87T,N59A:T71S:S75F:T76S:R87T,5
S31N:I52S:K74I:S75F:T76S,S31N:I52S:K74I:S75F:T76S,5
F29S:T71S:K74I:S75F:Y95F,F29S:T71S:K74I:S75F:Y95F,5
S30N:I52S:S75F:S77N:Y106S,S30N:I52S:S75F:S77N:Y106S,5
T57S:S75F:S77N:Y106S,T57S:S75F:S77N:Y106S,4
T57S:A58T:N59A:S75F:S84N,T57S:A58T:N59A:S75F:S84N,5
S31N:T71S:K74I:R87T:Y95F,S31N:T71S:K74I:R87T:Y95F,5
S31N:T57S:S75F:S84N,S31N:T57S:S75F:S84N,4
S30N:T57S:N59A:S75F:Y106S,S30N:T57S:N59A:S75F:Y106S,5
T71S:K74I:S75F:T76S:R87T,T71S:K74I:S75F:T76S:R87T,5
I52S:T57S:N59A:K74I:S75F,I52S:T57S:N59A:K74I:S75F,5
S30N:S31N:S75F:S84N,S30N:S31N:S75F:S84N,4
S30N:A58T:S75F:T76S:R87T,S30N:A58T:S75F:T76S:R87T,5
I52S:A58T:S75F:R87T:Y106S,I52S:A58T:S75F:R87T:Y106S,5
K74I:S75F:S77N:S84N,K74I:S75F:S77N:S84N,4
S31N:I52S:A58T:T71S:S75F,S31N:I52S:A58T:T71S:S75F,5
I52S:T71S:S75F:Y95F:Y106S,I52S:T71S:S75F:Y95F:Y106S,5
I52S:K74I:S75F:Y95F,I52S:K74I:S75F:Y95F,4
F29S:S30N:T71S:S75F:S77N,F29S:S30N:T71S:S75F:S77N,5
I52S:T57S:A58T:K74I:Y106S,I52S:T57S:A58T:K74I:Y106S,5
I52S:K74I:S75F:S77N,I52S:K74I:S75F:S77N,4
N59A:T71S:S75F:R87T,N59A:T71S:S75F:R87T,4
S31N:K74I:T76S:S84N:R87T,S31N:K74I:T76S:S84N:R87T,5
A58T:S75F:T76S:R87T,A58T:S75F:T76S:R87T,4
S30N:I52S:S75F:S84N:Y95F,S30N:I52S:S75F:S84N:Y95F,5
S31N:A58T:T71S:S75F:Y106S,S31N:A58T:T71S:S75F:Y106S,5
S31N:T57S:T71S:S75F:Y95F,S31N:T57S:T71S:S75F:Y95F,5
S31N:S75F:S77N:S84N:R87T,S31N:S75F:S77N:S84N:R87T,5
S31N:I52S:S75F:T76S:S77N,S31N:I52S:S75F:T76S:S77N,5
S31N:A58T:N59A:S75F:Y95F,S31N:A58T:N59A:S75F:Y95F,5
S30N:T71S:S75F:S84N:R87T,S30N:T71S:S75F:S84N:R87T,5
I52S:T71S:S75F:S84N:Y106S,I52S:T71S:S75F:S84N:Y106S,5
S30N:I52S:S75F:S77N:R87T,S30N:I52S:S75F:S77N:R87T,5
N59A:T71S:S75F:Y106S,N59A:T71S:S75F:Y106S,4
S30N:I52S:T57S:T71S:S75F,S30N:I52S:T57S:T71S:S75F,5
A58T:T71S:S75F:T76S,A58T:T71S:S75F:T76S,4
I52S:T71S:S75F:R87T:Y95F,I52S:T71S:S75F:R87T:Y95F,5
S30N:A58T:S75F:R87T,S30N:A58T:S75F:R87T,4
S31N:S75F:T76S:S84N:R87T,S31N:S75F:T76S:S84N:R87T,5
F29S:S31N:I52S:S75F:R87T,F29S:S31N:I52S:S75F:R87T,5
T57S:K74I:S75F:T76S:Y106S,T57S:K74I:S75F:T76S:Y106S,5
S31N:I52S:S75F:Y95F,S31N:I52S:S75F:Y95F,4
S30N:T57S:S75F:T76S:S77N,S30N:T57S:S75F:T76S:S77N,5
T57S:K74I:S75F:S77N:R87T,T57S:K74I:S75F:S77N:R87T,5
I52S:T57S:A58T:R87T:Y95F,I52S:T57S:A58T:R87T:Y95F,5
I52S:N59A:S75F:T76S:S77N,I52S:N59A:S75F:T76S:S77N,5
I52S:N59A:K74I:S75F:S84N,I52S:N59A:K74I:S75F:S84N,5
S30N:I52S:K74I:S75F:S77N,S30N:I52S:K74I:S75F:S77N,5
S30N:I52S:N59A:S75F:S77N,S30N:I52S:N59A:S75F:S77N,5
A58T:T71S:S75F:T76S:S77N,A58T:T71S:S75F:T76S:S77N,5
A58T:S75F:S77N:S84N:Y106S,A58T:S75F:S77N:S84N:Y106S,5
I52S:S75F:T76S:R87T:Y95F,I52S:S75F:T76S:R87T:Y95F,5
A58T:S75F:S77N:S84N:R87T,A58T:S75F:S77N:S84N:R87T,5
S31N:I52S:A58T:N59A:S75F,S31N:I52S:A58T:N59A:S75F,5
S30N:I52S:T57S:S75F:Y106S,S30N:I52S:T57S:S75F:Y106S,5
S30N:I52S:T71S:S75F:S84N,S30N:I52S:T71S:S75F:S84N,5
I52S:N59A:K74I:S75F:S77N,I52S:N59A:K74I:S75F:S77N,5
F29S:S30N:I52S:K74I:T76S,F29S:S30N:I52S:K74I:T76S,5
T57S:S75F:S84N:Y95F:Y106S,T57S:S75F:S84N:Y95F:Y106S,5
S31N:T57S:K74I:S75F,S31N:T57S:K74I:S75F,4
I52S:T71S:S75F:T76S:S77N,I52S:T71S:S75F:T76S:S77N,5
F29S:I52S:T57S:K74I:R87T,F29S:I52S:T57S:K74I:R87T,5
S75F:S84N:Y95F:Y106S,S75F:S84N:Y95F:Y106S,4
K74I:S75F:S84N:R87T,K74I:S75F:S84N:R87T,4
A58T:S75F:S77N:Y95F,A58T:S75F:S77N:Y95F,4
I52S:S75F:R87T:Y95F:Y106S,I52S:S75F:R87T:Y95F:Y106S,5
T71S:K74I:T76S:Y95F:Y106S,T71S:K74I:T76S:Y95F:Y106S,5
I52S:T71S:K74I:S75F,I52S:T71S:K74I:S75F,4
S31N:T57S:N59A:S75F:S84N,S31N:T57S:N59A:S75F:S84N,5
I52S:S75F:T76S:Y95F:Y106S,I52S:S75F:T76S:Y95F:Y106S,5
S30N:N59A:S75F:S77N:R87T,S30N:N59A:S75F:S77N:R87T,5
I52S:A58T:K74I:S75F:Y106S,I52S:A58T:K74I:S75F:Y106S,5
S31N:T57S:A58T:S75F:Y95F,S31N:T57S:A58T:S75F:Y95F,5
F29S:S31N:K74I:S75F:R87T,F29S:S31N:K74I:S75F:R87T,5
S30N:N59A:S75F:S84N,S30N:N59A:S75F:S84N,4
S30N:S75F:S77N:S84N:Y106S,S30N:S75F:S77N:S84N:Y106S,5
S31N:I52S:A58T:S75F:R87T,S31N:I52S:A58T:S75F:R87T,5
I52S:A58T:S75F:S84N:Y106S,I52S:A58T:S75F:S84N:Y106S,5
I52S:N59A:S75F:S77N,I52S:N59A:S75F:S77N,4
F29S:S30N:K74I:S75F:S77N,F29S:S30N:K74I:S75F:S77N,5
F29S:K74I:S75F:T76S:R87T,F29S:K74I:S75F:T76S:R87T,5
S75F:S77N:S84N:Y106S,S75F:S77N:S84N:Y106S,4
S30N:S31N:I52S:S75F:T76S,S30N:S31N:I52S:S75F:T76S,5
I52S:K74I:S75F:R87T:Y95F,I52S:K74I:S75F:R87T:Y95F,5
S31N:I52S:N59A:S75F,S31N:I52S:N59A:S75F,4
T57S:N59A:S75F:T76S:Y106S,T57S:N59A:S75F:T76S:Y106S,5
S31N:A58T:K74I:S75F:S77N,S31N:A58T:K74I:S75F:S77N,5
T57S:T71S:S75F:S84N:Y106S,T57S:T71S:S75F:S84N:Y106S,5
S31N:I52S:A58T:S75F,S31N:I52S:A58T:S75F,4
S30N:I52S:T71S:K74I:S75F,S30N:I52S:T71S:K74I:S75F,5
I52S:K74I:S75F:S84N:R87T,I52S:K74I:S75F:S84N:R87T,5
F29S:S31N:N59A:K74I:S75F,F29S:S31N:N59A:K74I:S75F,5
S30N:T57S:N59A:S75F:S77N,S30N:T57S:N59A:S75F:S77N,5
T57S:N59A:S75F:S84N,T57S:N59A:S75F:S84N,4
I52S:T57S:S75F:S84N,I52S:T57S:S75F:S84N,4
A58T:T71S:S75F:T76S:Y106S,A58T:T71S:S75F:T76S:Y106S,5
S30N:T57S:N59A:S75F:R87T,S30N:T57S:N59A:S75F:R87T,5
I52S:S75F:T76S:Y106S,I52S:S75F:T76S:Y106S,4
S30N:I52S:K74I:S75F:T76S,S30N:I52S:K74I:S75F:T76S,5
I52S:S75F:S84N:Y106S,I52S:S75F:S84N:Y106S,4
S31N:N59A:T71S:S75F,S31N:N59A:T71S:S75F,4
S31N:S75F:S77N:S84N,S31N:S75F:S77N:S84N,4
I52S:S75F:S84N:Y95F:Y106S,I52S:S75F:S84N:Y95F:Y106S,5
S30N:T57S:S75F:S77N:R87T,S30N:T57S:S75F:S77N:R87T,5
S30N:S31N:A58T:T71S:S75F,S30N:S31N:A58T:T71S:S75F,5
I52S:T57S:N59A:S75F,I52S:T57S:N59A:S75F,4
S30N:N59A:S75F:S84N:Y106S,S30N:N59A:S75F:S84N:Y106S,5
S30N:A58T:S75F:Y106S,S30N:A58T:S75F:Y106S,4
S30N:A58T:S75F:T76S:Y106S,S30N:A58T:S75F:T76S:Y106S,5
S31N:T57S:T71S:S75F,S31N:T57S:T71S:S75F,4
S30N:T71S:S75F:Y106S,S30N:T71S:S75F:Y106S,4
A58T:T71S:S75F:S77N:S84N,A58T:T71S:S75F:S77N:S84N,5
S31N:A58T:S75F:Y95F:Y106S,S31N:A58T:S75F:Y95F:Y106S,5
T71S:K74I:T76S:S84N:Y106S,T71S:K74I:T76S:S84N:Y106S,5
A58T:S75F:T76S:Y95F,A58T:S75F:T76S:Y95F,4
I52S:K74I:S75F:T76S:Y95F,I52S:K74I:S75F:T76S:Y95F,5
I52S:T57S:S75F:S77N,I52S:T57S:S75F:S77N,4
A58T:S75F:T76S:S77N:Y95F,A58T:S75F:T76S:S77N:Y95F,5
S31N:I52S:K74I:S75F:R87T,S31N:I52S:K74I:S75F:R87T,5
I52S:A58T:T71S:K74I:S84N,I52S:A58T:T71S:K74I:S84N,5
S30N:N59A:S75F:Y95F:Y106S,S30N:N59A:S75F:Y95F:Y106S,5
S30N:I52S:S75F:Y95F:Y106S,S30N:I52S:S75F:Y95F:Y106S,5
N59A:T71S:S75F:T76S:S77N,N59A:T71S:S75F:T76S:S77N,5
I52S:T57S:S75F:Y95F,I52S:T57S:S75F:Y95F,4
I52S:N59A:T71S:S75F,I52S:N59A:T71S:S75F,4
F29S:I52S:N59A:S75F,F29S:I52S:N59A:S75F,4
S30N:I52S:T57S:A58T:T71S,S30N:I52S:T57S:A58T:T71S,5
S31N:S75F:S77N:R87T,S31N:S75F:S77N:R87T,4
A58T:S75F:T76S:S77N:Y106S,A58T:S75F:T76S:S77N:Y106S,5
T57S:N59A:S75F:T76S:S84N,T57S:N59A:S75F:T76S:S84N,5
F29S:I52S:K74I:S84N:Y95F,F29S:I52S:K74I:S84N:Y95F,5
S31N:I52S:S75F:R87T:Y95F,S31N:I52S:S75F:R87T:Y95F,5
I52S:T57S:A58T:S84N:R87T,I52S:T57S:A58T:S84N:R87T,5
F29S:S30N:I52S:K74I:R87T,F29S:S30N:I52S:K74I:R87T,5
F29S:S30N:T57S:T71S:S75F,F29S:S30N:T57S:T71S:S75F,5
S31N:S75F:T76S:R87T,S31N:S75F:T76S:R87T,4
I52S:T57S:S75F:T76S,I52S:T57S:S75F:T76S,4
F29S:S30N:I52S:K74I:S84N,F29S:S30N:I52S:K74I:S84N,5
S30N:S75F:S77N:Y95F:Y106S,S30N:S75F:S77N:Y95F:Y106S,5
F29S:I52S:T71S:K74I:R87T,F29S:I52S:T71S:K74I:R87T,5
F29S:S31N:I52S:K74I:Y95F,F29S:S31N:I52S:K74I:Y95F,5
T57S:T71S:S75F:S77N:S84N,T57S:T71S:S75F:S77N:S84N,5
S31N:A58T:T71S:S75F:S77N,S31N:A58T:T71S:S75F:S77N,5
S31N:A58T:S75F:S84N:Y106S,S31N:A58T:S75F:S84N:Y106S,5
S30N:S31N:I52S:K74I:S75F,S30N:S31N:I52S:K74I:S75F,5
F29S:I52S:A58T:K74I,F29S:I52S:A58T:K74I,4
S31N:I52S:T71S:S75F:Y106S,S31N:I52S:T71S:S75F:Y106S,5
N59A:S75F:T76S:S77N:S84N,N59A:S75F:T76S:S77N:S84N,5
I52S:T57S:A58T:S77N,I52S:T57S:A58T:S77N,4
F29S:K74I:S75F:T76S:S77N,F29S:K74I:S75F:T76S:S77N,5
S30N:I52S:T71S:S75F:Y106S,S30N:I52S:T71S:S75F:Y106S,5
F29S:S30N:T71S:S75F,F29S:S30N:T71S:S75F,4
T57S:N59A:S75F:R87T,T57S:N59A:S75F:R87T,4
S31N:K74I:S75F:S77N,S31N:K74I:S75F:S77N,4
A58T:T71S:S75F:S77N:Y106S,A58T:T71S:S75F:S77N:Y106S,5
S30N:T71S:S75F:T76S,S30N:T71S:S75F:T76S,4
F29S:I52S:K74I:S77N:Y95F,F29S:I52S:K74I:S77N:Y95F,5
S30N:S31N:I52S:S75F:Y106S,S30N:S31N:I52S:S75F:Y106S,5
A58T:S75F:T76S:S84N:R87T,A58T:S75F:T76S:S84N:R87T,5
F29S:I52S:T57S:A58T:S77N,F29S:I52S:T57S:A58T:S77N,5
S75F:T76S:S84N:Y95F,S75F:T76S:S84N:Y95F,4
S30N:S31N:I52S:S75F:S84N,S30N:S31N:I52S:S75F:S84N,5
S31N:T71S:S75F:T76S:S77N,S31N:T71S:S75F:T76S:S77N,5
S31N:I52S:S75F:T76S,S31N:I52S:S75F:T76S,4
F29S:S30N:S31N:S75F:Y95F,F29S:S30N:S31N:S75F:Y95F,5
I52S:T57S:K74I:S75F:T76S,I52S:T57S:K74I:S75F:T76S,5
I52S:S75F:T76S:S77N:Y106S,I52S:S75F:T76S:S77N:Y106S,5
S31N:T71S:S75F:R87T,S31N:T71S:S75F:R87T,4
S31N:A58T:S75F:S77N,S31N:A58T:S75F:S77N,4
I52S:T57S:A58T:Y95F,I52S:T57S:A58T:Y95F,4
F29S:I52S:T57S:N59A:K74I,F29S:I52S:T57S:N59A:K74I,5
S30N:S31N:A58T:S75F,S30N:S31N:A58T:S75F,4
S30N:A58T:S75F:S77N,S30N:A58T:S75F:S77N,4
S31N:I52S:T71S:S75F,S31N:I52S:T71S:S75F,4
I52S:T57S:A58T:T71S:S77N,I52S:T57S:A58T:T71S:S77N,5
S31N:S75F:S77N:Y95F,S31N:S75F:S77N:Y95F,4
S31N:T71S:K74I:S75F,S31N:T71S:K74I:S75F,4
S75F:T76S:S77N:Y95F:Y106S,S75F:T76S:S77N:Y95F:Y106S,5
S30N:S31N:S75F:S77N:Y106S,S30N:S31N:S75F:S77N:Y106S,5
S30N:A58T:N59A:S75F:R87T,S30N:A58T:N59A:S75F:R87T,5
A58T:N59A:K74I:S75F:S77N,A58T:N59A:K74I:S75F:S77N,5
S31N:T57S:S75F:S84N:Y106S,S31N:T57S:S75F:S84N:Y106S,5
N59A:T71S:S75F:T76S:Y106S,N59A:T71S:S75F:T76S:Y106S,5
T57S:N59A:T71S:S75F,T57S:N59A:T71S:S75F,4
S30N:T71S:K74I:T76S:Y106S,S30N:T71S:K74I:T76S:Y106S,5
T57S:T71S:S75F:T76S:R87T,T57S:T71S:S75F:T76S:R87T,5
S31N:N59A:S75F:S84N:R87T,S31N:N59A:S75F:S84N:R87T,5
N59A:T71S:S75F:S84N:Y106S,N59A:T71S:S75F:S84N:Y106S,5
S30N:S31N:I52S:N59A:S75F,S30N:S31N:I52S:N59A:S75F,5
S30N:I52S:A58T:K74I:S77N,S30N:I52S:A58T:K74I:S77N,5
T57S:N59A:S75F:S77N:Y106S,T57S:N59A:S75F:S77N:Y106S,5
F29S:I52S:N59A:K74I:S84N,F29S:I52S:N59A:K74I:S84N,5
N59A:S75F:T76S:S84N:Y106S,N59A:S75F:T76S:S84N:Y106S,5
S30N:N59A:S75F:S77N:Y106S,S30N:N59A:S75F:S77N:Y106S,5
S31N:I52S:T71S:K74I:S75F,S31N:I52S:T71S:K74I:S75F,5
I52S:T57S:S75F:S77N:S84N,I52S:T57S:S75F:S77N:S84N,5
I52S:S75F:T76S:S84N:Y106S,I52S:S75F:T76S:S84N:Y106S,5
T71S:K74I:S75F:S84N,T71S:K74I:S75F:S84N,4
I52S:T57S:A58T:R87T,I52S:T57S:A58T:R87T,4
S31N:T71S:K74I:S77N:R87T,S31N:T71S:K74I:S77N:R87T,5
A58T:N59A:T71S:S75F,A58T:N59A:T71S:S75F,4
S30N:I52S:T71S:S75F:R87T,S30N:I52S:T71S:S75F:R87T,5
F29S:I52S:T71S:K74I:S77N,F29S:I52S:T71S:K74I:S77N,5
A58T:S75F:S77N:R87T:Y95F,A58T:S75F:S77N:R87T:Y95F,5
T57S:T71S:S75F:S77N,T57S:T71S:S75F:S77N,4
F29S:S30N:I52S:T57S:K74I,F29S:S30N:I52S:T57S:K74I,5
S31N:T71S:S75F:S77N,S31N:T71S:S75F:S77N,4
S31N:N59A:S75F:S84N,S31N:N59A:S75F:S84N,4
S31N:S75F:S77N:Y106S,S31N:S75F:S77N:Y106S,4
T57S:A58T:S75F:R87T:Y106S,T57S:A58T:S75F:R87T:Y106S,5
S31N:A58T:S75F:R87T:Y106S,S31N:A58T:S75F:R87T:Y106S,5
S31N:A58T:S75F:S77N:Y95F,S31N:A58T:S75F:S77N:Y95F,5
S31N:I52S:A58T:S75F:S77N,S31N:I52S:A58T:S75F:S77N,5
S31N:A58T:S75F:S84N:R87T,S31N:A58T:S75F:S84N:R87T,5
F29S:I52S:A58T:K74I:Y95F,F29S:I52S:A58T:K74I:Y95F,5
N59A:T71S:S75F:R87T:Y95F,N59A:T71S:S75F:R87T:Y95F,5
N59A:S75F:S84N:R87T,N59A:S75F:S84N:R87T,4
F29S:S31N:I52S:N59A:K74I,F29S:S31N:I52S:N59A:K74I,5
T57S:S75F:T76S:S84N:Y95F,T57S:S75F:T76S:S84N:Y95F,5
F29S:T57S:S75F:S77N:Y95F,F29S:T57S:S75F:S77N:Y95F,5
A58T:S75F:S84N:R87T:Y95F,A58T:S75F:S84N:R87T:Y95F,5
T57S:K74I:S84N:Y106S,T57S:K74I:S84N:Y106S,4
T57S:K74I:T76S:Y95F:Y106S,T57S:K74I:T76S:Y95F:Y106S,5
F29S:S30N:I52S:K74I,F29S:S30N:I52S:K74I,4
S31N:A58T:S75F:S77N:S84N,S31N:A58T:S75F:S77N:S84N,5
S31N:S75F:T76S:S84N:Y95F,S31N:S75F:T76S:S84N:Y95F,5
T57S:T71S:K74I:T76S:Y106S,T57S:T71S:K74I:T76S:Y106S,5
S30N:I52S:T57S:K74I:S77N,S30N:I52S:T57S:K74I:S77N,5
F29S:T57S:S75F:T76S:S77N,F29S:T57S:S75F:T76S:S77N,5
F29S:I52S:K74I:S77N:R87T,F29S:I52S:K74I:S77N:R87T,5
S31N:I52S:A58T:K74I:S77N,S31N:I52S:A58T:K74I:S77N,5
S31N:S75F:T76S:Y95F:Y106S,S31N:S75F:T76S:Y95F:Y106S,5
S30N:I52S:T57S:A58T,S30N:I52S:T57S:A58T,4
F29S:T71S:S75F:T76S,F29S:T71S:S75F:T76S,4
F29S:S30N:T71S:S75F:R87T,F29S:S30N:T71S:S75F:R87T,5
F29S:S31N:S75F:S84N:R87T,F29S:S31N:S75F:S84N:R87T,5
I52S:A58T:K74I:T76S,I52S:A58T:K74I:T76S,4
I52S:N59A:K74I:T76S:S84N,I52S:N59A:K74I:T76S:S84N,5
I52S:A58T:K74I:S77N:R87T,I52S:A58T:K74I:S77N:R87T,5
S31N:T57S:A58T:S75F:S84N,S31N:T57S:A58T:S75F:S84N,5
S75F:R87T:Y95F:Y106S,S75F:R87T:Y95F:Y106S,4
S31N:A58T:N59A:T71S:S75F,S31N:A58T:N59A:T71S:S75F,5
S31N:A58T:S75F:R87T:Y95F,S31N:A58T:S75F:R87T:Y95F,5
A58T:S75F:R87T:Y95F:Y106S,A58T:S75F:R87T:Y95F:Y106S,5
S31N:A58T:S75F:T76S:S84N,S31N:A58T:S75F:T76S:S84N,5
S31N:N59A:S75F:Y95F,S31N:N59A:S75F:Y95F,4
F29S:T57S:T71S:S75F:S84N,F29S:T57S:T71S:S75F:S84N,5
I52S:A58T:T71S:K74I:Y106S,I52S:A58T:T71S:K74I:Y106S,5
S31N:I52S:S75F:R87T,S31N:I52S:S75F:R87T,4
I52S:T57S:S75F:T76S:Y106S,I52S:T57S:S75F:T76S:Y106S,5
F29S:S30N:I52S:A58T:K74I,F29S:S30N:I52S:A58T:K74I,5
S31N:I52S:T57S:A58T:R87T,S31N:I52S:T57S:A58T:R87T,5
I52S:T57S:A58T:T76S:S77N,I52S:T57S:A58T:T76S:S77N,5
I52S:T57S:K74I:T76S:S84N,I52S:T57S:K74I:T76S:S84N,5
I52S:A58T:K74I:S84N:Y95F,I52S:A58T:K74I:S84N:Y95F,5
S31N:I52S:T57S:A58T:T76S,S31N:I52S:T57S:A58T:T76S,5
S30N:S31N:S75F:R87T:Y95F,S30N:S31N:S75F:R87T:Y95F,5
S30N:I52S:T57S:K74I:Y95F,S30N:I52S:T57S:K74I:Y95F,5
F29S:S31N:K74I:S75F,F29S:S31N:K74I:S75F,4
S30N:S31N:N59A:S75F:R87T,S30N:S31N:N59A:S75F:R87T,5
A58T:N59A:T71S:S75F:R87T,A58T:N59A:T71S:S75F:R87T,5
F29S:S30N:T57S:K74I:S77N,F29S:S30N:T57S:K74I:S77N,5
S30N:T71S:K74I:R87T:Y95F,S30N:T71S:K74I:R87T:Y95F,5
S31N:N59A:S75F:S84N:Y106S,S31N:N59A:S75F:S84N:Y106S,5
I52S:A58T:N59A:K74I:S84N,I52S:A58T:N59A:K74I:S84N,5
T71S:S75F:R87T:Y106S,T71S:S75F:R87T:Y106S,4
S75F:T76S:S84N:Y106S,S75F:T76S:S84N:Y106S,4
I52S:T71S:S75F:R87T,I52S:T71S:S75F:R87T,4
I52S:T57S:A58T:S77N:Y95F,I52S:T57S:A58T:S77N:Y95F,5
I52S:A58T:K74I:S84N:Y106S,I52S:A58T:K74I:S84N:Y106S,5
F29S:S30N:S75F:S84N,F29S:S30N:S75F:S84N,4
T57S:K74I:T76S:S84N:R87T,T57S:K74I:T76S:S84N:R87T,5
F29S:S30N:T71S:S75F:T76S,F29S:S30N:T71S:S75F:T76S,5
T57S:A58T:N59A:T71S:S75F,T57S:A58T:N59A:T71S:S75F,5
I52S:A58T:N59A:K74I:S77N,I52S:A58T:N59A:K74I:S77N,5
F29S:S30N:S31N:T71S:K74I,F29S:S30N:S31N:T71S:K74I,5
F29S:S30N:K74I:S84N,F29S:S30N:K74I:S84N,4
S30N:N59A:S75F:S77N,S30N:N59A:S75F:S77N,4
I52S:T57S:S75F:R87T:Y106S,I52S:T57S:S75F:R87T:Y106S,5
S31N:I52S:N59A:K74I:R87T,S31N:I52S:N59A:K74I:R87T,5
F29S:S30N:T71S:S75F:S84N,F29S:S30N:T71S:S75F:S84N,5
S31N:T71S:S75F:T76S:S84N,S31N:T71S:S75F:T76S:S84N,5
F29S:I52S:T57S:K74I:S84N,F29S:I52S:T57S:K74I:S84N,5
S31N:K74I:S84N:R87T:Y95F,S31N:K74I:S84N:R87T:Y95F,5
I52S:A58T:K74I:R87T:Y106S,I52S:A58T:K74I:R87T:Y106S,5
N59A:S75F:T76S:S77N:R87T,N59A:S75F:T76S:S77N:R87T,5
I52S:N59A:K74I:S84N,I52S:N59A:K74I:S84N,4
S31N:A58T:S75F:T76S:S77N,S31N:A58T:S75F:T76S:S77N,5
S31N:I52S:K74I:S84N:Y95F,S31N:I52S:K74I:S84N:Y95F,5
T71S:S75F:T76S:S77N:S84N,T71S:S75F:T76S:S77N:S84N,5
I52S:A58T:T71S:K74I:R87T,I52S:A58T:T71S:K74I:R87T,5
S30N:I52S:A58T:K74I:T76S,S30N:I52S:A58T:K74I:T76S,5
S30N:S75F:S77N:R87T:Y95F,S30N:S75F:S77N:R87T:Y95F,5
S30N:A58T:N59A:S75F:T76S,S30N:A58T:N59A:S75F:T76S,5
S30N:N59A:S75F:T76S:S84N,S30N:N59A:S75F:T76S:S84N,5
T57S:K74I:T76S:S77N:Y106S,T57S:K74I:T76S:S77N:Y106S,5
A58T:N59A:S75F:T76S:S84N,A58T:N59A:S75F:T76S:S84N,5
S31N:T57S:T71S:S75F:Y106S,S31N:T57S:T71S:S75F:Y106S,5
F29S:S31N:I52S:T71S:K74I,F29S:S31N:I52S:T71S:K74I,5
S31N:T57S:K74I:R87T,S31N:T57S:K74I:R87T,4
F29S:S75F:S84N:R87T,F29S:S75F:S84N:R87T,4
S30N:I52S:K74I:S84N:R87T,S30N:I52S:K74I:S84N:R87T,5
T71S:S75F:T76S:R87T:Y106S,T71S:S75F:T76S:R87T:Y106S,5
S31N:T71S:K74I:T76S:Y106S,S31N:T71S:K74I:T76S:Y106S,5
I52S:K74I:R87T:Y95F,I52S:K74I:R87T:Y95F,4
S75F:S77N:R87T:Y95F,S75F:S77N:R87T:Y95F,4
K74I:T76S:S84N:Y95F,K74I:T76S:S84N:Y95F,4
I52S:K74I:T76S:R87T:Y106S,I52S:K74I:T76S:R87T:Y106S,5
T57S:K74I:S77N:Y95F,T57S:K74I:S77N:Y95F,4
F29S:S31N:S75F:T76S:S84N,F29S:S31N:S75F:T76S:S84N,5
I52S:A58T:N59A:T71S:K74I,I52S:A58T:N59A:T71S:K74I,5
S30N:I52S:T57S:K74I:T76S,S30N:I52S:T57S:K74I:T76S,5
S31N:T57S:N59A:S75F,S31N:T57S:N59A:S75F,4
S30N:S31N:I52S:K74I:S77N,S30N:S31N:I52S:K74I:S77N,5
S31N:S75F:R87T:Y106S,S31N:S75F:R87T:Y106S,4
I52S:T57S:K74I:R87T:Y95F,I52S:T57S:K74I:R87T:Y95F,5
I52S:N59A:K74I:S84N:R87T,I52S:N59A:K74I:S84N:R87T,5
S30N:T57S:K74I:S77N:Y95F,S30N:T57S:K74I:S77N:Y95F,5
S31N:I52S:T57S:K74I:Y95F,S31N:I52S:T57S:K74I:Y95F,5
F29S:S30N:S75F:T76S:R87T,F29S:S30N:S75F:T76S:R87T,5
S30N:I52S:K74I:S77N:Y106S,S30N:I52S:K74I:S77N:Y106S,5
T71S:S75F:T76S:S84N:R87T,T71S:S75F:T76S:S84N:R87T,5
I52S:T57S:K74I:Y95F,I52S:T57S:K74I:Y95F,4
F29S:S31N:S75F:T76S,F29S:S31N:S75F:T76S,4
F29S:S30N:S75F:S84N:Y95F,F29S:S30N:S75F:S84N:Y95F,5
S31N:A58T:S75F:S77N:R87T,S31N:A58T:S75F:S77N:R87T,5
S30N:I52S:T71S:K74I:Y95F,S30N:I52S:T71S:K74I:Y95F,5
F29S:S31N:S75F:T76S:S77N,F29S:S31N:S75F:T76S:S77N,5
S31N:S75F:T76S:S84N:Y106S,S31N:S75F:T76S:S84N:Y106S,5
S75F:T76S:S77N:R87T:Y106S,S75F:T76S:S77N:R87T:Y106S,5
I52S:K74I:T76S:S84N:R87T,I52S:K74I:T76S:S84N:R87T,5
I52S:T57S:K74I:R87T,I52S:T57S:K74I:R87T,4
I52S:T71S:K74I:T76S:Y106S,I52S:T71S:K74I:T76S:Y106S,5
T57S:A58T:S75F:S77N:Y106S,T57S:A58T:S75F:S77N:Y106S,5
S30N:I52S:K74I:S77N:R87T,S30N:I52S:K74I:S77N:R87T,5
I52S:T57S:K74I:T76S:R87T,I52S:T57S:K74I:T76S:R87T,5
S30N:A58T:N59A:S75F:S77N,S30N:A58T:N59A:S75F:S77N,5
S31N:T57S:T71S:K74I,S31N:T57S:T71S:K74I,4
S30N:I52S:T71S:K74I:S77N,S30N:I52S:T71S:K74I:S77N,5
S31N:I52S:K74I:Y95F,S31N:I52S:K74I:Y95F,4
I52S:T71S:K74I:S77N,I52S:T71S:K74I:S77N,4
S30N:K74I:T76S:R87T:Y95F,S30N:K74I:T76S:R87T:Y95F,5
S31N:N59A:S75F:Y95F:Y106S,S31N:N59A:S75F:Y95F:Y106S,5
S75F:T76S:S77N:S84N,S75F:T76S:S77N:S84N,4
I52S:T57S:A58T:N59A:R87T,I52S:T57S:A58T:N59A:R87T,5
I52S:T57S:A58T:T71S,I52S:T57S:A58T:T71S,4
I52S:A58T:K74I:Y95F:Y106S,I52S:A58T:K74I:Y95F:Y106S,5
F29S:S31N:T71S:K74I,F29S:S31N:T71S:K74I,4
F29S:S75F:T76S:S84N:Y95F,F29S:S75F:T76S:S84N:Y95F,5
S31N:I52S:T71S:K74I:S77N,S31N:I52S:T71S:K74I:S77N,5
I52S:N59A:K74I:S77N,I52S:N59A:K74I:S77N,4
A58T:N59A:S75F:S84N:Y95F,A58T:N59A:S75F:S84N:Y95F,5
T71S:K74I:S84N:Y106S,T71S:K74I:S84N:Y106S,4
I52S:N59A:K74I:T76S:Y95F,I52S:N59A:K74I:T76S:Y95F,5
I52S:T57S:T71S:K74I:Y95F,I52S:T57S:T71S:K74I:Y95F,5
S30N:K74I:T76S:S77N:Y95F,S30N:K74I:T76S:S77N:Y95F,5
S30N:I52S:T57S:K74I:Y106S,S30N:I52S:T57S:K74I:Y106S,5
S31N:I52S:T57S:K74I:R87T,S31N:I52S:T57S:K74I:R87T,5
I52S:K74I:S84N:R87T,I52S:K74I:S84N:R87T,4
S31N:I52S:K74I:S77N,S31N:I52S:K74I:S77N,4
F29S:S30N:S75F:T76S:S84N,F29S:S30N:S75F:T76S:S84N,5
I52S:K74I:T76S:R87T,I52S:K74I:T76S:R87T,4
S31N:I52S:A58T:K74I:Y95F,S31N:I52S:A58T:K74I:Y95F,5
I52S:K74I:R87T:Y106S,I52S:K74I:R87T:Y106S,4
S30N:I52S:K74I:T76S,S30N:I52S:K74I:T76S,4
S31N:I52S:K74I:T76S:Y95F,S31N:I52S:K74I:T76S:Y95F,5
S31N:K74I:Y95F:Y106S,S31N:K74I:Y95F:Y106S,4
I52S:K74I:T76S:S77N:Y95F,I52S:K74I:T76S:S77N:Y95F,5
T57S:K74I:R87T:Y95F:Y106S,T57S:K74I:R87T:Y95F:Y106S,5
S30N:I52S:K74I:S84N,S30N:I52S:K74I:S84N,4
S30N:I52S:K74I:T76S:Y95F,S30N:I52S:K74I:T76S:Y95F,5
I52S:T57S:N59A:K74I,I52S:T57S:N59A:K74I,4
S30N:I52S:T57S:T71S:K74I,S30N:I52S:T57S:T71S:K74I,5
S30N:I52S:A58T:T71S:K74I,S30N:I52S:A58T:T71S:K74I,5
I52S:K74I:Y95F:Y106S,I52S:K74I:Y95F:Y106S,4
S31N:I52S:N59A:K74I:Y106S,S31N:I52S:N59A:K74I:Y106S,5
F29S:T57S:T71S:S75F:S77N,F29S:T57S:T71S:S75F:S77N,5
S30N:T71S:K74I:S84N:Y106S,S30N:T71S:K74I:S84N:Y106S,5
A58T:N59A:S75F:S84N:Y106S,A58T:N59A:S75F:S84N:Y106S,5
S31N:I52S:K74I:T76S,S31N:I52S:K74I:T76S,4
S30N:I52S:K74I:S84N:Y106S,S30N:I52S:K74I:S84N:Y106S,5
S30N:S31N:I52S:K74I,S30N:S31N:I52S:K74I,4
S30N:I52S:K74I:Y95F:Y106S,S30N:I52S:K74I:Y95F:Y106S,5
S31N:T71S:K74I:T76S:Y95F,S31N:T71S:K74I:T76S:Y95F,5
S31N:N59A:K74I:T76S:Y106S,S31N:N59A:K74I:T76S:Y106S,5
I52S:T57S:A58T:N59A:S84N,I52S:T57S:A58T:N59A:S84N,5
T57S:K74I:T76S:R87T:Y106S,T57S:K74I:T76S:R87T:Y106S,5
S31N:I52S:N59A:K74I:S84N,S31N:I52S:N59A:K74I:S84N,5
F29S:S31N:T57S:S75F:Y95F,F29S:S31N:T57S:S75F:Y95F,5
S30N:T71S:K74I:S77N:R87T,S30N:T71S:K74I:S77N:R87T,5
S31N:K74I:T76S:S77N,S31N:K74I:T76S:S77N,4
I52S:T57S:A58T:T71S:Y106S,I52S:T57S:A58T:T71S:Y106S,5
I52S:N59A:K74I:Y95F:Y106S,I52S:N59A:K74I:Y95F:Y106S,5
F29S:T57S:T71S:S75F:Y95F,F29S:T57S:T71S:S75F:Y95F,5
F29S:S30N:K74I:T76S:R87T,F29S:S30N:K74I:T76S:R87T,5
S31N:I52S:T57S:K74I:S77N,S31N:I52S:T57S:K74I:S77N,5
S30N:S31N:K74I:Y95F,S30N:S31N:K74I:Y95F,4
F29S:S30N:K74I:T76S:S77N,F29S:S30N:K74I:T76S:S77N,5
S30N:S31N:I52S:T57S:K74I,S30N:S31N:I52S:T57S:K74I,5
S30N:I52S:T71S:K74I:Y106S,S30N:I52S:T71S:K74I:Y106S,5
S30N:S31N:K74I:S77N:S84N,S30N:S31N:K74I:S77N:S84N,5
S30N:T57S:K74I:T76S:Y106S,S30N:T57S:K74I:T76S:Y106S,5
F29S:S75F:S77N:R87T:Y95F,F29S:S75F:S77N:R87T:Y95F,5
S30N:S31N:K74I:T76S:S84N,S30N:S31N:K74I:T76S:S84N,5
S31N:T57S:K74I:S77N:Y95F,S31N:T57S:K74I:S77N:Y95F,5
T57S:T71S:K74I:S84N:Y106S,T57S:T71S:K74I:S84N:Y106S,5
T71S:K74I:T76S:S77N:Y106S,T71S:K74I:T76S:S77N:Y106S,5
S30N:I52S:N59A:T71S:K74I,S30N:I52S:N59A:T71S:K74I,5
T71S:K74I:S84N:Y95F:Y106S,T71S:K74I:S84N:Y95F:Y106S,5
S31N:T71S:K74I:R87T:Y106S,S31N:T71S:K74I:R87T:Y106S,5
T71S:S75F:S77N:S84N:R87T,T71S:S75F:S77N:S84N:R87T,5
S30N:S31N:N59A:S75F:S77N,S30N:S31N:N59A:S75F:S77N,5
I52S:N59A:T71S:K74I:Y106S,I52S:N59A:T71S:K74I:Y106S,5
S31N:K74I:T76S:S84N:Y106S,S31N:K74I:T76S:S84N:Y106S,5
S31N:N59A:K74I:R87T,S31N:N59A:K74I:R87T,4
I52S:K74I:T76S:S77N,I52S:K74I:T76S:S77N,4
N59A:K74I:T76S:Y95F:Y106S,N59A:K74I:T76S:Y95F:Y106S,5
F29S:S30N:S31N:A58T:S75F,F29S:S30N:S31N:A58T:S75F,5
S31N:K74I:R87T:Y95F,S31N:K74I:R87T:Y95F,4
S31N:K74I:S77N:Y106S,S31N:K74I:S77N:Y106S,4
I52S:T57S:K74I:S77N,I52S:T57S:K74I:S77N,4
S31N:A58T:K74I:T76S:S84N,S31N:A58T:K74I:T76S:S84N,5
S31N:A58T:N59A:S75F:S84N,S31N:A58T:N59A:S75F:S84N,5
T57S:T71S:K74I:T76S:Y95F,T57S:T71S:K74I:T76S:Y95F,5
K74I:R87T:Y95F:Y106S,K74I:R87T:Y95F:Y106S,4
S30N:I52S:N59A:K74I:S77N,S30N:I52S:N59A:K74I:S77N,5
S31N:N59A:K74I:Y95F,S31N:N59A:K74I:Y95F,4
S31N:N59A:K74I:T76S:Y95F,S31N:N59A:K74I:T76S:Y95F,5
S75F:T76S:S77N:R87T,S75F:T76S:S77N:R87T,4
T57S:K74I:Y95F:Y106S,T57S:K74I:Y95F:Y106S,4
T57S:K74I:T76S:R87T:Y95F,T57S:K74I:T76S:R87T:Y95F,5
F29S:T57S:S75F:S77N:S84N,F29S:T57S:S75F:S77N:S84N,5
S30N:S31N:K74I:S77N:R87T,S30N:S31N:K74I:S77N:R87T,5
S30N:S31N:K74I:S84N:Y95F,S30N:S31N:K74I:S84N:Y95F,5
A58T:N59A:S75F:S77N:R87T,A58T:N59A:S75F:S77N:R87T,5
S75F:S84N:R87T:Y95F,S75F:S84N:R87T:Y95F,4
F29S:T71S:S75F:R87T:Y95F,F29S:T71S:S75F:R87T:Y95F,5
T57S:K74I:T76S:S77N:S84N,T57S:K74I:T76S:S77N:S84N,5
F29S:S30N:S31N:T57S:K74I,F29S:S30N:S31N:T57S:K74I,5
I52S:N59A:T71S:K74I:S77N,I52S:N59A:T71S:K74I:S77N,5
I52S:N59A:T71S:K74I:R87T,I52S:N59A:T71S:K74I:R87T,5
F29S:K74I:T76S:S77N,F29S:K74I:T76S:S77N,4
I52S:K74I:S77N:S84N,I52S:K74I:S77N:S84N,4
S30N:S31N:N59A:T71S:K74I,S30N:S31N:N59A:T71S:K74I,5
K74I:T76S:S84N:R87T:Y106S,K74I:T76S:S84N:R87T:Y106S,5
F29S:S30N:S31N:K74I:T76S,F29S:S30N:S31N:K74I:T76S,5
K74I:S77N:R87T:Y95F:Y106S,K74I:S77N:R87T:Y95F:Y106S,5
I52S:T57S:A58T:T76S,I52S:T57S:A58T:T76S,4
T71S:S75F:T76S:R87T,T71S:S75F:T76S:R87T,4
F29S:T57S:S75F:S84N:R87T,F29S:T57S:S75F:S84N:R87T,5
S31N:R87T:Y95F:Y106S,S31N:R87T:Y95F:Y106S,4
S31N:T57S:K74I:T76S:Y106S,S31N:T57S:K74I:T76S:Y106S,5
S31N:N59A:K74I:S84N,S31N:N59A:K74I:S84N,4
S31N:K74I:S77N:R87T,S31N:K74I:S77N:R87T,4
S31N:N59A:K74I:T76S:S77N,S31N:N59A:K74I:T76S:S77N,5
S31N:I52S:A58T:R87T,S31N:I52S:A58T:R87T,4
S30N:T71S:K74I:S84N,S30N:T71S:K74I:S84N,4
S30N:K74I:T76S:Y95F:Y106S,S30N:K74I:T76S:Y95F:Y106S,5
F29S:T57S:S75F:R87T:Y95F,F29S:T57S:S75F:R87T:Y95F,5
F29S:S31N:K74I:S84N,F29S:S31N:K74I:S84N,4
I52S:N59A:T71S:K74I,I52S:N59A:T71S:K74I,4
S31N:T57S:K74I:S84N:R87T,S31N:T57S:K74I:S84N:R87T,5
S30N:K74I:R87T:Y106S,S30N:K74I:R87T:Y106S,4
S30N:S31N:T71S:K74I:Y95F,S30N:S31N:T71S:K74I:Y95F,5
S31N:T71S:K74I:S77N:Y106S,S31N:T71S:K74I:S77N:Y106S,5
S31N:T57S:N59A:K74I:Y106S,S31N:T57S:N59A:K74I:Y106S,5
I52S:T57S:T71S:K74I,I52S:T57S:T71S:K74I,4
F29S:S31N:A58T:S75F:T76S,F29S:S31N:A58T:S75F:T76S,5
N59A:K74I:T76S:R87T:Y95F,N59A:K74I:T76S:R87T:Y95F,5
F29S:S31N:A58T:S75F:S77N,F29S:S31N:A58T:S75F:S77N,5
F29S:S31N:A58T:S75F,F29S:S31N:A58T:S75F,4
N59A:T71S:K74I:T76S:S84N,N59A:T71S:K74I:T76S:S84N,5
S30N:T57S:T71S:K74I:T76S,S30N:T57S:T71S:K74I:T76S,5
S31N:T71S:K74I:S77N,S31N:T71S:K74I:S77N,4
F29S:T57S:K74I:T76S:S84N,F29S:T57S:K74I:T76S:S84N,5
F29S:T57S:A58T:S75F:S77N,F29S:T57S:A58T:S75F:S77N,5
F29S:S31N:T57S:T71S:K74I,F29S:S31N:T57S:T71S:K74I,5
S30N:K74I:S84N:R87T:Y95F,S30N:K74I:S84N:R87T:Y95F,5
S31N:T57S:N59A:K74I,S31N:T57S:N59A:K74I,4
F29S:S31N:K74I:T76S,F29S:S31N:K74I:T76S,4
S31N:T57S:N59A:T71S:K74I,S31N:T57S:N59A:T71S:K74I,5
T57S:K74I:S77N:S84N:Y95F,T57S:K74I:S77N:S84N:Y95F,5
T71S:K74I:T76S:S84N:R87T,T71S:K74I:T76S:S84N:R87T,5
F29S:S30N:T57S:K74I:T76S,F29S:S30N:T57S:K74I:T76S,5
F29S:S31N:N59A:T71S:S75F,F29S:S31N:N59A:T71S:S75F,5
F29S:S30N:A58T:S75F:Y95F,F29S:S30N:A58T:S75F:Y95F,5
S30N:T71S:K74I:S77N:Y106S,S30N:T71S:K74I:S77N:Y106S,5
S31N:N59A:T71S:K74I:Y95F,S31N:N59A:T71S:K74I:Y95F,5
S31N:A58T:T71S:K74I:S84N,S31N:A58T:T71S:K74I:S84N,5
F29S:K74I:T76S:S84N:R87T,F29S:K74I:T76S:S84N:R87T,5
T57S:T71S:K74I:T76S:S77N,T57S:T71S:K74I:T76S:S77N,5
F29S:S31N:A58T:S75F:S84N,F29S:S31N:A58T:S75F:S84N,5
T71S:S75F:T76S:S84N:Y95F,T71S:S75F:T76S:S84N:Y95F,5
T57S:N59A:K74I:T76S:Y106S,T57S:N59A:K74I:T76S:Y106S,5
F29S:A58T:S75F:S77N,F29S:A58T:S75F:S77N,4
S30N:T71S:K74I:R87T,S30N:T71S:K74I:R87T,4
F29S:A58T:S75F:T76S:S77N,F29S:A58T:S75F:T76S:S77N,5
T57S:K74I:R87T:Y95F,T57S:K74I:R87T:Y95F,4
S31N:T57S:R87T:Y95F:Y106S,S31N:T57S:R87T:Y95F:Y106S,5
K74I:S84N:R87T:Y95F,K74I:S84N:R87T:Y95F,4
N59A:T71S:K74I:T76S,N59A:T71S:K74I:T76S,4
S30N:T57S:K74I:R87T,S30N:T57S:K74I:R87T,4
S30N:K74I:T76S:S84N,S30N:K74I:T76S:S84N,4
T71S:K74I:S77N:S84N:Y95F,T71S:K74I:S77N:S84N:Y95F,5
S30N:T57S:K74I:S84N:R87T,S30N:T57S:K74I:S84N:R87T,5
T71S:K74I:S77N:S84N,T71S:K74I:S77N:S84N,4
F29S:S31N:A58T:S75F:R87T,F29S:S31N:A58T:S75F:R87T,5
S31N:A58T:T71S:K74I,S31N:A58T:T71S:K74I,4
S30N:S31N:N59A:K74I:Y106S,S30N:S31N:N59A:K74I:Y106S,5
S31N:I52S:A58T:S77N:R87T,S31N:I52S:A58T:S77N:R87T,5
F29S:S31N:K74I:S77N:R87T,F29S:S31N:K74I:S77N:R87T,5
S31N:K74I:S84N:Y106S,S31N:K74I:S84N:Y106S,4
S31N:A58T:K74I:Y95F:Y106S,S31N:A58T:K74I:Y95F:Y106S,5
S31N:T57S:T71S:K74I:Y95F,S31N:T57S:T71S:K74I:Y95F,5
T57S:K74I:T76S:S84N:Y95F,T57S:K74I:T76S:S84N:Y95F,5
F29S:S31N:N59A:S75F,F29S:S31N:N59A:S75F,4
T57S:T71S:K74I:S77N:Y95F,T57S:T71S:K74I:S77N:Y95F,5
I52S:T57S:A58T:N59A:T76S,I52S:T57S:A58T:N59A:T76S,5
N59A:T71S:K74I:T76S:Y95F,N59A:T71S:K74I:T76S:Y95F,5
S30N:S31N:K74I:S84N:R87T,S30N:S31N:K74I:S84N:R87T,5
F29S:K74I:T76S:Y95F,F29S:K74I:T76S:Y95F,4
F29S:N59A:T71S:S75F:T76S,F29S:N59A:T71S:S75F:T76S,5
S31N:T57S:K74I:S77N,S31N:T57S:K74I:S77N,4
F29S:S31N:N59A:S75F:Y95F,F29S:S31N:N59A:S75F:Y95F,5
F29S:A58T:S75F:R87T,F29S:A58T:S75F:R87T,4
S30N:S31N:N59A:K74I:Y95F,S30N:S31N:N59A:K74I:Y95F,5
F29S:N59A:T71S:S75F:R87T,F29S:N59A:T71S:S75F:R87T,5
F29S:N59A:S75F:S77N:R87T,F29S:N59A:S75F:S77N:R87T,5
T71S:K74I:T76S:S84N:Y95F,T71S:K74I:T76S:S84N:Y95F,5
T71S:K74I:S77N:S84N:Y106S,T71S:K74I:S77N:S84N:Y106S,5
S31N:A58T:K74I:S84N:Y95F,S31N:A58T:K74I:S84N:Y95F,5
I52S:T57S:A58T:N59A:S77N,I52S:T57S:A58T:N59A:S77N,5
S31N:A58T:K74I:S84N:Y106S,S31N:A58T:K74I:S84N:Y106S,5
S31N:T71S:K74I:S77N:S84N,S31N:T71S:K74I:S77N:S84N,5
S31N:A58T:K74I:Y106S,S31N:A58T:K74I:Y106S,4
K74I:T76S:S77N:S84N,K74I:T76S:S77N:S84N,4
K74I:S77N:S84N:R87T:Y106S,K74I:S77N:S84N:R87T:Y106S,5
S31N:T57S:A58T:K74I:Y95F,S31N:T57S:A58T:K74I:Y95F,5
S31N:A58T:K74I:S84N,S31N:A58T:K74I:S84N,4
T71S:K74I:T76S:S77N:Y95F,T71S:K74I:T76S:S77N:Y95F,5
S30N:I52S:A58T:T71S:S77N,S30N:I52S:A58T:T71S:S77N,5
T71S:K74I:S77N:R87T,T71S:K74I:S77N:R87T,4
S30N:I52S:T57S:A58T:N59A,S30N:I52S:T57S:A58T:N59A,5
F29S:S30N:K74I:S77N:S84N,F29S:S30N:K74I:S77N:S84N,5
T57S:T71S:K74I:S84N:Y95F,T57S:T71S:K74I:S84N:Y95F,5
S30N:I52S:A58T:S77N:R87T,S30N:I52S:A58T:S77N:R87T,5
S30N:I52S:A58T:S77N:Y95F,S30N:I52S:A58T:S77N:Y95F,5
T57S:K74I:S77N:R87T:Y95F,T57S:K74I:S77N:R87T:Y95F,5
S30N:N59A:K74I:T76S:S84N,S30N:N59A:K74I:T76S:S84N,5
F29S:A58T:S75F:S84N,F29S:A58T:S75F:S84N,4
T71S:K74I:T76S:S77N:S84N,T71S:K74I:T76S:S77N:S84N,5
N59A:K74I:T76S:S77N:Y106S,N59A:K74I:T76S:S77N:Y106S,5
S30N:I52S:A58T:S77N,S30N:I52S:A58T:S77N,4
T71S:K74I:T76S:Y106S,T71S:K74I:T76S:Y106S,4
S30N:T71S:K74I:S84N:Y95F,S30N:T71S:K74I:S84N:Y95F,5
S31N:T57S:Y95F:Y106S,S31N:T57S:Y95F:Y106S,4
S31N:I52S:A58T:R87T:Y106S,S31N:I52S:A58T:R87T:Y106S,5
F29S:S31N:T71S:K74I:S77N,F29S:S31N:T71S:K74I:S77N,5
K74I:T76S:S77N:S84N:R87T,K74I:T76S:S77N:S84N:R87T,5
S31N:T57S:T71S:S84N:Y95F,S31N:T57S:T71S:S84N:Y95F,5
I52S:A58T:S77N:S84N:R87T,I52S:A58T:S77N:S84N:R87T,5
S30N:S31N:N59A:K74I:S77N,S30N:S31N:N59A:K74I:S77N,5
F29S:A58T:T71S:S75F:T76S,F29S:A58T:T71S:S75F:T76S,5
S31N:I52S:A58T:S84N,S31N:I52S:A58T:S84N,4
S30N:K74I:S84N:Y95F:Y106S,S30N:K74I:S84N:Y95F:Y106S,5
N59A:K74I:S84N:Y106S,N59A:K74I:S84N:Y106S,4
F29S:N59A:S75F:S84N:R87T,F29S:N59A:S75F:S84N:R87T,5
F29S:N59A:S75F:S77N:S84N,F29S:N59A:S75F:S77N:S84N,5
F29S:S30N:T57S:S77N:R87T,F29S:S30N:T57S:S77N:R87T,5
S31N:T57S:R87T:Y106S,S31N:T57S:R87T:Y106S,4
F29S:S31N:K74I:Y95F,F29S:S31N:K74I:Y95F,4
N59A:K74I:T76S:S77N:R87T,N59A:K74I:T76S:S77N:R87T,5
S31N:T71S:T76S:S77N:S84N,S31N:T71S:T76S:S77N:S84N,5
A58T:T71S:K74I:T76S,A58T:T71S:K74I:T76S,4
S31N:T57S:S84N:Y106S,S31N:T57S:S84N:Y106S,4
S31N:I52S:A58T:S84N:Y106S,S31N:I52S:A58T:S84N:Y106S,5
I52S:A58T:T71S:S84N,I52S:A58T:T71S:S84N,4
S30N:T57S:K74I:Y95F:Y106S,S30N:T57S:K74I:Y95F:Y106S,5
F29S:N59A:S75F:S77N:Y95F,F29S:N59A:S75F:S77N:Y95F,5
F29S:N59A:S75F:R87T:Y95F,F29S:N59A:S75F:R87T:Y95F,5
T57S:K74I:S77N:R87T,T57S:K74I:S77N:R87T,4
S31N:T57S:A58T:K74I:S84N,S31N:T57S:A58T:K74I:S84N,5
N59A:T71S:K74I:S84N:Y95F,N59A:T71S:K74I:S84N:Y95F,5
T57S:N59A:T71S:K74I:Y106S,T57S:N59A:T71S:K74I:Y106S,5
S30N:N59A:K74I:S77N:Y106S,S30N:N59A:K74I:S77N:Y106S,5
F29S:K74I:S77N:S84N:Y95F,F29S:K74I:S77N:S84N:Y95F,5
I52S:A58T:N59A:S84N:Y106S,I52S:A58T:N59A:S84N:Y106S,5
S31N:T57S:T76S:R87T,S31N:T57S:T76S:R87T,4
S31N:I52S:A58T:T71S:S77N,S31N:I52S:A58T:T71S:S77N,5
F29S:A58T:S75F:T76S:S84N,F29S:A58T:S75F:T76S:S84N,5
S30N:S31N:I52S:A58T:T71S,S30N:S31N:I52S:A58T:T71S,5
I52S:A58T:T76S:S77N,I52S:A58T:T76S:S77N,4
S30N:I52S:A58T:S77N:Y106S,S30N:I52S:A58T:S77N:Y106S,5
N59A:K74I:S84N:Y95F:Y106S,N59A:K74I:S84N:Y95F:Y106S,5
T57S:K74I:S77N:S84N,T57S:K74I:S77N:S84N,4
K74I:T76S:S77N:S84N:Y106S,K74I:T76S:S77N:S84N:Y106S,5
F29S:S30N:T71S:K74I:S84N,F29S:S30N:T71S:K74I:S84N,5
F29S:A58T:S75F:S84N:Y95F,F29S:A58T:S75F:S84N:Y95F,5
I52S:A58T:S84N:R87T,I52S:A58T:S84N:R87T,4
S30N:S31N:A58T:K74I:T76S,S30N:S31N:A58T:K74I:T76S,5
T71S:K74I:R87T:Y95F,T71S:K74I:R87T:Y95F,4
I52S:A58T:S84N:Y95F:Y106S,I52S:A58T:S84N:Y95F:Y106S,5
A58T:K74I:T76S:R87T:Y106S,A58T:K74I:T76S:R87T:Y106S,5
F29S:T57S:N59A:S75F:S77N,F29S:T57S:N59A:S75F:S77N,5
F29S:T71S:K74I:S84N:R87T,F29S:T71S:K74I:S84N:R87T,5
N59A:K74I:S84N:Y95F,N59A:K74I:S84N:Y95F,4
I52S:A58T:T71S:R87T,I52S:A58T:T71S:R87T,4
T57S:N59A:T71S:K74I:S84N,T57S:N59A:T71S:K74I:S84N,5
S31N:T76S:S84N:R87T:Y106S,S31N:T76S:S84N:R87T:Y106S,5
F29S:T71S:K74I:R87T,F29S:T71S:K74I:R87T,4
S30N:N59A:K74I:T76S,S30N:N59A:K74I:T76S,4
I52S:A58T:T71S:T76S:S77N,I52S:A58T:T71S:T76S:S77N,5
F29S:N59A:S75F:T76S:Y95F,F29S:N59A:S75F:T76S:Y95F,5
I52S:A58T:S77N:R87T:Y95F,I52S:A58T:S77N:R87T:Y95F,5
T57S:A58T:T71S:K74I:R87T,T57S:A58T:T71S:K74I:R87T,5
S30N:I52S:A58T:R87T:Y95F,S30N:I52S:A58T:R87T:Y95F,5
S30N:S31N:T57S:N59A:K74I,S30N:S31N:T57S:N59A:K74I,5
I52S:A58T:T76S:S84N,I52S:A58T:T76S:S84N,4
S31N:I52S:A58T:T71S:Y106S,S31N:I52S:A58T:T71S:Y106S,5
I52S:A58T:T71S:Y95F:Y106S,I52S:A58T:T71S:Y95F:Y106S,5
N59A:T71S:K74I:S77N:R87T,N59A:T71S:K74I:S77N:R87T,5
T71S:K74I:R87T:Y95F:Y106S,T71S:K74I:R87T:Y95F:Y106S,5
S30N:I52S:A58T:T76S:R87T,S30N:I52S:A58T:T76S:R87T,5
T57S:N59A:K74I:T76S:S84N,T57S:N59A:K74I:T76S:S84N,5
F29S:K74I:T76S:R87T:Y95F,F29S:K74I:T76S:R87T:Y95F,5
S31N:T76S:R87T:Y106S,S31N:T76S:R87T:Y106S,4
I52S:A58T:N59A:T71S:S84N,I52S:A58T:N59A:T71S:S84N,5
S30N:N59A:T71S:K74I:Y106S,S30N:N59A:T71S:K74I:Y106S,5
I52S:A58T:N59A:S84N:Y95F,I52S:A58T:N59A:S84N:Y95F,5
S30N:T57S:K74I:S84N:Y95F,S30N:T57S:K74I:S84N:Y95F,5
I52S:A58T:T76S:S84N:R87T,I52S:A58T:T76S:S84N:R87T,5
F29S:N59A:T71S:S75F:Y95F,F29S:N59A:T71S:S75F:Y95F,5
F29S:I52S:T57S:A58T:N59A,F29S:I52S:T57S:A58T:N59A,5
F29S:S30N:N59A:K74I,F29S:S30N:N59A:K74I,4
S31N:T71S:T76S:R87T,S31N:T71S:T76S:R87T,4
S30N:S31N:T57S:T71S:R87T,S30N:S31N:T57S:T71S:R87T,5
S31N:T57S:T76S:R87T:Y95F,S31N:T57S:T76S:R87T:Y95F,5
T57S:N59A:K74I:S84N,T57S:N59A:K74I:S84N,4
S30N:S31N:I52S:T57S:S84N,S30N:S31N:I52S:T57S:S84N,5
A58T:K74I:T76S:R87T,A58T:K74I:T76S:R87T,4
S30N:I52S:A58T:R87T,S30N:I52S:A58T:R87T,4
S31N:I52S:A58T:N59A:S84N,S31N:I52S:A58T:N59A:S84N,5
S31N:T71S:S84N:Y106S,S31N:T71S:S84N:Y106S,4
I52S:A58T:N59A:Y95F:Y106S,I52S:A58T:N59A:Y95F:Y106S,5
I52S:A58T:R87T:Y95F,I52S:A58T:R87T:Y95F,4
S30N:T57S:N59A:K74I:S77N,S30N:T57S:N59A:K74I:S77N,5
A58T:K74I:T76S:Y95F,A58T:K74I:T76S:Y95F,4
I52S:A58T:N59A:S77N:R87T,I52S:A58T:N59A:S77N:R87T,5
S30N:I52S:A58T:T76S:Y95F,S30N:I52S:A58T:T76S:Y95F,5
N59A:T71S:K74I:R87T,N59A:T71S:K74I:R87T,4
F29S:T57S:T71S:S77N:S84N,F29S:T57S:T71S:S77N:S84N,5
S30N:S31N:T76S:R87T:Y95F,S30N:S31N:T76S:R87T:Y95F,5
T57S:T76S:R87T:Y95F:Y106S,T57S:T76S:R87T:Y95F:Y106S,5
A58T:T71S:K74I:Y106S,A58T:T71S:K74I:Y106S,4
I52S:A58T:N59A:R87T:Y95F,I52S:A58T:N59A:R87T:Y95F,5
S31N:T57S:S77N:Y106S,S31N:T57S:S77N:Y106S,4
I52S:A58T:N59A:T71S:Y95F,I52S:A58T:N59A:T71S:Y95F,5
S31N:T57S:S84N:Y95F,S31N:T57S:S84N:Y95F,4
S31N:T57S:T71S:S84N,S31N:T57S:T71S:S84N,4
I52S:A58T:S84N:Y106S,I52S:A58T:S84N:Y106S,4
F29S:T57S:N59A:S75F:Y95F,F29S:T57S:N59A:S75F:Y95F,5
S30N:S31N:T76S:Y95F,S30N:S31N:T76S:Y95F,4
F29S:S30N:T57S:T71S:K74I,F29S:S30N:T57S:T71S:K74I,5
I52S:A58T:N59A:S77N:S84N,I52S:A58T:N59A:S77N:S84N,5
S30N:S31N:I52S:T57S:S77N,S30N:S31N:I52S:T57S:S77N,5
S31N:T57S:T76S:S84N:Y106S,S31N:T57S:T76S:S84N:Y106S,5
S31N:A58T:T71S:K74I:S77N,S31N:A58T:T71S:K74I:S77N,5
F29S:A58T:N59A:S75F:T76S,F29S:A58T:N59A:S75F:T76S,5
F29S:T57S:N59A:S75F:S84N,F29S:T57S:N59A:S75F:S84N,5
F29S:N59A:T71S:K74I:Y95F,F29S:N59A:T71S:K74I:Y95F,5
S30N:I52S:A58T:T76S:S84N,S30N:I52S:A58T:T76S:S84N,5
S30N:S31N:T57S:T71S:Y106S,S30N:S31N:T57S:T71S:Y106S,5
T57S:N59A:T71S:K74I:R87T,T57S:N59A:T71S:K74I:R87T,5
F29S:K74I:S77N:R87T:Y95F,F29S:K74I:S77N:R87T:Y95F,5
S31N:T76S:S77N:Y95F:Y106S,S31N:T76S:S77N:Y95F:Y106S,5
S31N:T57S:R87T:Y95F,S31N:T57S:R87T:Y95F,4
A58T:T71S:K74I:S84N:R87T,A58T:T71S:K74I:S84N:R87T,5
T57S:A58T:T71S:K74I:T76S,T57S:A58T:T71S:K74I:T76S,5
S30N:I52S:A58T:T71S:Y106S,S30N:I52S:A58T:T71S:Y106S,5
S31N:A58T:K74I:S77N:S84N,S31N:A58T:K74I:S77N:S84N,5
S30N:S31N:T71S:S84N:Y95F,S30N:S31N:T71S:S84N:Y95F,5
F29S:S31N:T57S:K74I:S77N,F29S:S31N:T57S:K74I:S77N,5
S31N:I52S:N59A:R87T,S31N:I52S:N59A:R87T,4
F29S:S31N:I52S:T57S:S77N,F29S:S31N:I52S:T57S:S77N,5
S30N:N59A:K74I:S84N,S30N:N59A:K74I:S84N,4
T57S:T71S:Y95F:Y106S,T57S:T71S:Y95F:Y106S,4
S30N:S31N:S77N:R87T:Y95F,S30N:S31N:S77N:R87T:Y95F,5
S31N:I52S:A58T:N59A:T71S,S31N:I52S:A58T:N59A:T71S,5
A58T:T71S:K74I:Y95F,A58T:T71S:K74I:Y95F,4
F29S:A58T:N59A:T71S:S75F,F29S:A58T:N59A:T71S:S75F,5
S31N:I52S:T57S:T76S:S77N,S31N:I52S:T57S:T76S:S77N,5
S31N:A58T:K74I:S77N:Y95F,S31N:A58T:K74I:S77N:Y95F,5
S31N:T57S:A58T:T71S:K74I,S31N:T57S:A58T:T71S:K74I,5
S31N:T57S:S77N:S84N:R87T,S31N:T57S:S77N:S84N:R87T,5
F29S:A58T:N59A:S75F,F29S:A58T:N59A:S75F,4
S30N:N59A:K74I:Y106S,S30N:N59A:K74I:Y106S,4
A58T:K74I:T76S:S77N:Y95F,A58T:K74I:T76S:S77N:Y95F,5
S30N:N59A:T71S:K74I:S84N,S30N:N59A:T71S:K74I:S84N,5
S31N:I52S:N59A:Y95F,S31N:I52S:N59A:Y95F,4
S30N:S31N:I52S:T57S:R87T,S30N:S31N:I52S:T57S:R87T,5
S30N:S31N:A58T:K74I,S30N:S31N:A58T:K74I,4
T57S:S84N:Y95F:Y106S,T57S:S84N:Y95F:Y106S,4
F29S:S30N:R87T:Y95F,F29S:S30N:R87T:Y95F,4
F29S:N59A:K74I:T76S:S84N,F29S:N59A:K74I:T76S:S84N,5
S31N:T71S:S84N:R87T:Y95F,S31N:T71S:S84N:R87T:Y95F,5
S31N:T71S:S84N:Y95F,S31N:T71S:S84N:Y95F,4
I52S:A58T:N59A:T76S:Y95F,I52S:A58T:N59A:T76S:Y95F,5
S30N:S31N:S77N:S84N:R87T,S30N:S31N:S77N:S84N:R87T,5
S30N:S31N:T76S:S84N,S30N:S31N:T76S:S84N,4
F29S:K74I:S84N:R87T:Y95F,F29S:K74I:S84N:R87T:Y95F,5
T71S:T76S:S77N:S84N:R87T,T71S:T76S:S77N:S84N:R87T,5
S31N:T71S:S77N:Y106S,S31N:T71S:S77N:Y106S,4
S31N:I52S:T57S:S84N,S31N:I52S:T57S:S84N,4
S31N:T71S:T76S:S84N:Y106S,S31N:T71S:T76S:S84N:Y106S,5
T57S:A58T:K74I:T76S:Y95F,T57S:A58T:K74I:T76S:Y95F,5
S30N:T71S:T76S:R87T,S30N:T71S:T76S:R87T,4
S30N:S31N:T71S:S84N:R87T,S30N:S31N:T71S:S84N:R87T,5
S30N:N59A:K74I:S84N:Y106S,S30N:N59A:K74I:S84N:Y106S,5
I52S:A58T:N59A:T71S:T76S,I52S:A58T:N59A:T71S:T76S,5
S31N:T71S:S77N:S84N:R87T,S31N:T71S:S77N:S84N:R87T,5
S31N:A58T:N59A:K74I:S84N,S31N:A58T:N59A:K74I:S84N,5
S31N:I52S:A58T:N59A:S77N,S31N:I52S:A58T:N59A:S77N,5
S31N:I52S:T57S:R87T,S31N:I52S:T57S:R87T,4
S30N:S31N:T57S:Y95F:Y106S,S30N:S31N:T57S:Y95F:Y106S,5
T57S:T71S:S84N:Y95F:Y106S,T57S:T71S:S84N:Y95F:Y106S,5
F29S:S31N:T57S:N59A:K74I,F29S:S31N:T57S:N59A:K74I,5
S31N:T57S:S77N:S84N:Y106S,S31N:T57S:S77N:S84N:Y106S,5
F29S:S30N:S31N:S77N,F29S:S30N:S31N:S77N,4
S31N:T71S:T76S:S84N:R87T,S31N:T71S:T76S:S84N:R87T,5
S31N:T57S:T76S:S77N:Y95F,S31N:T57S:T76S:S77N:Y95F,5
F29S:S31N:N59A:K74I:S77N,F29S:S31N:N59A:K74I:S77N,5
S30N:A58T:K74I:T76S:S77N,S30N:A58T:K74I:T76S:S77N,5
A58T:K74I:S84N:Y95F,A58T:K74I:S84N:Y95F,4
F29S:S30N:S31N:I52S:A58T,F29S:S30N:S31N:I52S:A58T,5
S30N:S31N:I52S:T57S:T71S,S30N:S31N:I52S:T57S:T71S,5
T57S:T76S:S84N:Y106S,T57S:T76S:S84N:Y106S,4
S30N:S31N:T71S:S77N:Y106S,S30N:S31N:T71S:S77N:Y106S,5
A58T:T71S:K74I:S77N:Y106S,A58T:T71S:K74I:S77N:Y106S,5
A58T:K74I:T76S:S77N:Y106S,A58T:K74I:T76S:S77N:Y106S,5
S31N:I52S:T57S:N59A:S84N,S31N:I52S:T57S:N59A:S84N,5
S31N:T76S:S84N:Y95F:Y106S,S31N:T76S:S84N:Y95F:Y106S,5
S31N:T57S:S84N:R87T,S31N:T57S:S84N:R87T,4
T57S:N59A:K74I:S77N,T57S:N59A:K74I:S77N,4
S31N:T57S:N59A:R87T,S31N:T57S:N59A:R87T,4
T57S:S84N:R87T:Y106S,T57S:S84N:R87T:Y106S,4
A58T:K74I:S77N:R87T:Y106S,A58T:K74I:S77N:R87T:Y106S,5
S31N:T71S:T76S:Y95F:Y106S,S31N:T71S:T76S:Y95F:Y106S,5
S31N:T57S:T71S:S77N,S31N:T57S:T71S:S77N,4
F29S:T57S:T71S:K74I:S77N,F29S:T57S:T71S:K74I:S77N,5
S31N:T71S:S77N:Y95F:Y106S,S31N:T71S:S77N:Y95F:Y106S,5
S31N:T57S:A58T:N59A:K74I,S31N:T57S:A58T:N59A:K74I,5
T57S:T71S:R87T:Y95F:Y106S,T57S:T71S:R87T:Y95F:Y106S,5
S30N:S31N:I52S:T57S:Y106S,S30N:S31N:I52S:T57S:Y106S,5
F29S:S30N:T57S:A58T:T76S,F29S:S30N:T57S:A58T:T76S,5
S31N:I52S:S84N:Y106S,S31N:I52S:S84N:Y106S,4
F29S:I52S:T57S:T76S:R87T,F29S:I52S:T57S:T76S:R87T,5
S30N:S31N:T71S:S77N:S84N,S30N:S31N:T71S:S77N:S84N,5
T57S:T71S:T76S:S84N:R87T,T57S:T71S:T76S:S84N:R87T,5
T57S:A58T:T71S:K74I:Y106S,T57S:A58T:T71S:K74I:Y106S,5
S30N:S31N:A58T:T71S:R87T,S30N:S31N:A58T:T71S:R87T,5
S31N:A58T:S84N:R87T:Y106S,S31N:A58T:S84N:R87T:Y106S,5
S30N:T71S:T76S:S77N:S84N,S30N:T71S:T76S:S77N:S84N,5
S31N:I52S:R87T:Y95F:Y106S,S31N:I52S:R87T:Y95F:Y106S,5
S31N:I52S:T57S:Y95F:Y106S,S31N:I52S:T57S:Y95F:Y106S,5
S30N:S84N:R87T:Y95F:Y106S,S30N:S84N:R87T:Y95F:Y106S,5
F29S:T57S:T71S:K74I:Y95F,F29S:T57S:T71S:K74I:Y95F,5
S31N:T57S:A58T:S84N:Y95F,S31N:T57S:A58T:S84N:Y95F,5
S31N:S77N:S84N:R87T,S31N:S77N:S84N:R87T,4
S31N:T57S:T71S:T76S:S84N,S31N:T57S:T71S:T76S:S84N,5
S30N:S31N:A58T:S84N,S30N:S31N:A58T:S84N,4
S30N:S31N:T71S:T76S,S30N:S31N:T71S:T76S,4
S30N:I52S:A58T:N59A:T71S,S30N:I52S:A58T:N59A:T71S,5
S31N:T57S:A58T:K74I:S77N,S31N:T57S:A58T:K74I:S77N,5
S30N:I52S:A58T:T71S,S30N:I52S:A58T:T71S,4
A58T:K74I:S77N:S84N:Y106S,A58T:K74I:S77N:S84N:Y106S,5
S30N:S77N:S84N:Y95F:Y106S,S30N:S77N:S84N:Y95F:Y106S,5
S30N:T76S:R87T:Y95F:Y106S,S30N:T76S:R87T:Y95F:Y106S,5
F29S:I52S:S77N:R87T:Y95F,F29S:I52S:S77N:R87T:Y95F,5
S31N:N59A:S84N:Y95F,S31N:N59A:S84N:Y95F,4
F29S:I52S:T57S:T71S:Y95F,F29S:I52S:T57S:T71S:Y95F,5
S30N:S31N:N59A:T76S:R87T,S30N:S31N:N59A:T76S:R87T,5
S31N:N59A:T71S:T76S:Y106S,S31N:N59A:T71S:T76S:Y106S,5
F29S:S30N:I52S:A58T:S77N,F29S:S30N:I52S:A58T:S77N,5
S30N:T71S:T76S:S84N:Y95F,S30N:T71S:T76S:S84N:Y95F,5
S31N:T76S:S77N:R87T:Y95F,S31N:T76S:S77N:R87T:Y95F,5
S30N:A58T:K74I:S84N,S30N:A58T:K74I:S84N,4
S31N:I52S:T57S:R87T:Y106S,S31N:I52S:T57S:R87T:Y106S,5
S30N:I52S:A58T:N59A:T76S,S30N:I52S:A58T:N59A:T76S,5
S30N:S31N:T57S:S77N:Y106S,S30N:S31N:T57S:S77N:Y106S,5
S31N:I52S:N59A:T76S:S84N,S31N:I52S:N59A:T76S:S84N,5
F29S:T57S:K74I:T76S,F29S:T57S:K74I:T76S,4
T57S:A58T:T71S:K74I:S84N,T57S:A58T:T71S:K74I:S84N,5
S30N:S31N:T57S:N59A:R87T,S30N:S31N:T57S:N59A:R87T,5
F29S:I52S:T57S:R87T,F29S:I52S:T57S:R87T,4
S31N:A58T:S84N:R87T:Y95F,S31N:A58T:S84N:R87T:Y95F,5
F29S:S31N:I52S:T57S:Y95F,F29S:S31N:I52S:T57S:Y95F,5
F29S:T76S:S77N:Y95F,F29S:T76S:S77N:Y95F,4
S30N:S31N:A58T:T71S,S30N:S31N:A58T:T71S,4
A58T:K74I:S77N:S84N:R87T,A58T:K74I:S77N:S84N:R87T,5
T57S:A58T:K74I:S84N:R87T,T57S:A58T:K74I:S84N:R87T,5
T76S:S84N:R87T:Y95F,T76S:S84N:R87T:Y95F,4
F29S:I52S:A58T:T76S:R87T,F29S:I52S:A58T:T76S:R87T,5
S31N:T57S:A58T:R87T:Y95F,S31N:T57S:A58T:R87T:Y95F,5
F29S:T57S:T76S:Y95F,F29S:T57S:T76S:Y95F,4
S30N:S31N:T71S:Y95F,S30N:S31N:T71S:Y95F,4
S30N:S31N:T76S:S77N:Y106S,S30N:S31N:T76S:S77N:Y106S,5
S30N:A58T:T71S:K74I:Y106S,S30N:A58T:T71S:K74I:Y106S,5
F29S:S30N:S31N:I52S:S77N,F29S:S30N:S31N:I52S:S77N,5
S31N:T57S:N59A:R87T:Y95F,S31N:T57S:N59A:R87T:Y95F,5
I52S:T57S:N59A:T71S,I52S:T57S:N59A:T71S,4
S30N:S31N:T57S:N59A:Y106S,S30N:S31N:T57S:N59A:Y106S,5
S30N:S31N:A58T:T71S:S84N,S30N:S31N:A58T:T71S:S84N,5
A58T:K74I:S77N:S84N:Y95F,A58T:K74I:S77N:S84N:Y95F,5
S31N:I52S:S77N:Y95F,S31N:I52S:S77N:Y95F,4
S31N:T57S:A58T:T71S,S31N:T57S:A58T:T71S,4
S31N:T57S:A58T:T71S:S84N,S31N:T57S:A58T:T71S:S84N,5
S30N:T76S:S77N:R87T,S30N:T76S:S77N:R87T,4
F29S:S30N:S31N:I52S:R87T,F29S:S30N:S31N:I52S:R87T,5
F29S:I52S:A58T:T76S:S84N,F29S:I52S:A58T:T76S:S84N,5
S30N:A58T:K74I:T76S:Y106S,S30N:A58T:K74I:T76S:Y106S,5
S31N:I52S:N59A:Y95F:Y106S,S31N:I52S:N59A:Y95F:Y106S,5
F29S:S31N:I52S:T57S:S84N,F29S:S31N:I52S:T57S:S84N,5
I52S:T57S:T76S:Y95F,I52S:T57S:T76S:Y95F,4
S31N:T57S:N59A:T71S,S31N:T57S:N59A:T71S,4
S30N:T57S:T71S:T76S:Y106S,S30N:T57S:T71S:T76S:Y106S,5
S30N:S31N:I52S:T71S:R87T,S30N:S31N:I52S:T71S:R87T,5
S30N:I52S:T57S:S77N:S84N,S30N:I52S:T57S:S77N:S84N,5
S31N:N59A:S77N:R87T:Y95F,S31N:N59A:S77N:R87T:Y95F,5
S31N:I52S:T71S:T76S:R87T,S31N:I52S:T71S:T76S:R87T,5
F29S:S31N:I52S:T57S:R87T,F29S:S31N:I52S:T57S:R87T,5
S31N:A58T:T71S:S84N:Y106S,S31N:A58T:T71S:S84N:Y106S,5
A58T:N59A:K74I:T76S,A58T:N59A:K74I:T76S,4
S31N:N59A:T76S:R87T:Y106S,S31N:N59A:T76S:R87T:Y106S,5
S31N:I52S:T71S:S77N:R87T,S31N:I52S:T71S:S77N:R87T,5
S30N:T71S:T76S:S84N,S30N:T71S:T76S:S84N,4
S30N:S31N:I52S:R87T:Y106S,S30N:S31N:I52S:R87T:Y106S,5
S30N:S31N:N59A:R87T:Y106S,S30N:S31N:N59A:R87T:Y106S,5
S31N:A58T:T71S:R87T:Y95F,S31N:A58T:T71S:R87T:Y95F,5
S30N:S31N:I52S:S84N:Y95F,S30N:S31N:I52S:S84N:Y95F,5
T57S:T76S:S77N:R87T,T57S:T76S:S77N:R87T,4
S31N:T57S:N59A:T71S:R87T,S31N:T57S:N59A:T71S:R87T,5
F29S:T76S:S77N:S84N:Y95F,F29S:T76S:S77N:S84N:Y95F,5
S31N:I52S:T71S:Y106S,S31N:I52S:T71S:Y106S,4
F29S:S30N:T57S:T71S,F29S:S30N:T57S:T71S,4
T71S:T76S:S77N:S84N:Y95F,T71S:T76S:S77N:S84N:Y95F,5
S30N:T57S:T71S:R87T:Y95F,S30N:T57S:T71S:R87T:Y95F,5
T57S:S77N:S84N:R87T:Y106S,T57S:S77N:S84N:R87T:Y106S,5
S31N:N59A:T71S:Y106S,S31N:N59A:T71S:Y106S,4
S31N:N59A:T71S:S84N,S31N:N59A:T71S:S84N,4
S30N:S31N:T57S:S77N:S84N,S30N:S31N:T57S:S77N:S84N,5
S31N:I52S:T57S:S84N:Y106S,S31N:I52S:T57S:S84N:Y106S,5
S30N:A58T:K74I:T76S:Y95F,S30N:A58T:K74I:T76S:Y95F,5
S31N:N59A:Y95F:Y106S,S31N:N59A:Y95F:Y106S,4
F29S:T57S:K74I:S84N:R87T,F29S:T57S:K74I:S84N:R87T,5
S31N:N59A:S84N:R87T:Y95F,S31N:N59A:S84N:R87T:Y95F,5
S30N:I52S:T71S:S84N:R87T,S30N:I52S:T71S:S84N:R87T,5
S30N:T76S:S77N:Y95F,S30N:T76S:S77N:Y95F,4
F29S:S31N:T76S:R87T,F29S:S31N:T76S:R87T,4
S30N:S31N:A58T:R87T:Y106S,S30N:S31N:A58T:R87T:Y106S,5
S30N:A58T:K74I:Y106S,S30N:A58T:K74I:Y106S,4
A58T:T71S:S84N:R87T,A58T:T71S:S84N:R87T,4
A58T:N59A:T71S:K74I:S84N,A58T:N59A:T71S:K74I:S84N,5
A58T:N59A:K74I:S84N,A58T:N59A:K74I:S84N,4
F29S:S30N:I52S:S84N:Y95F,F29S:S30N:I52S:S84N:Y95F,5
F29S:I52S:S77N:S84N,F29S:I52S:S77N:S84N,4
F29S:I52S:S77N:S84N:Y95F,F29S:I52S:S77N:S84N:Y95F,5
F29S:S31N:I52S:A58T,F29S:S31N:I52S:A58T,4
S30N:S31N:T57S:N59A:T76S,S30N:S31N:T57S:N59A:T76S,5
T57S:A58T:K74I:S77N:Y95F,T57S:A58T:K74I:S77N:Y95F,5
S30N:S31N:I52S:T76S:R87T,S30N:S31N:I52S:T76S:R87T,5
S31N:N59A:T76S:S84N:R87T,S31N:N59A:T76S:S84N:R87T,5
S30N:S31N:I52S:T71S:T76S,S30N:S31N:I52S:T71S:T76S,5
S31N:I52S:T57S:T76S:Y95F,S31N:I52S:T57S:T76S:Y95F,5
F29S:S30N:I52S:A58T:R87T,F29S:S30N:I52S:A58T:R87T,5
S31N:T57S:N59A:S84N,S31N:T57S:N59A:S84N,4
F29S:N59A:K74I:T76S:R87T,F29S:N59A:K74I:T76S:R87T,5
F29S:I52S:S84N:R87T:Y95F,F29S:I52S:S84N:R87T:Y95F,5
A58T:N59A:K74I:S84N:R87T,A58T:N59A:K74I:S84N:R87T,5
S77N:R87T:Y95F:Y106S,S77N:R87T:Y95F:Y106S,4
T57S:T71S:S77N:R87T:Y106S,T57S:T71S:S77N:R87T:Y106S,5
I52S:T71S:S84N:Y95F,I52S:T71S:S84N:Y95F,4
F29S:T57S:A58T:K74I:T76S,F29S:T57S:A58T:K74I:T76S,5
S31N:I52S:Y95F:Y106S,S31N:I52S:Y95F:Y106S,4
S31N:A58T:T71S:Y106S,S31N:A58T:T71S:Y106S,4
I52S:T57S:N59A:T76S,I52S:T57S:N59A:T76S,4
T57S:A58T:S77N:R87T:Y95F,T57S:A58T:S77N:R87T:Y95F,5
I52S:T57S:T71S:S77N:Y95F,I52S:T57S:T71S:S77N:Y95F,5
T57S:S77N:R87T:Y106S,T57S:S77N:R87T:Y106S,4
S30N:T57S:T71S:T76S,S30N:T57S:T71S:T76S,4
S30N:A58T:K74I:R87T,S30N:A58T:K74I:R87T,4
T76S:S77N:R87T:Y95F,T76S:S77N:R87T:Y95F,4
S30N:N59A:T71S:T76S:S84N,S30N:N59A:T71S:T76S:S84N,5
I52S:T57S:T71S:S77N,I52S:T57S:T71S:S77N,4
T57S:A58T:T71S:K74I:S77N,T57S:A58T:T71S:K74I:S77N,5
A58T:N59A:K74I:R87T:Y106S,A58T:N59A:K74I:R87T:Y106S,5
S31N:I52S:T76S:S84N:Y106S,S31N:I52S:T76S:S84N:Y106S,5
S30N:S31N:S77N:S84N:Y95F,S30N:S31N:S77N:S84N:Y95F,5
F29S:S31N:T57S:S77N:Y95F,F29S:S31N:T57S:S77N:Y95F,5
S30N:S31N:I52S:N59A:R87T,S30N:S31N:I52S:N59A:R87T,5
S30N:S31N:I52S:S77N:S84N,S30N:S31N:I52S:S77N:S84N,5
T76S:S77N:Y95F:Y106S,T76S:S77N:Y95F:Y106S,4
S31N:T57S:A58T:T76S,S31N:T57S:A58T:T76S,4
S31N:N59A:T76S:S77N:Y106S,S31N:N59A:T76S:S77N:Y106S,5
S30N:S31N:N59A:S84N:Y95F,S30N:S31N:N59A:S84N:Y95F,5
S30N:T57S:T76S:S77N:Y106S,S30N:T57S:T76S:S77N:Y106S,5
S30N:T71S:T76S:Y95F,S30N:T71S:T76S:Y95F,4
F29S:S31N:T76S:S84N,F29S:S31N:T76S:S84N,4
F29S:I52S:T57S:T71S:S84N,F29S:I52S:T57S:T71S:S84N,5
S31N:T71S:S84N:R87T,S31N:T71S:S84N:R87T,4
S30N:S31N:T57S:S77N:Y95F,S30N:S31N:T57S:S77N:Y95F,5
F29S:S31N:I52S:R87T,F29S:S31N:I52S:R87T,4
N59A:T71S:T76S:S77N:S84N,N59A:T71S:T76S:S77N:S84N,5
S31N:I52S:T71S:S77N,S31N:I52S:T71S:S77N,4
S30N:S31N:I52S:S77N,S30N:S31N:I52S:S77N,4
S30N:T57S:T76S:Y95F,S30N:T57S:T76S:Y95F,4
A58T:T71S:T76S:R87T,A58T:T71S:T76S:R87T,4
I52S:T57S:T76S:S77N:S84N,I52S:T57S:T76S:S77N:S84N,5
S30N:I52S:S77N:S84N:R87T,S30N:I52S:S77N:S84N:R87T,5
S30N:S31N:T71S:R87T:Y106S,S30N:S31N:T71S:R87T:Y106S,5
I52S:T57S:N59A:S77N,I52S:T57S:N59A:S77N,4
T57S:A58T:N59A:S84N:R87T,T57S:A58T:N59A:S84N:R87T,5
F29S:S31N:I52S:S77N:Y95F,F29S:S31N:I52S:S77N:Y95F,5
I52S:N59A:S84N:R87T:Y95F,I52S:N59A:S84N:R87T:Y95F,5
A58T:T71S:T76S:S84N:R87T,A58T:T71S:T76S:S84N:R87T,5
S30N:T71S:S84N:R87T:Y106S,S30N:T71S:S84N:R87T:Y106S,5
I52S:N59A:T71S:R87T,I52S:N59A:T71S:R87T,4
S30N:S31N:A58T:S77N,S30N:S31N:A58T:S77N,4
S30N:S31N:A58T:T76S:S84N,S30N:S31N:A58T:T76S:S84N,5
S31N:I52S:S77N:R87T:Y95F,S31N:I52S:S77N:R87T:Y95F,5
A58T:N59A:K74I:S84N:Y106S,A58T:N59A:K74I:S84N:Y106S,5
I52S:N59A:T71S:S77N,I52S:N59A:T71S:S77N,4
S30N:S31N:N59A:T76S,S30N:S31N:N59A:T76S,4
T57S:T76S:S84N:Y95F:Y106S,T57S:T76S:S84N:Y95F:Y106S,5
S31N:I52S:T57S:T76S:S84N,S31N:I52S:T57S:T76S:S84N,5
S31N:I52S:N59A:S77N:S84N,S31N:I52S:N59A:S77N:S84N,5
F29S:S30N:I52S:T57S,F29S:S30N:I52S:T57S,4
S31N:N59A:T71S:Y95F:Y106S,S31N:N59A:T71S:Y95F:Y106S,5
S30N:A58T:K74I:R87T:Y95F,S30N:A58T:K74I:R87T:Y95F,5
S30N:S31N:A58T:T71S:T76S,S30N:S31N:A58T:T71S:T76S,5
I52S:T57S:S84N:R87T:Y95F,I52S:T57S:S84N:R87T:Y95F,5
S31N:A58T:S77N:R87T:Y106S,S31N:A58T:S77N:R87T:Y106S,5
I52S:T57S:T76S:S84N:R87T,I52S:T57S:T76S:S84N:R87T,5
F29S:I52S:S84N:Y95F,F29S:I52S:S84N:Y95F,4
A58T:T71S:T76S:Y95F,A58T:T71S:T76S:Y95F,4
S30N:S31N:A58T:Y106S,S30N:S31N:A58T:Y106S,4
F29S:T71S:S84N:R87T:Y95F,F29S:T71S:S84N:R87T:Y95F,5
I52S:N59A:T76S:R87T,I52S:N59A:T76S:R87T,4
S31N:I52S:T57S:T76S:Y106S,S31N:I52S:T57S:T76S:Y106S,5
I52S:T57S:N59A:Y95F,I52S:T57S:N59A:Y95F,4
I52S:T57S:T76S:S77N:R87T,I52S:T57S:T76S:S77N:R87T,5
S30N:N59A:T71S:R87T:Y106S,S30N:N59A:T71S:R87T:Y106S,5
F29S:S30N:I52S:T76S:S77N,F29S:S30N:I52S:T76S:S77N,5
A58T:S84N:R87T:Y106S,A58T:S84N:R87T:Y106S,4
S30N:S77N:R87T:Y95F:Y106S,S30N:S77N:R87T:Y95F:Y106S,5
F29S:S31N:I52S:A58T:S84N,F29S:S31N:I52S:A58T:S84N,5
S31N:I52S:S77N:S84N:Y95F,S31N:I52S:S77N:S84N:Y95F,5
S30N:T71S:S77N:R87T,S30N:T71S:S77N:R87T,4
A58T:N59A:K74I:T76S:S84N,A58T:N59A:K74I:T76S:S84N,5
F29S:S30N:S31N:T76S:Y95F,F29S:S30N:S31N:T76S:Y95F,5
A58T:T71S:S84N:Y95F:Y106S,A58T:T71S:S84N:Y95F:Y106S,5
S31N:T71S:Y95F:Y106S,S31N:T71S:Y95F:Y106S,4
I52S:N59A:T76S:S77N:R87T,I52S:N59A:T76S:S77N:R87T,5
S31N:A58T:T71S:Y95F:Y106S,S31N:A58T:T71S:Y95F:Y106S,5
A58T:N59A:K74I:T76S:S77N,A58T:N59A:K74I:T76S:S77N,5
S30N:S31N:I52S:S77N:Y95F,S30N:S31N:I52S:S77N:Y95F,5
T71S:S77N:S84N:Y95F,T71S:S77N:S84N:Y95F,4
S30N:S31N:N59A:T71S:Y106S,S30N:S31N:N59A:T71S:Y106S,5
I52S:S77N:S84N:Y95F,I52S:S77N:S84N:Y95F,4
I52S:S77N:S84N:R87T,I52S:S77N:S84N:R87T,4
S30N:T57S:S84N:Y95F:Y106S,S30N:T57S:S84N:Y95F:Y106S,5
S31N:A58T:T76S:S84N:Y106S,S31N:A58T:T76S:S84N:Y106S,5
T71S:T76S:S77N:Y95F,T71S:T76S:S77N:Y95F,4
S30N:I52S:T57S:N59A:T71S,S30N:I52S:T57S:N59A:T71S,5
S31N:N59A:T71S:T76S:R87T,S31N:N59A:T71S:T76S:R87T,5
S31N:T57S:N59A:T71S:T76S,S31N:T57S:N59A:T71S:T76S,5
S30N:S31N:I52S:T76S,S30N:S31N:I52S:T76S,4
A58T:T71S:S84N:R87T:Y95F,A58T:T71S:S84N:R87T:Y95F,5
F29S:S30N:I52S:T71S:T76S,F29S:S30N:I52S:T71S:T76S,5
I52S:T57S:T76S:R87T:Y95F,I52S:T57S:T76S:R87T:Y95F,5
S31N:A58T:N59A:K74I:S77N,S31N:A58T:N59A:K74I:S77N,5
S30N:I52S:T57S:S84N:R87T,S30N:I52S:T57S:S84N:R87T,5
S31N:A58T:S84N:Y95F:Y106S,S31N:A58T:S84N:Y95F:Y106S,5
I52S:T57S:T76S:S84N:Y95F,I52S:T57S:T76S:S84N:Y95F,5
S30N:I52S:N59A:S84N:R87T,S30N:I52S:N59A:S84N:R87T,5
A58T:T71S:T76S:S84N:Y95F,A58T:T71S:T76S:S84N:Y95F,5
S30N:I52S:T71S:Y95F,S30N:I52S:T71S:Y95F,4
F29S:I52S:T71S:S84N:Y95F,F29S:I52S:T71S:S84N:Y95F,5
A58T:T76S:R87T:Y95F,A58T:T76S:R87T:Y95F,4
S31N:I52S:T57S:T71S:T76S,S31N:I52S:T57S:T71S:T76S,5
I52S:T76S:S77N:R87T:Y95F,I52S:T76S:S77N:R87T:Y95F,5
A58T:N59A:K74I:Y95F:Y106S,A58T:N59A:K74I:Y95F:Y106S,5
I52S:T71S:T76S:R87T,I52S:T71S:T76S:R87T,4
S31N:N59A:T71S:T76S:S84N,S31N:N59A:T71S:T76S:S84N,5
S30N:S31N:T57S:A58T:T76S,S30N:S31N:T57S:A58T:T76S,5
S30N:S31N:I52S:T71S:Y106S,S30N:S31N:I52S:T71S:Y106S,5
I52S:N59A:S77N:R87T,I52S:N59A:S77N:R87T,4
I52S:N59A:T71S:S77N:R87T,I52S:N59A:T71S:S77N:R87T,5
F29S:S31N:I52S:Y95F,F29S:S31N:I52S:Y95F,4
A58T:T76S:S84N:R87T,A58T:T76S:S84N:R87T,4
F29S:T71S:T76S:S77N:S84N,F29S:T71S:T76S:S77N:S84N,5
F29S:I52S:N59A:T71S:R87T,F29S:I52S:N59A:T71S:R87T,5
S30N:A58T:T71S:S84N,S30N:A58T:T71S:S84N,4
I52S:N59A:T71S:T76S:S77N,I52S:N59A:T71S:T76S:S77N,5
S30N:S31N:T57S:N59A:T71S,S30N:S31N:T57S:N59A:T71S,5
S31N:A58T:N59A:R87T:Y106S,S31N:A58T:N59A:R87T:Y106S,5
F29S:S31N:I52S:S84N,F29S:S31N:I52S:S84N,4
I52S:N59A:R87T:Y95F:Y106S,I52S:N59A:R87T:Y95F:Y106S,5
F29S:I52S:T71S:Y95F,F29S:I52S:T71S:Y95F,4
S30N:I52S:T57S:T71S:S77N,S30N:I52S:T57S:T71S:S77N,5
I52S:T57S:T71S:R87T,I52S:T57S:T71S:R87T,4
S30N:T57S:A58T:T76S,S30N:T57S:A58T:T76S,4
F29S:S30N:I52S:S77N,F29S:S30N:I52S:S77N,4
I52S:T57S:T71S:S84N,I52S:T57S:T71S:S84N,4
S30N:I52S:T57S:R87T:Y106S,S30N:I52S:T57S:R87T:Y106S,5
N59A:T71S:T76S:Y106S,N59A:T71S:T76S:Y106S,4
S30N:I52S:T76S:S77N:S84N,S30N:I52S:T76S:S77N:S84N,5
S30N:N59A:T71S:R87T:Y95F,S30N:N59A:T71S:R87T:Y95F,5
F29S:T57S:K74I:S77N:R87T,F29S:T57S:K74I:S77N:R87T,5
F29S:S30N:I52S:A58T:T71S,F29S:S30N:I52S:A58T:T71S,5
F29S:S30N:S31N:I52S,F29S:S30N:S31N:I52S,4
I52S:T71S:S77N:S84N,I52S:T71S:S77N:S84N,4
F29S:I52S:T76S:S84N:R87T,F29S:I52S:T76S:S84N:R87T,5
T76S:S77N:S84N:R87T,T76S:S77N:S84N:R87T,4
F29S:S30N:I52S:S77N:S84N,F29S:S30N:I52S:S77N:S84N,5
S30N:A58T:T71S:S84N:Y95F,S30N:A58T:T71S:S84N:Y95F,5
I52S:S77N:S84N:Y106S,I52S:S77N:S84N:Y106S,4
T57S:N59A:T76S:S77N:S84N,T57S:N59A:T76S:S77N:S84N,5
T57S:N59A:T76S:R87T,T57S:N59A:T76S:R87T,4
F29S:I52S:T57S:N59A:R87T,F29S:I52S:T57S:N59A:R87T,5
F29S:I52S:T76S:R87T,F29S:I52S:T76S:R87T,4
F29S:T57S:N59A:S77N,F29S:T57S:N59A:S77N,4
I52S:T71S:T76S:S77N:R87T,I52S:T71S:T76S:S77N:R87T,5
S30N:T57S:T76S:Y95F:Y106S,S30N:T57S:T76S:Y95F:Y106S,5
S31N:N59A:S77N:Y95F,S31N:N59A:S77N:Y95F,4
I52S:N59A:T71S:T76S,I52S:N59A:T71S:T76S,4
F29S:I52S:A58T:Y95F,F29S:I52S:A58T:Y95F,4
F29S:I52S:T76S:Y95F,F29S:I52S:T76S:Y95F,4
A58T:T71S:T76S:S77N,A58T:T71S:T76S:S77N,4
I52S:R87T:Y95F:Y106S,I52S:R87T:Y95F:Y106S,4
S30N:I52S:S84N:R87T,S30N:I52S:S84N:R87T,4
S31N:N59A:T76S:S77N:Y95F,S31N:N59A:T76S:S77N:Y95F,5
I52S:N59A:T76S:S84N:Y95F,I52S:N59A:T76S:S84N:Y95F,5
A58T:T71S:S84N:Y95F,A58T:T71S:S84N:Y95F,4
S30N:S31N:A58T:T76S:S77N,S30N:S31N:A58T:T76S:S77N,5
S30N:I52S:N59A:R87T:Y95F,S30N:I52S:N59A:R87T:Y95F,5
F29S:S31N:I52S:R87T:Y95F,F29S:S31N:I52S:R87T:Y95F,5
I52S:T57S:T76S:Y95F:Y106S,I52S:T57S:T76S:Y95F:Y106S,5
F29S:S30N:S31N:I52S:N59A,F29S:S30N:S31N:I52S:N59A,5
S30N:I52S:N59A:S84N,S30N:I52S:N59A:S84N,4
S30N:T57S:N59A:T76S:Y106S,S30N:T57S:N59A:T76S:Y106S,5
F29S:I52S:A58T:N59A:R87T,F29S:I52S:A58T:N59A:R87T,5
T57S:A58T:S84N:R87T:Y106S,T57S:A58T:S84N:R87T:Y106S,5
S30N:A58T:T76S:S84N:R87T,S30N:A58T:T76S:S84N:R87T,5
S31N:I52S:T76S:S77N:Y95F,S31N:I52S:T76S:S77N:Y95F,5
S31N:N59A:T71S:S77N,S31N:N59A:T71S:S77N,4
F29S:S30N:I52S:T57S:N59A,F29S:S30N:I52S:T57S:N59A,5
A58T:T76S:S77N:Y106S,A58T:T76S:S77N:Y106S,4
S30N:T57S:A58T:K74I:T76S,S30N:T57S:A58T:K74I:T76S,5
T57S:A58T:T76S:S77N:S84N,T57S:A58T:T76S:S77N:S84N,5
S31N:A58T:S77N:R87T:Y95F,S31N:A58T:S77N:R87T:Y95F,5
F29S:I52S:N59A:R87T:Y95F,F29S:I52S:N59A:R87T:Y95F,5
N59A:T76S:S77N:R87T,N59A:T76S:S77N:R87T,4
S30N:S31N:I52S:S77N:Y106S,S30N:S31N:I52S:S77N:Y106S,5
T76S:S84N:Y95F:Y106S,T76S:S84N:Y95F:Y106S,4
S30N:T57S:A58T:T71S:S77N,S30N:T57S:A58T:T71S:S77N,5
N59A:T71S:T76S:S84N:R87T,N59A:T71S:T76S:S84N:R87T,5
S31N:T57S:A58T:S77N:Y106S,S31N:T57S:A58T:S77N:Y106S,5
S31N:I52S:T76S:S77N,S31N:I52S:T76S:S77N,4
S31N:A58T:S77N:S84N:Y95F,S31N:A58T:S77N:S84N:Y95F,5
T71S:T76S:S77N:R87T:Y106S,T71S:T76S:S77N:R87T:Y106S,5
F29S:T57S:N59A:K74I:S84N,F29S:T57S:N59A:K74I:S84N,5
N59A:S84N:Y95F:Y106S,N59A:S84N:Y95F:Y106S,4
T57S:A58T:T71S:S84N,T57S:A58T:T71S:S84N,4
S30N:I52S:S77N:S84N,S30N:I52S:S77N:S84N,4
N59A:R87T:Y95F:Y106S,N59A:R87T:Y95F:Y106S,4
F29S:T57S:K74I:R87T:Y95F,F29S:T57S:K74I:R87T:Y95F,5
I52S:T57S:N59A:S84N:Y106S,I52S:T57S:N59A:S84N:Y106S,5
A58T:T76S:S77N:S84N,A58T:T76S:S77N:S84N,4
I52S:T57S:S84N:Y95F,I52S:T57S:S84N:Y95F,4
T57S:A58T:N59A:T76S:R87T,T57S:A58T:N59A:T76S:R87T,5
F29S:S30N:A58T:K74I:S77N,F29S:S30N:A58T:K74I:S77N,5
S31N:N59A:S77N:Y106S,S31N:N59A:S77N:Y106S,4
I52S:T71S:T76S:S84N:Y95F,I52S:T71S:T76S:S84N:Y95F,5
I52S:T71S:T76S:S77N:Y95F,I52S:T71S:T76S:S77N:Y95F,5
I52S:N59A:S77N:S84N:R87T,I52S:N59A:S77N:S84N:R87T,5
I52S:T57S:T76S:S77N:Y106S,I52S:T57S:T76S:S77N:Y106S,5
S30N:A58T:T71S:Y95F,S30N:A58T:T71S:Y95F,4
F29S:S30N:S31N:I52S:T71S,F29S:S30N:S31N:I52S:T71S,5
F29S:N59A:T76S:S77N:S84N,F29S:N59A:T76S:S77N:S84N,5
S30N:I52S:S77N:S84N:Y95F,S30N:I52S:S77N:S84N:Y95F,5
T57S:N59A:R87T:Y106S,T57S:N59A:R87T:Y106S,4
T57S:A58T:T71S:Y95F,T57S:A58T:T71S:Y95F,4
F29S:S30N:A58T:K74I:S84N,F29S:S30N:A58T:K74I:S84N,5
F29S:A58T:T71S:K74I:R87T,F29S:A58T:T71S:K74I:R87T,5
A58T:R87T:Y95F:Y106S,A58T:R87T:Y95F:Y106S,4
A58T:T76S:S84N:Y95F:Y106S,A58T:T76S:S84N:Y95F:Y106S,5
A58T:T76S:S77N:R87T:Y106S,A58T:T76S:S77N:R87T:Y106S,5
T57S:A58T:N59A:T71S:S77N,T57S:A58T:N59A:T71S:S77N,5
I52S:T57S:T71S:Y95F:Y106S,I52S:T57S:T71S:Y95F:Y106S,5
S30N:T57S:A58T:T76S:S77N,S30N:T57S:A58T:T76S:S77N,5
I52S:T71S:R87T:Y106S,I52S:T71S:R87T:Y106S,4
F29S:N59A:T71S:K74I:R87T,F29S:N59A:T71S:K74I:R87T,5
S30N:I52S:T57S:S77N:Y106S,S30N:I52S:T57S:S77N:Y106S,5
I52S:N59A:T71S:Y95F:Y106S,I52S:N59A:T71S:Y95F:Y106S,5
F29S:I52S:N59A:S84N,F29S:I52S:N59A:S84N,4
T71S:T76S:S77N:S84N,T71S:T76S:S77N:S84N,4
S31N:A58T:T76S:S77N,S31N:A58T:T76S:S77N,4
A58T:S77N:R87T:Y106S,A58T:S77N:R87T:Y106S,4
S30N:A58T:T71S:Y106S,S30N:A58T:T71S:Y106S,4
S31N:T57S:N59A:T76S:S84N,S31N:T57S:N59A:T76S:S84N,5
S30N:I52S:T76S:S84N:Y106S,S30N:I52S:T76S:S84N:Y106S,5
N59A:T76S:R87T:Y95F:Y106S,N59A:T76S:R87T:Y95F:Y106S,5
T57S:N59A:Y95F:Y106S,T57S:N59A:Y95F:Y106S,4
S30N:A58T:T71S:S84N:R87T,S30N:A58T:T71S:S84N:R87T,5
F29S:S31N:T57S:T76S:S84N,F29S:S31N:T57S:T76S:S84N,5
S30N:T57S:A58T:K74I,S30N:T57S:A58T:K74I,4
A58T:N59A:T71S:K74I:R87T,A58T:N59A:T71S:K74I:R87T,5
T57S:A58T:S77N:S84N:Y95F,T57S:A58T:S77N:S84N:Y95F,5
I52S:N59A:T71S:T76S:Y95F,I52S:N59A:T71S:T76S:Y95F,5
I52S:T57S:Y95F:Y106S,I52S:T57S:Y95F:Y106S,4
S30N:I52S:T71S:S77N:Y95F,S30N:I52S:T71S:S77N:Y95F,5
S30N:S31N:A58T:S77N:R87T,S30N:S31N:A58T:S77N:R87T,5
S31N:I52S:T76S:Y95F:Y106S,S31N:I52S:T76S:Y95F:Y106S,5
S30N:I52S:T57S:T76S,S30N:I52S:T57S:T76S,4
S31N:A58T:S77N:S84N,S31N:A58T:S77N:S84N,4
I52S:T57S:T76S:R87T:Y106S,I52S:T57S:T76S:R87T:Y106S,5
T57S:A58T:N59A:S84N:Y95F,T57S:A58T:N59A:S84N:Y95F,5
I52S:S77N:R87T:Y106S,I52S:S77N:R87T:Y106S,4
I52S:T76S:S84N:R87T:Y106S,I52S:T76S:S84N:R87T:Y106S,5
S31N:A58T:N59A:T71S:S84N,S31N:A58T:N59A:T71S:S84N,5
S30N:T57S:N59A:Y106S,S30N:T57S:N59A:Y106S,4
S30N:I52S:T71S:S84N:Y106S,S30N:I52S:T71S:S84N:Y106S,5
I52S:N59A:T76S:Y106S,I52S:N59A:T76S:Y106S,4
T57S:N59A:T76S:R87T:Y95F,T57S:N59A:T76S:R87T:Y95F,5
N59A:T76S:S77N:R87T:Y95F,N59A:T76S:S77N:R87T:Y95F,5
S30N:N59A:S84N:R87T:Y106S,S30N:N59A:S84N:R87T:Y106S,5
T71S:T76S:Y95F:Y106S,T71S:T76S:Y95F:Y106S,4
F29S:I52S:T57S:N59A:S84N,F29S:I52S:T57S:N59A:S84N,5
F29S:S30N:T71S:S77N:Y95F,F29S:S30N:T71S:S77N:Y95F,5
S30N:T57S:N59A:T71S:R87T,S30N:T57S:N59A:T71S:R87T,5
I52S:N59A:T71S:T76S:S84N,I52S:N59A:T71S:T76S:S84N,5
I52S:S77N:R87T:Y95F,I52S:S77N:R87T:Y95F,4
T57S:N59A:S84N:Y106S,T57S:N59A:S84N:Y106S,4
T57S:A58T:N59A:Y95F,T57S:A58T:N59A:Y95F,4
S31N:T57S:A58T:N59A:Y95F,S31N:T57S:A58T:N59A:Y95F,5
T57S:N59A:T71S:R87T,T57S:N59A:T71S:R87T,4
F29S:N59A:K74I:S77N:Y95F,F29S:N59A:K74I:S77N:Y95F,5
T57S:A58T:S84N:Y95F,T57S:A58T:S84N:Y95F,4
S31N:A58T:N59A:S84N:Y106S,S31N:A58T:N59A:S84N:Y106S,5
S30N:I52S:T71S:S77N,S30N:I52S:T71S:S77N,4
I52S:T71S:S77N:Y95F:Y106S,I52S:T71S:S77N:Y95F:Y106S,5
S30N:I52S:T76S:S84N,S30N:I52S:T76S:S84N,4
S30N:T57S:N59A:S84N:Y106S,S30N:T57S:N59A:S84N:Y106S,5
S31N:T57S:N59A:T76S:Y95F,S31N:T57S:N59A:T76S:Y95F,5
S30N:A58T:S84N:Y95F,S30N:A58T:S84N:Y95F,4
S30N:A58T:T76S:Y95F,S30N:A58T:T76S:Y95F,4
T76S:S77N:S84N:Y95F:Y106S,T76S:S77N:S84N:Y95F:Y106S,5
F29S:I52S:N59A:S77N:S84N,F29S:I52S:N59A:S77N:S84N,5
I52S:T57S:N59A:T71S:Y106S,I52S:T57S:N59A:T71S:Y106S,5
S30N:A58T:S77N:Y95F,S30N:A58T:S77N:Y95F,4
S30N:I52S:T57S:Y95F:Y106S,S30N:I52S:T57S:Y95F:Y106S,5
S31N:T57S:A58T:S77N:Y95F,S31N:T57S:A58T:S77N:Y95F,5
S30N:A58T:S84N:R87T:Y106S,S30N:A58T:S84N:R87T:Y106S,5
T57S:N59A:S77N:R87T,T57S:N59A:S77N:R87T,4
A58T:T71S:T76S:S77N:Y95F,A58T:T71S:T76S:S77N:Y95F,5
S30N:T57S:A58T:R87T,S30N:T57S:A58T:R87T,4
S30N:T57S:A58T:T71S:R87T,S30N:T57S:A58T:T71S:R87T,5
F29S:S30N:S31N:A58T:K74I,F29S:S30N:S31N:A58T:K74I,5
S30N:T57S:T71S:S77N:Y95F,S30N:T57S:T71S:S77N:Y95F,5
A58T:S77N:R87T:Y95F,A58T:S77N:R87T:Y95F,4
S30N:I52S:T71S:Y95F:Y106S,S30N:I52S:T71S:Y95F:Y106S,5
I52S:T57S:R87T:Y95F:Y106S,I52S:T57S:R87T:Y95F:Y106S,5
T57S:N59A:S84N:Y95F,T57S:N59A:S84N:Y95F,4
A58T:T71S:S84N:Y106S,A58T:T71S:S84N:Y106S,4
F29S:T71S:T76S:Y95F,F29S:T71S:T76S:Y95F,4
F29S:S30N:A58T:K74I:R87T,F29S:S30N:A58T:K74I:R87T,5
S30N:A58T:T71S:T76S:Y95F,S30N:A58T:T71S:T76S:Y95F,5
F29S:S30N:I52S:N59A:R87T,F29S:S30N:I52S:N59A:R87T,5
S31N:A58T:N59A:Y106S,S31N:A58T:N59A:Y106S,4
I52S:T57S:S84N:Y106S,I52S:T57S:S84N:Y106S,4
A58T:N59A:K74I:S77N:Y106S,A58T:N59A:K74I:S77N:Y106S,5
A58T:T71S:S77N:Y95F,A58T:T71S:S77N:Y95F,4
S30N:N59A:T76S:R87T,S30N:N59A:T76S:R87T,4
S31N:A58T:N59A:S84N:Y95F,S31N:A58T:N59A:S84N:Y95F,5
I52S:T71S:T76S:R87T:Y95F,I52S:T71S:T76S:R87T:Y95F,5
N59A:T71S:T76S:R87T:Y95F,N59A:T71S:T76S:R87T:Y95F,5
S30N:A58T:Y95F:Y106S,S30N:A58T:Y95F:Y106S,4
F29S:S30N:S31N:T76S:S84N,F29S:S30N:S31N:T76S:S84N,5
N59A:T71S:S84N:R87T:Y95F,N59A:T71S:S84N:R87T:Y95F,5
S30N:T71S:Y95F:Y106S,S30N:T71S:Y95F:Y106S,4
T57S:A58T:S84N:Y95F:Y106S,T57S:A58T:S84N:Y95F:Y106S,5
I52S:T57S:T71S:Y106S,I52S:T57S:T71S:Y106S,4
S30N:I52S:T76S:Y106S,S30N:I52S:T76S:Y106S,4
F29S:S31N:T71S:T76S:Y95F,F29S:S31N:T71S:T76S:Y95F,5
T71S:S77N:R87T:Y95F:Y106S,T71S:S77N:R87T:Y95F:Y106S,5
S30N:A58T:T76S:S77N:R87T,S30N:A58T:T76S:S77N:R87T,5
S31N:A58T:N59A:T76S,S31N:A58T:N59A:T76S,4
S30N:S31N:N59A:S77N:Y95F,S30N:S31N:N59A:S77N:Y95F,5
S30N:N59A:T76S:S84N:Y106S,S30N:N59A:T76S:S84N:Y106S,5
N59A:T76S:S77N:S84N:Y95F,N59A:T76S:S77N:S84N:Y95F,5
S30N:T57S:A58T:T71S:S84N,S30N:T57S:A58T:T71S:S84N,5
S30N:T76S:S77N:S84N:R87T,S30N:T76S:S77N:S84N:R87T,5
I52S:T71S:T76S:R87T:Y106S,I52S:T71S:T76S:R87T:Y106S,5
A58T:N59A:K74I:S77N:R87T,A58T:N59A:K74I:S77N:R87T,5
S30N:T57S:A58T:K74I:Y106S,S30N:T57S:A58T:K74I:Y106S,5
S30N:T57S:N59A:S84N:R87T,S30N:T57S:N59A:S84N:R87T,5
N59A:T76S:S84N:R87T:Y95F,N59A:T76S:S84N:R87T:Y95F,5
S30N:I52S:T71S:Y106S,S30N:I52S:T71S:Y106S,4
S30N:T57S:A58T:R87T:Y95F,S30N:T57S:A58T:R87T:Y95F,5
A58T:T71S:S77N:S84N:R87T,A58T:T71S:S77N:S84N:R87T,5
S30N:N59A:Y95F:Y106S,S30N:N59A:Y95F:Y106S,4
I52S:S77N:R87T:Y95F:Y106S,I52S:S77N:R87T:Y95F:Y106S,5
F29S:S31N:I52S:N59A:Y95F,F29S:S31N:I52S:N59A:Y95F,5
S30N:T71S:T76S:S77N:Y95F,S30N:T71S:T76S:S77N:Y95F,5
S31N:A58T:N59A:T71S,S31N:A58T:N59A:T71S,4
S30N:S31N:N59A:S77N:R87T,S30N:S31N:N59A:S77N:R87T,5
S31N:A58T:N59A:R87T:Y95F,S31N:A58T:N59A:R87T:Y95F,5
S30N:I52S:T57S:N59A:Y106S,S30N:I52S:T57S:N59A:Y106S,5
S30N:A58T:T76S:S77N:S84N,S30N:A58T:T76S:S77N:S84N,5
A58T:S77N:S84N:Y95F,A58T:S77N:S84N:Y95F,4
A58T:T76S:S77N:S84N:Y106S,A58T:T76S:S77N:S84N:Y106S,5
S30N:T57S:A58T:T76S:S84N,S30N:T57S:A58T:T76S:S84N,5
S30N:A58T:T76S:S77N:Y106S,S30N:A58T:T76S:S77N:Y106S,5
F29S:I52S:A58T:N59A:T76S,F29S:I52S:A58T:N59A:T76S,5
T57S:N59A:T76S:S84N:Y95F,T57S:N59A:T76S:S84N:Y95F,5
I52S:N59A:T71S:S77N:Y106S,I52S:N59A:T71S:S77N:Y106S,5
F29S:N59A:T71S:K74I:S84N,F29S:N59A:T71S:K74I:S84N,5
S30N:T57S:N59A:R87T:Y95F,S30N:T57S:N59A:R87T:Y95F,5
S30N:I52S:S77N:R87T:Y106S,S30N:I52S:S77N:R87T:Y106S,5
S30N:I52S:S77N:Y95F:Y106S,S30N:I52S:S77N:Y95F:Y106S,5
S30N:N59A:T76S:S77N,S30N:N59A:T76S:S77N,4
S30N:T57S:N59A:S84N:Y95F,S30N:T57S:N59A:S84N:Y95F,5
T57S:A58T:T71S:S84N:Y106S,T57S:A58T:T71S:S84N:Y106S,5
S30N:A58T:S77N:Y106S,S30N:A58T:S77N:Y106S,4
I52S:N59A:T76S:S77N:Y106S,I52S:N59A:T76S:S77N:Y106S,5
S30N:T57S:A58T:Y95F,S30N:T57S:A58T:Y95F,4
S30N:T57S:N59A:T76S:R87T,S30N:T57S:N59A:T76S:R87T,5
S30N:A58T:S77N:R87T,S30N:A58T:S77N:R87T,4
A58T:T71S:S77N:R87T:Y106S,A58T:T71S:S77N:R87T:Y106S,5
S30N:T57S:A58T:T76S:Y95F,S30N:T57S:A58T:T76S:Y95F,5
T57S:A58T:N59A:K74I:Y95F,T57S:A58T:N59A:K74I:Y95F,5
S30N:N59A:S84N:Y95F,S30N:N59A:S84N:Y95F,4
S30N:N59A:T76S:S84N:Y95F,S30N:N59A:T76S:S84N:Y95F,5
T57S:A58T:N59A:K74I:T76S,T57S:A58T:N59A:K74I:T76S,5
F29S:S31N:S77N:S84N:Y95F,F29S:S31N:S77N:S84N:Y95F,5
A58T:N59A:T76S:S84N,A58T:N59A:T76S:S84N,4
S30N:T57S:A58T:T76S:Y106S,S30N:T57S:A58T:T76S:Y106S,5
S30N:T57S:N59A:S77N:R87T,S30N:T57S:N59A:S77N:R87T,5
A58T:N59A:S77N:R87T:Y106S,A58T:N59A:S77N:R87T:Y106S,5
S30N:S31N:A58T:N59A:Y106S,S30N:S31N:A58T:N59A:Y106S,5
F29S:T57S:N59A:T71S:K74I,F29S:T57S:N59A:T71S:K74I,5
A58T:N59A:T76S:S84N:Y106S,A58T:N59A:T76S:S84N:Y106S,5
S30N:A58T:T76S:R87T:Y106S,S30N:A58T:T76S:R87T:Y106S,5
T57S:A58T:T76S:R87T,T57S:A58T:T76S:R87T,4
T57S:A58T:N59A:S77N:Y95F,T57S:A58T:N59A:S77N:Y95F,5
T57S:A58T:N59A:R87T:Y95F,T57S:A58T:N59A:R87T:Y95F,5
S30N:A58T:N59A:T71S:R87T,S30N:A58T:N59A:T71S:R87T,5
T57S:A58T:T71S:T76S:S77N,T57S:A58T:T71S:T76S:S77N,5
S30N:N59A:T76S:Y106S,S30N:N59A:T76S:Y106S,4
S30N:I52S:T71S:S77N:Y106S,S30N:I52S:T71S:S77N:Y106S,5
S30N:A58T:S77N:S84N,S30N:A58T:S77N:S84N,4
A58T:N59A:T71S:T76S:Y106S,A58T:N59A:T71S:T76S:Y106S,5
N59A:T71S:S77N:S84N,N59A:T71S:S77N:S84N,4
S31N:A58T:N59A:Y95F:Y106S,S31N:A58T:N59A:Y95F:Y106S,5
A58T:N59A:T71S:T76S:Y95F,A58T:N59A:T71S:T76S:Y95F,5
S30N:A58T:T76S:S77N:Y95F,S30N:A58T:T76S:S77N:Y95F,5
S30N:I52S:N59A:S77N:Y106S,S30N:I52S:N59A:S77N:Y106S,5
T57S:N59A:T76S:S77N:Y95F,T57S:N59A:T76S:S77N:Y95F,5
S30N:N59A:T71S:S77N:R87T,S30N:N59A:T71S:S77N:R87T,5
S30N:S31N:T71S:Y106S,S30N:S31N:T71S:Y106S,4
F29S:A58T:K74I:T76S:S77N,F29S:A58T:K74I:T76S:S77N,5
A58T:N59A:T71S:R87T:Y106S,A58T:N59A:T71S:R87T:Y106S,5
A58T:N59A:S77N:Y95F,A58T:N59A:S77N:Y95F,4
F29S:S31N:A58T:K74I:S84N,F29S:S31N:A58T:K74I:S84N,5
T57S:N59A:S77N:S84N,T57S:N59A:S77N:S84N,4
F29S:S30N:S31N:T71S:T76S,F29S:S30N:S31N:T71S:T76S,5
F29S:I52S:N59A:T76S,F29S:I52S:N59A:T76S,4
S30N:T57S:A58T:T71S,S30N:T57S:A58T:T71S,4
T57S:A58T:S77N:Y106S,T57S:A58T:S77N:Y106S,4
S30N:A58T:N59A:K74I:T76S,S30N:A58T:N59A:K74I:T76S,5
T57S:A58T:S77N:R87T:Y106S,T57S:A58T:S77N:R87T:Y106S,5
F29S:T57S:A58T:K74I:S77N,F29S:T57S:A58T:K74I:S77N,5
S30N:T57S:A58T:S84N,S30N:T57S:A58T:S84N,4
F29S:A58T:K74I:S84N:R87T,F29S:A58T:K74I:S84N:R87T,5
S30N:S31N:A58T:N59A,S30N:S31N:A58T:N59A,4
T57S:A58T:S77N:Y95F:Y106S,T57S:A58T:S77N:Y95F:Y106S,5
F29S:S30N:S31N:T57S:T76S,F29S:S30N:S31N:T57S:T76S,5
S31N:A58T:N59A:S77N:Y106S,S31N:A58T:N59A:S77N:Y106S,5
T71S:S84N:R87T:Y106S,T71S:S84N:R87T:Y106S,4
A58T:N59A:T76S:Y95F,A58T:N59A:T76S:Y95F,4
S30N:I52S:T57S:T71S:Y106S,S30N:I52S:T57S:T71S:Y106S,5
T57S:A58T:T76S:S77N:Y95F,T57S:A58T:T76S:S77N:Y95F,5
N59A:T71S:S77N:Y95F:Y106S,N59A:T71S:S77N:Y95F:Y106S,5
F29S:A58T:K74I:T76S:Y95F,F29S:A58T:K74I:T76S:Y95F,5
A58T:N59A:T71S:T76S,A58T:N59A:T71S:T76S,4
A58T:N59A:T71S:S77N:Y95F,A58T:N59A:T71S:S77N:Y95F,5
T57S:A58T:T71S:S77N:R87T,T57S:A58T:T71S:S77N:R87T,5
S30N:T57S:N59A:T76S:S84N,S30N:T57S:N59A:T76S:S84N,5
N59A:T76S:S77N:Y95F:Y106S,N59A:T76S:S77N:Y95F:Y106S,5
S30N:A58T:N59A:K74I,S30N:A58T:N59A:K74I,4
F29S:S31N:I52S:N59A:T76S,F29S:S31N:I52S:N59A:T76S,5
S30N:T57S:A58T:S77N:Y95F,S30N:T57S:A58T:S77N:Y95F,5
S30N:N59A:S77N:R87T:Y106S,S30N:N59A:S77N:R87T:Y106S,5
T57S:A58T:N59A:T71S:R87T,T57S:A58T:N59A:T71S:R87T,5
A58T:N59A:T71S:S84N:Y106S,A58T:N59A:T71S:S84N:Y106S,5
N59A:T71S:S77N:Y95F,N59A:T71S:S77N:Y95F,4
F29S:S31N:T71S:S77N,F29S:S31N:T71S:S77N,4
F29S:T57S:N59A:K74I:R87T,F29S:T57S:N59A:K74I:R87T,5
F29S:N59A:K74I:R87T:Y95F,F29S:N59A:K74I:R87T:Y95F,5
S30N:N59A:T71S:S77N:S84N,S30N:N59A:T71S:S77N:S84N,5
A58T:N59A:S84N:Y95F,A58T:N59A:S84N:Y95F,4
S30N:T57S:A58T:S77N,S30N:T57S:A58T:S77N,4
F29S:T57S:N59A:T71S:R87T,F29S:T57S:N59A:T71S:R87T,5
A58T:N59A:K74I:S77N,A58T:N59A:K74I:S77N,4
S31N:A58T:N59A:S77N:S84N,S31N:A58T:N59A:S77N:S84N,5
S30N:T57S:N59A:S77N:Y95F,S30N:T57S:N59A:S77N:Y95F,5
A58T:N59A:T71S:S84N:R87T,A58T:N59A:T71S:S84N:R87T,5
A58T:N59A:S84N:Y106S,A58T:N59A:S84N:Y106S,4
S30N:T57S:A58T:T71S:Y106S,S30N:T57S:A58T:T71S:Y106S,5
T57S:A58T:N59A:T76S:Y106S,T57S:A58T:N59A:T76S:Y106S,5
A58T:N59A:S84N:Y95F:Y106S,A58T:N59A:S84N:Y95F:Y106S,5
F29S:S30N:T71S:T76S:Y95F,F29S:S30N:T71S:T76S:Y95F,5
S31N:A58T:N59A:S77N:Y95F,S31N:A58T:N59A:S77N:Y95F,5
F29S:A58T:K74I:S77N,F29S:A58T:K74I:S77N,4
T57S:A58T:N59A:Y95F:Y106S,T57S:A58T:N59A:Y95F:Y106S,5
A58T:N59A:T71S:S77N:R87T,A58T:N59A:T71S:S77N:R87T,5
N59A:T71S:T76S:S77N:Y95F,N59A:T71S:T76S:S77N:Y95F,5
F29S:A58T:T71S:K74I:T76S,F29S:A58T:T71S:K74I:T76S,5
T57S:A58T:N59A:T71S:S84N,T57S:A58T:N59A:T71S:S84N,5
F29S:S31N:T76S:S77N,F29S:S31N:T76S:S77N,4
F29S:T71S:T76S:S77N,F29S:T71S:T76S:S77N,4
F29S:A58T:K74I:T76S:R87T,F29S:A58T:K74I:T76S:R87T,5
S30N:N59A:T76S:S77N:Y106S,S30N:N59A:T76S:S77N:Y106S,5
S30N:A58T:N59A:Y106S,S30N:A58T:N59A:Y106S,4
F29S:A58T:K74I:Y95F,F29S:A58T:K74I:Y95F,4
F29S:S31N:S77N:S84N,F29S:S31N:S77N:S84N,4
F29S:A58T:K74I:S84N,F29S:A58T:K74I:S84N,4
T57S:A58T:N59A:T71S:Y106S,T57S:A58T:N59A:T71S:Y106S,5
F29S:S30N:T71S:S84N:Y95F,F29S:S30N:T71S:S84N:Y95F,5
A58T:N59A:T71S:S77N:S84N,A58T:N59A:T71S:S77N:S84N,5
F29S:S31N:T71S:S77N:Y95F,F29S:S31N:T71S:S77N:Y95F,5
F29S:S30N:S31N:T57S,F29S:S30N:S31N:T57S,4
A58T:N59A:T76S:S77N:Y106S,A58T:N59A:T76S:S77N:Y106S,5
F29S:S30N:A58T:N59A:K74I,F29S:S30N:A58T:N59A:K74I,5
F29S:A58T:T71S:S84N,F29S:A58T:T71S:S84N,4
F29S:T57S:A58T:R87T,F29S:T57S:A58T:R87T,4
T57S:A58T:N59A:S84N:Y106S,T57S:A58T:N59A:S84N:Y106S,5
A58T:N59A:K74I:S77N:Y95F,A58T:N59A:K74I:S77N:Y95F,5
F29S:S30N:A58T:S77N:S84N,F29S:S30N:A58T:S77N:S84N,5
S30N:A58T:N59A:K74I:Y95F,S30N:A58T:N59A:K74I:Y95F,5
F29S:S31N:T71S:T76S,F29S:S31N:T71S:T76S,4
T57S:A58T:N59A:S77N:R87T,T57S:A58T:N59A:S77N:R87T,5
F29S:S31N:A58T:N59A:K74I,F29S:S31N:A58T:N59A:K74I,5
S30N:A58T:N59A:S77N,S30N:A58T:N59A:S77N,4
F29S:S30N:T71S:Y95F,F29S:S30N:T71S:Y95F,4
F29S:S30N:S31N:Y95F,F29S:S30N:S31N:Y95F,4
S30N:T57S:A58T:N59A:S84N,S30N:T57S:A58T:N59A:S84N,5
F29S:S30N:N59A:S84N,F29S:S30N:N59A:S84N,4
S31N:T57S:A58T:N59A:S77N,S31N:T57S:A58T:N59A:S77N,5
F29S:S31N:A58T:N59A:T76S,F29S:S31N:A58T:N59A:T76S,5
F29S:S30N:T71S:S77N,F29S:S30N:T71S:S77N,4
F29S:S30N:T57S:R87T,F29S:S30N:T57S:R87T,4
F29S:T57S:N59A:K74I:Y95F,F29S:T57S:N59A:K74I:Y95F,5
F29S:T57S:S77N:S84N:R87T,F29S:T57S:S77N:S84N:R87T,5
F29S:S30N:A58T:S77N,F29S:S30N:A58T:S77N,4
F29S:T57S:A58T:K74I,F29S:T57S:A58T:K74I,4
F29S:S30N:S31N:A58T:T71S,F29S:S30N:S31N:A58T:T71S,5
F29S:T57S:T71S:S77N:Y95F,F29S:T57S:T71S:S77N:Y95F,5
F29S:A58T:S77N:R87T,F29S:A58T:S77N:R87T,4
F29S:T57S:N59A:T71S:S84N,F29S:T57S:N59A:T71S:S84N,5
F29S:S30N:S77N:S84N,F29S:S30N:S77N:S84N,4
F29S:S31N:S84N:Y95F,F29S:S31N:S84N:Y95F,4
F29S:A58T:T71S:T76S:S77N,F29S:A58T:T71S:T76S:S77N,5
F29S:S30N:S31N:A58T:S84N,F29S:S30N:S31N:A58T:S84N,5
F29S:S30N:T71S:T76S:S84N,F29S:S30N:T71S:T76S:S84N,5
F29S:S30N:T57S:S84N,F29S:S30N:T57S:S84N,4
F29S:S31N:T57S:N59A:R87T,F29S:S31N:T57S:N59A:R87T,5
F29S:S30N:A58T:R87T:Y95F,F29S:S30N:A58T:R87T:Y95F,5
F29S:S30N:S31N:R87T,F29S:S30N:S31N:R87T,4
F29S:S30N:T57S:T76S:S77N,F29S:S30N:T57S:T76S:S77N,5
F29S:S31N:A58T:T76S:R87T,F29S:S31N:A58T:T76S:R87T,5
F29S:S30N:N59A:T76S:S77N,F29S:S30N:N59A:T76S:S77N,5
F29S:N59A:T71S:T76S:S84N,F29S:N59A:T71S:T76S:S84N,5
F29S:S31N:T57S:S84N:R87T,F29S:S31N:T57S:S84N:R87T,5
F29S:S30N:A58T:S84N:Y95F,F29S:S30N:A58T:S84N:Y95F,5
F29S:A58T:T76S:S77N:S84N,F29S:A58T:T76S:S77N:S84N,5
F29S:A58T:T76S:S77N:R87T,F29S:A58T:T76S:S77N:R87T,5
F29S:A58T:S84N:Y95F,F29S:A58T:S84N:Y95F,4
F29S:T57S:A58T:S77N,F29S:T57S:A58T:S77N,4
F29S:S30N:T57S:Y95F,F29S:S30N:T57S:Y95F,4
F29S:S30N:A58T:N59A:Y95F,F29S:S30N:A58T:N59A:Y95F,5
F29S:S30N:A58T:N59A,F29S:S30N:A58T:N59A,4
F29S:S31N:A58T:S77N:Y95F,F29S:S31N:A58T:S77N:Y95F,5
F29S:S31N:A58T:S77N,F29S:S31N:A58T:S77N,4
F29S:S30N:A58T:T71S:S77N,F29S:S30N:A58T:T71S:S77N,5
F29S:S31N:A58T:S84N:Y95F,F29S:S31N:A58T:S84N:Y95F,5
F29S:S31N:N59A:S84N:Y95F,F29S:S31N:N59A:S84N:Y95F,5
F29S:A58T:N59A:S84N,F29S:A58T:N59A:S84N,4
F29S:N59A:S84N:R87T,F29S:N59A:S84N:R87T,4
F29S:T57S:N59A:Y95F,F29S:T57S:N59A:Y95F,4
F29S:N59A:T76S:R87T,F29S:N59A:T76S:R87T,4
F29S:T57S:A58T:S84N,F29S:T57S:A58T:S84N,4
F29S:T57S:S77N:S84N,F29S:T57S:S77N:S84N,4
F29S:S30N:A58T:Y95F,F29S:S30N:A58T:Y95F,4
F29S:T57S:N59A:T76S,F29S:T57S:N59A:T76S,4
F29S:S31N:T57S:Y95F,F29S:S31N:T57S:Y95F,4
F29S:T57S:N59A:R87T,F29S:T57S:N59A:R87T,4
F29S:S31N:T57S:T76S,F29S:S31N:T57S:T76S,4
F29S:S30N:N59A:T71S,F29S:S30N:N59A:T71S,4
F29S:T76S:R87T:Y95F,F29S:T76S:R87T:Y95F,4
F29S:N59A:S84N:Y95F,F29S:N59A:S84N:Y95F,4
F29S:T57S:A58T:T71S:S77N,F29S:T57S:A58T:T71S:S77N,5
F29S:S30N:S31N:A58T:R87T,F29S:S30N:S31N:A58T:R87T,5
F29S:S30N:T57S:A58T:R87T,F29S:S30N:T57S:A58T:R87T,5
F29S:A58T:N59A:S84N:R87T,F29S:A58T:N59A:S84N:R87T,5
F29S:S31N:N59A:T71S:Y95F,F29S:S31N:N59A:T71S:Y95F,5
F29S:S31N:N59A:S77N:Y95F,F29S:S31N:N59A:S77N:Y95F,5
F29S:S30N:T57S:A58T:N59A,F29S:S30N:T57S:A58T:N59A,5
F29S:S31N:A58T:N59A:S77N,F29S:S31N:A58T:N59A:S77N,5
F29S:T57S:A58T:S77N:Y95F,F29S:T57S:A58T:S77N:Y95F,5
F29S:T57S:N59A:S84N:R87T,F29S:T57S:N59A:S84N:R87T,5
F29S:T57S:A58T:N59A:T76S,F29S:T57S:A58T:N59A:T76S,5
F29S:T57S:A58T:T71S:S84N,F29S:T57S:A58T:T71S:S84N,5
F29S:S30N:N59A:T71S:S77N,F29S:S30N:N59A:T71S:S77N,5
F29S:T57S:A58T:N59A:Y95F,F29S:T57S:A58T:N59A:Y95F,5
F29S:T57S:T71S:R87T:Y95F,F29S:T57S:T71S:R87T:Y95F,5
F29S:S31N:N59A:S77N:R87T,F29S:S31N:N59A:S77N:R87T,5
F29S:S30N:N59A:T76S:R87T,F29S:S30N:N59A:T76S:R87T,5
F29S:S30N:A58T:N59A:S77N,F29S:S30N:A58T:N59A:S77N,5
F29S:S30N:T57S:N59A:R87T,F29S:S30N:T57S:N59A:R87T,5
F29S:S31N:N59A:T76S:R87T,F29S:S31N:N59A:T76S:R87T,5
F29S:A58T:N59A:T71S:Y95F,F29S:A58T:N59A:T71S:Y95F,5
F29S:A58T:T76S:S84N:R87T,F29S:A58T:T76S:S84N:R87T,5
F29S:T57S:S84N:R87T:Y95F,F29S:T57S:S84N:R87T:Y95F,5
F29S:S30N:T57S:N59A:T76S,F29S:S30N:T57S:N59A:T76S,5
F29S:T57S:A58T:T76S:S77N,F29S:T57S:A58T:T76S:S77N,5
F29S:N59A:S84N:R87T:Y95F,F29S:N59A:S84N:R87T:Y95F,5
F29S:S30N:A58T:N59A:T71S,F29S:S30N:A58T:N59A:T71S,5
F29S:S31N:N59A:T71S:S77N,F29S:S31N:N59A:T71S:S77N,5
F29S:N59A:S77N:R87T:Y95F,F29S:N59A:S77N:R87T:Y95F,5
F29S:T57S:A58T:T76S:R87T,F29S:T57S:A58T:T76S:R87T,5
