variant,additive_score,lightning_score,pair_support_count,ridge_score,random_score
WYFG,0.25718184765047497,0.6122688829953018,3,0.5989547726859487,2661365255622809170
WYFV,0.21375694976712056,0.5941343176165976,3,0.5578487895818057,16713216759351450725
WKFG,0.3221929281257782,0.5926993641744461,6,0.7658322578700213,11652543220023509711
IMCG,0.2715341237274638,0.5566998417677977,3,0.5549939764330725,14469504425362965342
WWFG,0.2730390318390491,0.5564688743571747,4,0.6246549963308223,11276861450497540000
WMFG,0.2795081064368859,0.5536818200114243,4,0.6391202125615771,9737350539442211680
INCG,0.26806717645475836,0.5532328944950924,3,0.5424627632757185,7438471434290428837
WHFV,0.26246397481876405,0.5370883300615497,6,0.7074032636065161,12538168085797916139
IYCG,0.2492078649410529,0.5343735829813869,3,0.5401261622384906,14154656472416888123
FKFG,0.2899134600703217,0.5300859528942876,5,0.5576460787752434,15200180806963245122
IPCG,0.24429043708658582,0.5294561551269198,3,0.5193635648139552,17521975710265438714
FMCG,0.2595580967159202,0.5287325672082515,3,0.4801125458403742,16568517431476580578
WAFT,0.209890509265332,0.5271789153161681,3,0.5106627042573345,6020300876857000570
FNCG,0.2560911494432147,0.5252656199355461,3,0.46758133268302016,10205016664912864439
WTFG,0.25738938146655244,0.514037517931718,4,0.5864982153161729,13117961612181582770
FKFV,0.2464885621869673,0.5104329754940067,5,0.4980839426549529,8046177641223745578
WWFV,0.22961413395569466,0.5087615834555972,4,0.5636184534942383,2323890023325805943
WCFG,0.26984730435650917,0.5070732389136041,5,0.6489575657321878,7059955791791576516
FHFG,0.273609404646662,0.5068650023285749,5,0.5489961693360809,9193174109628952877
FYCG,0.23723183792950925,0.5064063084218406,3,0.4652447316457922,7326461007997666649
IKFG,0.3018894870818654,0.505796375418695,6,0.639751247654751,7573911669808869006
WDCG,0.29141298635729357,0.5039327701281959,5,0.6074294858483059,3000584343013024945
WYCG,0.2695113059849657,0.5036392536065456,3,0.4907167569424539,4558232041820340149
FHCG,0.28593886298115273,0.5031885479410141,5,0.5808103281128185,9865855795500956218
FPCG,0.23231441007504217,0.5014888805673735,3,0.4444821342212568,2844482242726732964
WRFV,0.21451941258685103,0.5002558162679542,4,0.5550149442836769,8150095899305168218
WHCG,0.31821833103660924,0.49770467934037843,6,0.6428038199505894,7759686458907547496
WAFG,0.24416582452469013,0.4967559543363308,4,0.5777475386093016,18303459288346506755
WHFT,0.2716135574427604,0.49551143232622474,6,0.6169461074459239,14511821521294784003
WTFV,0.21396448358319803,0.4945879229565554,4,0.5489424719801902,9843069040890673030
