arm,rank,variant,true_fitness
ADDITIVE_MEMORY,1,WKCG,2.54174644228
ADDITIVE_MEMORY,2,WKFG,4.45316835886
ADDITIVE_MEMORY,3,WHCG,3.0637192911
ADDITIVE_MEMORY,4,FKCG,1.88921727209
ADDITIVE_MEMORY,5,IKFG,1.7508184706
ADDITIVE_MEMORY,6,WKCT,0.885577946857
ADDITIVE_MEMORY,7,IHCG,3.11532344914
ADDITIVE_MEMORY,8,WMCG,0.952563527961
ADDITIVE_MEMORY,9,WDCG,1.81644423986
ADDITIVE_MEMORY,10,WKCV,1.20787617474
LIGHTNING_RESONANCE,1,WYFG,3.45403421045
LIGHTNING_RESONANCE,2,WYFV,3.39178126829
LIGHTNING_RESONANCE,3,WKFG,4.45316835886
LIGHTNING_RESONANCE,4,IMCG,0.902315560421
LIGHTNING_RESONANCE,5,WWFG,6.34349747898
LIGHTNING_RESONANCE,6,WMFG,2.44060752655
LIGHTNING_RESONANCE,7,INCG,3.39939469425
LIGHTNING_RESONANCE,8,WHFV,4.13754720699
LIGHTNING_RESONANCE,9,IYCG,3.907836258
LIGHTNING_RESONANCE,10,FKFG,3.11056992729
RANDOM_HASH,1,WKRV,0.00898820400584
RANDOM_HASH,2,NECK,0.00263541668088
RANDOM_HASH,3,SWNT,0.00160282651936
RANDOM_HASH,4,IATR,0.000634452163915
RANDOM_HASH,5,EWRA,0.00438533335698
RANDOM_HASH,6,WQYW,0.00229358439172
RANDOM_HASH,7,IADW,0.00818159208391
RANDOM_HASH,8,WYLS,0.336658473341
RANDOM_HASH,9,FWRI,0.0
RANDOM_HASH,10,SFSY,0.00419012292427
RIDGE_MAIN_PAIR,1,WKFG,4.45316835886
RIDGE_MAIN_PAIR,2,WHFV,4.13754720699
RIDGE_MAIN_PAIR,3,IHCG,3.11532344914
RIDGE_MAIN_PAIR,4,WCFG,4.69565022165
RIDGE_MAIN_PAIR,5,WHCG,3.0637192911
RIDGE_MAIN_PAIR,6,IKFG,1.7508184706
RIDGE_MAIN_PAIR,7,WMFG,2.44060752655
RIDGE_MAIN_PAIR,8,WWFG,6.34349747898
RIDGE_MAIN_PAIR,9,WHFT,3.0241794646
RIDGE_MAIN_PAIR,10,IHFG,3.38293468178
SHUFFLE_LIGHTNING,1,WMIA,0.00487386683242
SHUFFLE_LIGHTNING,2,EMAR,0.000593253971453
SHUFFLE_LIGHTNING,3,EMAY,0.00286998256347
SHUFFLE_LIGHTNING,4,WMHR,0.00272870576692
SHUFFLE_LIGHTNING,5,ELAM,0.0188432292683
SHUFFLE_LIGHTNING,6,WYIA,0.00664754356818
SHUFFLE_LIGHTNING,7,EMAM,0.0449667971174
SHUFFLE_LIGHTNING,8,WSIA,0.00694310579379
SHUFFLE_LIGHTNING,9,WLHM,0.00129897315076
SHUFFLE_LIGHTNING,10,WVIA,0.0130194643413
