variant,fitness
EQAI,0.0
EQCV,0.0283534484287
EQDS,0.00261031747439
EQFH,0.0
EQHD,0.0
EQHN,0.0
EQHY,0.0
EQIM,0.0
EQKE,0.0
EQLK,0.00449316942313
EQML,0.0
EQRC,0.0049833333602
EQSN,0.0
EQSS,0.00581095409494
EQTF,0.0105416667235
EQVN,0.0
EQVV,0.00365444446415
EQWC,0.0
EQYK,0.0109633333924
EQYN,0.0
EQYW,0.0
ERAY,0.00376746851974
ERCN,0.00522063494878
ERCY,0.00657800003547
EREP,0.00248601664228
ERKG,0.00967352946392
ERKH,0.00622916670025
ERNY,0.0
ERPD,0.0
ERQY,0.00266100325059
ERTH,0.00338374487421
ERTI,0.00412155390693
ESDL,0.00223741497805
ESDM,0.0
ESEK,0.00923876409476
ESFR,0.00229358439172
ESHF,0.00571006947523
ESKE,0.00391547621159
ESSC,0.015790809413
ESSI,0.00293660715869
ESST,0.00393892217693
ESTG,0.00652579368598
ESYH,0.0
ETAY,0.000982377544126
ETCH,0.00527083336175
ETCM,0.197093634021
ETGS,0.0332151837949
ETIW,0.00702777781567
ETLN,0.00274083334811
ETLS,0.105201131298
ETMK,0.00565120277961
ETNE,0.0
ETNG,0.00203024692453
ETNK,0.0042166666894
ETPD,0.0
ETPS,0.00253194766569
ETQI,0.00403063727663
ETRC,0.00682769873195
ETSS,0.00201320392831
ETSV,0.00209223919703
ETWT,0.00491188772063
ETYS,0.00112791495807
EVEF,0.00315038315875
EVFF,0.0027778716366
EVNG,0.00399150487589
EVPP,0.000891811284635
EVQG,0.00761342596698
EVSP,0.0028564516283
EVTM,0.00349150744982
EVTN,0.00139128596351
EVWP,0.00529800260588
EVWT,0.0072765487118
EVYS,0.00682769873195
EWCS,0.15146710608
EWDQ,0.0
EWGY,0.037804597905
EWIN,0.0
EWIV,0.00442069894857
EWKH,0.0
EWLS,0.392987134472
EWNA,0.00527083336175
EWNM,0.00913611116037
EWNN,0.0
EWQT,0.0
EWTY,0.0
EWVH,0.00489434526448
EWYG,0.459274777251
EWYH,0.0
EYEL,0.0
EYGQ,0.0783095242317
EYKC,0.0
EYKE,0.0
EYPS,0.00595833336546
EYPY,0.0
EYQW,0.0
EYVT,0.0271071430033
EYWF,0.0
EYWM,0.0
EYWR,0.0
EYYH,0.0
FAAN,0.00527083336175
FADA,0.0
FAGK,0.0
FAIL,0.00166111112007
FANQ,0.0
FAPF,0.00403063727663
FAPM,0.0
FASE,0.0
FATP,0.0
FATY,0.0049833333602
FAVA,0.0148153153952
FAVD,0.0
FAVI,0.0109633333924
FAVL,0.00279676872256
FAWL,0.0
FCEA,0.0
FCFF,0.0
FCMG,1.4336666744
FCRV,0.0231619719559
FCSD,0.0
FCTT,0.0232274012552
FCVM,0.0112329235578
FCWR,0.00449316942313
FDAV,0.0194041298981
FDCA,2.26781856061
FDCN,0.00609074077358
FDDK,0.0
FDGK,0.0
FDPI,0.0
FDQF,0.0
FDSW,0.0
FDTT,0.00657800003547
FDWL,0.00615917606317
FDYD,0.0
FECF,0.00783095242317
FEFE,0.0
FEFK,0.00830555560034
FEGV,0.298446297905
IAEF,0.0
IAHG,0.00375456623029
IAHV,0.00215813649458
IAKE,0.0
IAQE,0.0
IARF,0.00151427256802
IARL,0.00338897477355
IARV,0.00228402779009
IATI,0.00158429673301
ICEL,0.0141767242144
ICKW,0.0
ICMT,0.154697342347
ICQR,0.0178750000964
ICSL,0.0649969051123
ICVG,0.572164749629
IDCG,2.36396876275
IDED,0.0
IDFN,0.00412155390693
IDGT,0.876808912773
IDHQ,0.0
IDLE,0.00226515152736
IDPK,0.0
IDQN,0.0
IDRK,0.0
IDRS,0.00393797894844
IDTG,0.00732843141206
IDTQ,0.0
IEAP,0.0085493884253
IECP,0.00816129036658
IEDD,0.0
IEDV,0.00134354575888
IEEW,0.0
IEFH,0.0
IEFM,0.00732843141206
IEGE,0.0155729167506
IEIG,0.00647440948373
IEIH,0.00423840208471
IEKE,0.0
IEKH,0.0
IELI,0.0016814928516
IEME,0.0
IEPL,0.00334247969282
IEYD,0.0
IFIR,0.00571548186336
IFNA,0.00289339412948
IFQC,0.0
IFRM,0.00612965924498
IFTT,0.00276851853345
IFWF,0.00291578015757
IFYC,0.0161225491065
IFYW,0.00432763160228
IFYY,0.00165609265747
IGAE,0.00557079948803
IGEQ,0.0
IGEY,0.0
IGFA,0.543820452222
IGIR,0.00243991099238
IGIW,0.00126890432783
IGMA,0.214698612269
IGMH,0.00118139368453
IGMR,0.00366258353868
IGNN,0.0042166666894
IGNW,0.00282560138981
IGPA,0.00572497827282
IGQH,0.00480847955809
IGRG,0.00296306307904
IGRK,0.00363024284518
IGYP,0.00371218963627
IHEQ,0.0
IHHC,0.0
IHHL,0.00320565303873
IHKK,0.0
IHKN,0.0
IHML,0.0123718171963
IHMN,0.0223091086474
IHNI,0.0113024055592
IHPA,0.0063007663175
IHRY,0.00332222224013
IHSA,2.40423183114
IHSL,0.0370300851018
IHVQ,0.00326289684299
IICM,0.162371643845
IIFR,0.00345260014781
IIGN,0.626524652718
IIGP,0.0104558151728
IIHD,0.0
IIHF,0.0
IIIP,0.00326721856066
IIKM,0.0
IIKT,0.00657049090301
IIMQ,0.00101137761923
IIPK,0.0
IIWA,0.00943201759471
IIWQ,0.00244717263224
IIWY,0.00856510421285
IKCG,2.06761615698
IKDF,0.00259794630153
IKDK,0.00409079604196
IKDN,0.00243629630943
IKGE,0.0506616802377
IKGM,1.75339507118
IKHA,0.00697413065677
IKNG,0.131460785023
IKNL,0.00160988742914
IKTG,0.00748546922803
IKWE,0.00245814650055
IKYR,0.00100213285123
ILDG,0.0021897470158
ILDH,0.00140375587611
ILER,0.000837321796775
ILFE,0.00336111112923
ILFF,0.00415727701772
ILFG,1.34858858573
ILKG,0.00646804329938
NAAP,0.00317777779491
NADV,0.00293660715869
NAEC,0.00913611116037
NAEF,0.0
NAHF,0.00595833336546
NAKS,0.00681799340326
NALE,0.000602380955629
NANC,0.0108190790057
NANW,0.00318701552106
NAVP,0.00320565303873
NAWA,0.00418447839406
NAYE,0.0
NCAK,0.0109633333924
NCCR,0.00311458335013
NCDV,0.0
NCEA,0.00830555560034
NCES,0.00472557473812
NCGA,0.0556514385403
NCIG,0.0238333334618
NCKD,0.0
NCKW,0.0
NCKY,0.0
NCLM,0.0161225491065
NCLQ,0.0143000000771
NCPS,0.0
NCSS,0.0117632332537
NCTP,0.00246921923253
NCWN,0.0483676473196
NCYH,0.021083333447
NDDC,0.00360635966857
NDDG,0.00236278736906
NDFC,0.0133699187713
NDFW,0.00589426526476
NDGE,0.00840102175666
NDGP,0.00165859809265
NDKL,0.00504447855481
NDNV,0.00215813649458
NDPG,0.00189022989525
NDRV,0.00166447369318
NDSM,0.0
NDSW,0.0
NDTA,0.0
NDVC,0.00573996512693
NDWE,0.00263541668088
NEAF,0.00170238096156
NEDM,0.0
NEEI,0.0
NEFL,0.00289270010355
NEHI,0.0
NEII,0.00449316942313
NELW,0.00411125002217
NEMF,0.00330220885315
NETW,0.0
NFEL,0.00206077695347
NFKD,0.0
NFLR,0.00310283020541
NFQG,0.00702777781567
NFQH,0.0
NFVH,0.00346210528182
NFWL,0.0
NFWM,0.0
NFYQ,0.0
NFYY,0.00409079604196
NGGC,0.0377712016171
NGKF,0.0
NGLS,0.00260535489364
NGMF,0.00226515152736
NGQS,0.00246921923253
NGSG,0.00344037658759
NGWH,0.0025261136849
NGYH,0.0073088889283
NHAY,0.00246921923253
NHCC,0.242213179601
NHGV,0.182040423867
NHIG,0.00583156031513
NHRV,0.0
NHSM,0.0
NHVF,0.0
NHWE,0.00830555560034
NHYE,0.0
NIAA,0.222466887577
NIAK,0.0
NICW,0.00527083336175
NIEG,0.00527083336175
NIGH,0.0127480620842
NIGM,0.448873006412
NIGP,0.00301793461754
NIHF,0.00435052912399
NIHQ,0.0
NIHT,0.00386032865931
NINE,0.0
NINQ,0.0
NIPW,0.0
NIQP,0.00349150744982
NIRE,0.00446875002409
NISL,0.00148756219708
NIST,0.00453780355648
NIVA,0.00312880519191
NIYE,0.0124583334005
NIYF,0.0
NIYG,0.224993782308
NIYM,0.015514151027
NKAI,0.00510714288468
NKDS,0.00188373425987
NKEG,0.00224658471157
SAAF,0.00728945039391
SACC,0.271060356854
SACE,0.00827421388109
SADK,0.00270032842178
SAEW,0.00212467701404
SAGE,0.00924487438847
SAKG,0.0
SALD,0.0
SANP,0.00169711043227
SAPL,0.00222650962479
SATH,0.00396074183253
SAVR,0.00220780591908
SAVS,0.00426188563513
SCFN,0.0176827957943
SCHC,0.0342604168514
SCIS,0.00984730544232
SCIW,0.0114201389505
SCKH,0.0
SCLI,0.0146028006252
SCML,0.00583156031513
SCPC,0.00435052912399
SCRF,0.00945114947625
SDCD,0.0
SDDR,0.00424465341522
SDGP,0.00202691044643
SDHL,0.00296306307904
SDKR,0.00194385343838
SDKS,0.00446389796109
SDMH,0.0
SDMN,0.00411125002217
SDPW,0.0016814928516
SDQN,0.00266100325059
SDWD,0.0
SDYG,0.0719468753879
SDYY,0.0
SEEC,0.00217526456199
SEED,0.0
SEEG,0.0
SEKH,0.0
SENF,0.0024916666801
SENY,0.0
SEVG,0.0037804597905
SEYW,0.0
SFCG,0.840014665023
SFED,0.0
SFFA,0.0210111796707
SFFD,0.0
SFKN,0.00264814816243
SFMF,0.00222831979521
SFQQ,0.00236278736906
SFTD,0.0
SFWN,0.00315038315875
SGDL,0.00185819210041
SGEE,0.00106647211989
SGFW,0.000884139789713
SGGD,0.0
SGGW,0.0213734710633
SGHP,0.00168839836639
SGID,0.0
SGIM,0.00367075894836
SGLC,0.0042166666894
SGMS,0.00151636699757
SGMV,0.000512305298712
SGPC,0.0112857843746
SGPL,0.00299435544222
SGQH,0.0
SGSD,0.0
SGSW,0.00242551623727
SHEG,0.0101512346226
SHEW,0.00251452600744
SHHQ,0.00334247969282
SHHY,0.0
SHIM,0.00215813649458
SHKA,0.00459357544376
SHMA,0.105052113919
SHQC,0.0
SHTA,0.00231782946986
SHTV,0.000895697172585
SHVG,0.0904836939653
SHVL,0.00272791166129
SHYH,0.00412155390693
SHYP,0.00146568628241
SIAH,0.0274916414856
SIDK,0.00157973103638
SIEM,0.00303413285769
SIEQ,0.0013305016253
SIFL,0.00306540571828
SIIH,0.00134684685411
SIIV,0.0020569105802
SIKS,0.00135016421089
SIMK,0.00219266667849
SKAF,0.00463565893972
SKCT,0.0238333334618
SKDA,0.00546604941219
SKDC,0.00796092673725
SKDG,0.00247479309085
SKEA,0.00195077106627
SKGS,0.352619974832
SKHE,0.0
SKIN,0.00458333335805
SKME,0.00266100325059
SKML,0.00402471857285
SKTS,0.00312940058776
SLAF,0.00273536262287
SLAH,0.0033676509628
SLCQ,0.00742270371865
SLGR,0.00264431582066
SLHE,0.00507561731132
SLID,0.0
SLLC,0.00729846255322
SLNN,0.00240775989585
SLPF,0.00263225291535
SLTD,0.0
SMEP,0.0028737440085
SMIS,0.00185609481813
SMKM,0.0
SMKQ,0.00256152649356
SMLS,0.00391015627108
SMNW,0.00218683511817
SMPM,0.000938641557572
SMRI,0.00317062983715
SMSD,0.0
SMTI,0.00186875001008
SMWV,0.00234259260522
WHCE,0.00678424096067
WHCV,1.5010373798
WHDE,0.000617304808133
WHEE,0.00208692894526
WHFG,4.23287714147
WHFQ,0.00672972473867
WHKD,0.0
WHKR,0.00214798851733
WHQT,0.0286355722937
WHRG,0.0310325759249
WHSK,0.00170026882637
WHTW,0.00180317983428
WHYG,0.990558460033
WHYH,0.00565953788696
WICE,0.00916155993798
WIDH,0.00150760910237
WIEK,0.00494480243216
WIEQ,0.00125726300372
WIIH,0.00378917052734
WIMV,1.26996582749
WIQQ,0.00371638420083
WIRE,0.00415907943568
WIRS,0.0213236291206
WISD,0.0476666669237
WISP,0.00344236323496
WISQ,0.0035313016378
WISV,0.0102067248016
WITV,0.00351388890783
WIWD,0.021083333447
WIYH,0.00453968256416
WKCP,0.0276749268128
WKDI,0.00249734245842
WKDM,0.00295348421133
WKDP,0.00163841446941
WKFT,3.27065310058
WKFV,4.49044298538
WKFW,0.0105416667235
WKHG,0.00717495640867
WKKM,0.00706400347451
WKKQ,0.00540065684357
WKLK,0.00566041669719
WKLR,0.0072498855309
WKNQ,0.00599557294899
WKPP,0.00192564403849
WKPR,0.00209757654192
WKVL,0.00544680713059
WKVP,0.00275647822452
WKYV,0.128593893387
WLAV,0.0158833643261
WLDK,0.00436511597771
WLFS,0.106370437081
WLHQ,0.00348411018828
WLIA,0.00689400638206
WLIF,0.00274693765401
WLIK,0.00386032865931
WLKR,0.00246921923253
WLKT,0.00348903820835
WLNQ,0.00378481014699
WLPN,0.00341418686962
WLQG,0.00361996857298
WLRF,0.0040202042207
WLVP,0.0028929463327
WLVY,0.00253354343103
WMAF,0.0159398918281
WMAM,0.289796255634
WMDL,0.00313702841878
WMDT,0.00253780865566
WMLT,2.41096313984
WMQC,0.00403063727663
WMQR,0.00403806018138
WMTH,0.00201696648675
WMWS,0.00299615812769
WMYI,0.00284515572468
WNAI,0.186911859982
WNAN,0.00350390626889
WNDR,0.00188280995454
WNFR,0.00639118090142
WNIP,0.00312246837127
WNLS,0.883613439145
WNMK,0.00164614615502
WNPY,0.00144254386743
WNQW,0.0
WNTI,0.0029550763861
WNTM,0.00187728311514
WPAH,0.00209223919703
WPDF,0.000775341824077
WPDH,0.00313835879555
WPDW,0.000961695911618
WPEE,0.000856510421285
WPET,0.00231782946986
WPFD,0.0
WPKP,0.00107063802661
WPLH,0.00143962963739
WPPT,0.00139673984812
WPPY,0.00320878050511
WPQK,0.000806127455327
WPQS,0.00404097224401
WPSR,0.00183832880192
WPSW,0.00161120183756
WPYF,0.00178362256927
WQCT,0.637589700793
WQDF,0.00140555556313
WQLH,0.0124878205802
WQPD,0.0
WQQQ,0.00315038315875
WQTQ,0.00269767061822
WRAS,0.100043949208
