budget_percent,arm,rank,candidate_id,predicted_score,true_score
5,P05_B3,1,R4H:S8T:Q9A,0.5561271403942494,-0.815644905950467
5,P05_B3,2,Q3G:R4H:L7V,0.5237325850374216,-0.6708212727112677
5,P05_B3,3,Q3G:R4H:L7Q,0.4215282335524165,-0.7374599495432862
5,P05_B3,4,R4H:L7Q:S8T,0.3726500988232528,-0.5783283653652577
5,P05_B3,5,Q3N:R4H:S8K,0.3379895552085831,-0.4799078396285671
5,P05_B3,6,Q3G:R4H:S8K,0.3302533342052199,-0.7723960427416037
5,P05_B3,7,R4H:S8K:Q9A,0.2879618546145659,-0.92226578883002
5,P05_B3,8,Q3G:R4H:A5I,0.2610314317519043,-0.4344916922371766
5,P05_B3,9,R4H:A5I:S8T,0.2505077686319271,-0.4415656796323734
5,P05_B3,10,F2Q:Q3G:R4H,0.1928790360960173,-2.729098162116804
5,P05_B3,11,F2Q:Q3N:L7Q,0.1413089884317766,-2.869836022472667
5,P05_B3,12,Q3N:R4L:S8K,-0.002213186037085,-1.1809496895388558
5,P05_B3,13,F2Q:Q3N:S8L,-0.0057235169961655,-0.986935588422838
5,P05_B3,14,L7I:S8T:Q9A,-0.0108024138253726,-0.7832497017597474
5,P05_B3,15,Q3G:S8T:Q9K,-0.0201482408878914,-0.9589762762975816
5,P05_B3,16,Q3G:R4T:Q9A,-0.0216449301145295,-0.8104307645842054
5,P05_B3,17,R4H:S8K:Q9K,-0.0264896425899973,-0.9742187004530488
5,P05_B3,18,Q3N:L7Q:S8K,-0.0946060142651306,-0.8345519464632106
5,P05_B3,19,Q3G:R4T:S8T,-0.1078018388509274,-0.6632815527343059
5,P05_B3,20,S8T:Q9K:A11S,-0.1223651767118672,-0.9526274648787812
5,P05_B3,21,R4T:S8T:Q9A,-0.1228145274013278,-0.9779231958040024
5,P05_B3,22,Q3G:A5I:S8L,-0.1629597046243429,-0.3869699245664228
5,P05_B3,23,F2Q:R4C:S8K,-0.1672723138196143,-1.9422874274045447
5,P05_B3,24,R4T:S8T:A11S,-0.1718828642361403,-1.1846570088100294
5,P05_B3,25,R4H:A5M:Q9A,-0.2259284070792653,-1.4736896408691575
5,P05_B3,26,R4A:L7I:S8L,-0.2492131827320143,-1.4793732269343214
5,P05_B3,27,F2Q:Q3G:S8K,-0.2793817032300913,-0.6814278362325409
5,P05_B3,28,Q3G:R4H:H10Y,-0.3126234244916892,-1.5715565454143845
5,P05_B3,29,F2Q:Q3G:R4A,-0.3254462459220966,-1.6602664246024788
5,P05_B3,30,F2Q:R4T:L7Q,-0.346954700866771,-1.1841153015115782
5,P05_B3,31,L7I:S8L:Q9A,-0.3559457969492348,-1.572160858539961
5,P05_B3,32,R4H:S8L:Q9A,-0.3717037090541024,-1.3667301976133843
5,P05_B3,33,Q3G:R4C:S8K,-0.3743974049415249,-2.027351669758336
5,P05_B3,34,A5I:L7I:Q9A,-0.3817694987390534,-1.035385435476969
5,P05_B3,35,F2Q:Q3G:L7Q,-0.3887259207210329,-3.135507813992944
5,P05_B3,36,F2Q:Q3G:R4T,-0.4046822664209826,-2.147812440847908
5,P05_B3,37,L7I:S8T:Q9K,-0.4119042355493166,-3.0039024793712468
5,P05_B3,38,F2W:Q3N:R4Q,-0.425754087682241,-1.1437923015537506
5,P05_B3,39,Q3N:R4T:L7Q,-0.4507532702210701,-0.6107595170149942
5,P05_B3,40,Q3G:L7V:Q9R,-0.4601308460393472,-0.3625333520603385
5,P05_B3,41,Q3G:R4T:L7Q,-0.462737721633922,-0.5266214326936262
5,P05_B3,42,L7I:S8R:Q9A,-0.4691892522666512,-1.0368216197624054
5,P05_B3,43,R4T:L7I:Q9A,-0.515621662183694,-0.9815612019550424
5,P05_B3,44,F2Q:Q3G:A11S,-0.5180648222907109,-1.0045253856726666
5,P05_B3,45,F2Q:R4A:S8L,-0.5429199384608616,-1.677616028565463
5,P05_B3,46,Q6R:S8T:Q9R,-0.5485342374667725,-1.4290846662007892
5,P05_B3,47,F2Q:R4Q:Q9A,-0.5508574618002542,-2.8981991854807863
5,P05_B3,48,Q3N:R4Q:S8R,-0.5583275010736796,-0.6240982301244231
5,P05_B3,49,F2Q:R4A:S8C,-0.5585550078444054,-1.5602765189036822
5,P05_B3,50,A5M:S8C:Q9K,-0.5623408271837775,-4.13657999295236
5,P05_B5,1,R4H:S8T:Q9A,0.5561271403942494,-0.815644905950467
5,P05_B5,2,Q3G:R4H:L7V,0.5237325850374216,-0.6708212727112677
5,P05_B5,3,Q3G:R4H:L7Q,0.4215282335524165,-0.7374599495432862
5,P05_B5,4,R4H:L7Q:S8T,0.3726500988232528,-0.5783283653652577
5,P05_B5,5,Q3N:R4H:S8K,0.3379895552085831,-0.4799078396285671
5,P05_B5,6,Q3G:R4H:S8K,0.3302533342052199,-0.7723960427416037
5,P05_B5,7,R4H:S8K:Q9A,0.2879618546145659,-0.92226578883002
5,P05_B5,8,Q3G:R4H:A5I,0.2610314317519043,-0.4344916922371766
5,P05_B5,9,R4H:A5I:S8T,0.2505077686319271,-0.4415656796323734
5,P05_B5,10,F2Q:Q3G:R4H,0.1928790360960173,-2.729098162116804
5,P05_B5,11,F2Q:Q3N:L7Q,0.1413089884317766,-2.869836022472667
5,P05_B5,12,Q3N:R4L:S8K,-0.002213186037085,-1.1809496895388558
5,P05_B5,13,F2Q:Q3N:S8L,-0.0057235169961655,-0.986935588422838
5,P05_B5,14,L7I:S8T:Q9A,-0.0108024138253726,-0.7832497017597474
5,P05_B5,15,Q3G:S8T:Q9K,-0.0201482408878914,-0.9589762762975816
5,P05_B5,16,Q3G:R4T:Q9A,-0.0216449301145295,-0.8104307645842054
5,P05_B5,17,R4H:S8K:Q9K,-0.0264896425899973,-0.9742187004530488
5,P05_B5,18,Q3N:L7Q:S8K,-0.0946060142651306,-0.8345519464632106
5,P05_B5,19,Q3G:R4T:S8T,-0.1078018388509274,-0.6632815527343059
5,P05_B5,20,S8T:Q9K:A11S,-0.1223651767118672,-0.9526274648787812
5,P05_B5,21,R4T:S8T:Q9A,-0.1228145274013278,-0.9779231958040024
5,P05_B5,22,Q3G:A5I:S8L,-0.1629597046243429,-0.3869699245664228
5,P05_B5,23,F2Q:R4C:S8K,-0.1672723138196143,-1.9422874274045447
5,P05_B5,24,R4T:S8T:A11S,-0.1718828642361403,-1.1846570088100294
5,P05_B5,25,R4H:A5M:Q9A,-0.2259284070792653,-1.4736896408691575
5,P05_B5,26,R4A:L7I:S8L,-0.2492131827320143,-1.4793732269343214
5,P05_B5,27,F2Q:Q3G:S8K,-0.2793817032300913,-0.6814278362325409
5,P05_B5,28,Q3G:R4H:H10Y,-0.3126234244916892,-1.5715565454143845
5,P05_B5,29,F2Q:Q3G:R4A,-0.3254462459220966,-1.6602664246024788
5,P05_B5,30,F2Q:R4T:L7Q,-0.346954700866771,-1.1841153015115782
5,P05_B5,31,L7I:S8L:Q9A,-0.3559457969492348,-1.572160858539961
5,P05_B5,32,R4H:S8L:Q9A,-0.3717037090541024,-1.3667301976133843
5,P05_B5,33,Q3G:R4C:S8K,-0.3743974049415249,-2.027351669758336
5,P05_B5,34,A5I:L7I:Q9A,-0.3817694987390534,-1.035385435476969
5,P05_B5,35,F2Q:Q3G:L7Q,-0.3887259207210329,-3.135507813992944
5,P05_B5,36,F2Q:Q3G:R4T,-0.4046822664209826,-2.147812440847908
5,P05_B5,37,L7I:S8T:Q9K,-0.4119042355493166,-3.0039024793712468
5,P05_B5,38,F2W:Q3N:R4Q,-0.425754087682241,-1.1437923015537506
5,P05_B5,39,Q3N:R4T:L7Q,-0.4507532702210701,-0.6107595170149942
5,P05_B5,40,Q3G:L7V:Q9R,-0.4601308460393472,-0.3625333520603385
5,P05_B5,41,Q3G:R4T:L7Q,-0.462737721633922,-0.5266214326936262
5,P05_B5,42,L7I:S8R:Q9A,-0.4691892522666512,-1.0368216197624054
5,P05_B5,43,R4T:L7I:Q9A,-0.515621662183694,-0.9815612019550424
5,P05_B5,44,F2Q:Q3G:A11S,-0.5180648222907109,-1.0045253856726666
5,P05_B5,45,F2Q:R4A:S8L,-0.5429199384608616,-1.677616028565463
5,P05_B5,46,Q6R:S8T:Q9R,-0.5485342374667725,-1.4290846662007892
5,P05_B5,47,F2Q:R4Q:Q9A,-0.5508574618002542,-2.8981991854807863
5,P05_B5,48,Q3N:R4Q:S8R,-0.5583275010736796,-0.6240982301244231
5,P05_B5,49,F2Q:R4A:S8C,-0.5585550078444054,-1.5602765189036822
5,P05_B5,50,A5M:S8C:Q9K,-0.5623408271837775,-4.13657999295236
5,P05_V83,1,R4H:S8T:Q9A,0.5561271403942494,-0.815644905950467
5,P05_V83,2,Q3G:R4H:L7V,0.5237325850374216,-0.6708212727112677
5,P05_V83,3,Q3G:R4H:L7Q,0.4215282335524165,-0.7374599495432862
5,P05_V83,4,R4H:L7Q:S8T,0.3726500988232528,-0.5783283653652577
5,P05_V83,5,Q3N:R4H:S8K,0.3379895552085831,-0.4799078396285671
5,P05_V83,6,Q3G:R4H:S8K,0.3302533342052199,-0.7723960427416037
5,P05_V83,7,R4H:S8K:Q9A,0.2879618546145659,-0.92226578883002
5,P05_V83,8,Q3G:R4H:A5I,0.2610314317519043,-0.4344916922371766
5,P05_V83,9,R4H:A5I:S8T,0.2505077686319271,-0.4415656796323734
5,P05_V83,10,F2Q:Q3G:R4H,0.1928790360960173,-2.729098162116804
5,P05_V83,11,F2Q:Q3N:L7Q,0.1413089884317766,-2.869836022472667
5,P05_V83,12,Q3N:R4L:S8K,-0.002213186037085,-1.1809496895388558
5,P05_V83,13,F2Q:Q3N:S8L,-0.0057235169961655,-0.986935588422838
5,P05_V83,14,L7I:S8T:Q9A,-0.0108024138253726,-0.7832497017597474
5,P05_V83,15,Q3G:S8T:Q9K,-0.0201482408878914,-0.9589762762975816
5,P05_V83,16,Q3G:R4T:Q9A,-0.0216449301145295,-0.8104307645842054
5,P05_V83,17,R4H:S8K:Q9K,-0.0264896425899973,-0.9742187004530488
5,P05_V83,18,Q3N:L7Q:S8K,-0.0946060142651306,-0.8345519464632106
5,P05_V83,19,Q3G:R4T:S8T,-0.1078018388509274,-0.6632815527343059
5,P05_V83,20,S8T:Q9K:A11S,-0.1223651767118672,-0.9526274648787812
5,P05_V83,21,R4T:S8T:Q9A,-0.1228145274013278,-0.9779231958040024
5,P05_V83,22,Q3G:A5I:S8L,-0.1629597046243429,-0.3869699245664228
5,P05_V83,23,F2Q:R4C:S8K,-0.1672723138196143,-1.9422874274045447
5,P05_V83,24,R4T:S8T:A11S,-0.1718828642361403,-1.1846570088100294
5,P05_V83,25,R4H:A5M:Q9A,-0.2259284070792653,-1.4736896408691575
5,P05_V83,26,R4A:L7I:S8L,-0.2492131827320143,-1.4793732269343214
5,P05_V83,27,F2Q:Q3G:S8K,-0.2793817032300913,-0.6814278362325409
5,P05_V83,28,Q3G:R4H:H10Y,-0.3126234244916892,-1.5715565454143845
5,P05_V83,29,F2Q:Q3G:R4A,-0.3254462459220966,-1.6602664246024788
5,P05_V83,30,F2Q:R4T:L7Q,-0.346954700866771,-1.1841153015115782
5,P05_V83,31,L7I:S8L:Q9A,-0.3559457969492348,-1.572160858539961
5,P05_V83,32,R4H:S8L:Q9A,-0.3717037090541024,-1.3667301976133843
5,P05_V83,33,Q3G:R4C:S8K,-0.3743974049415249,-2.027351669758336
5,P05_V83,34,A5I:L7I:Q9A,-0.3817694987390534,-1.035385435476969
5,P05_V83,35,F2Q:Q3G:L7Q,-0.3887259207210329,-3.135507813992944
5,P05_V83,36,F2Q:Q3G:R4T,-0.4046822664209826,-2.147812440847908
5,P05_V83,37,L7I:S8T:Q9K,-0.4119042355493166,-3.0039024793712468
5,P05_V83,38,F2W:Q3N:R4Q,-0.425754087682241,-1.1437923015537506
5,P05_V83,39,Q3N:R4T:L7Q,-0.4507532702210701,-0.6107595170149942
5,P05_V83,40,Q3G:L7V:Q9R,-0.4601308460393472,-0.3625333520603385
5,P05_V83,41,Q3G:R4T:L7Q,-0.462737721633922,-0.5266214326936262
5,P05_V83,42,L7I:S8R:Q9A,-0.4691892522666512,-1.0368216197624054
5,P05_V83,43,R4T:L7I:Q9A,-0.515621662183694,-0.9815612019550424
5,P05_V83,44,F2Q:Q3G:A11S,-0.5180648222907109,-1.0045253856726666
5,P05_V83,45,F2Q:R4A:S8L,-0.5429199384608616,-1.677616028565463
5,P05_V83,46,Q6R:S8T:Q9R,-0.5485342374667725,-1.4290846662007892
5,P05_V83,47,F2Q:R4Q:Q9A,-0.5508574618002542,-2.8981991854807863
5,P05_V83,48,Q3N:R4Q:S8R,-0.5583275010736796,-0.6240982301244231
5,P05_V83,49,F2Q:R4A:S8C,-0.5585550078444054,-1.5602765189036822
5,P05_V83,50,A5M:S8C:Q9K,-0.5623408271837775,-4.13657999295236
10,P10_B3,1,R4A:A5I:S8L,0.1899799317211303,-0.5959737844806169
10,P10_B3,2,R4H:L7Q:A11S,0.1320368670707061,-2.15913490516554
10,P10_B3,3,Q3G:R4C:S8K,0.0459258204258109,-2.027351669758336
10,P10_B3,4,R4C:Q6R:S8K,0.0246040375546965,-1.20328565852951
10,P10_B3,5,Q3N:R4T:L7Q,0.0191420211384789,-0.6107595170149942
10,P10_B3,6,R4P:L7V:Q9R,-0.0460608659839334,-1.308196828527271
10,P10_B3,7,F2Q:Q3G:S8K,-0.1068369222637055,-0.6814278362325409
10,P10_B3,8,Q3G:L7V:Q9R,-0.1112924631988114,-0.3625333520603385
10,P10_B3,9,Q3N:R4H:S8K,-0.115513529201624,-0.4799078396285671
10,P10_B3,10,R4H:L7Q:S8T,-0.1574097569608121,-0.5783283653652577
10,P10_B3,11,Q3G:R4T:S8T,-0.1882396559585037,-0.6632815527343059
10,P10_B3,12,Q3G:R4H:L7V,-0.2255528154746855,-0.6708212727112677
10,P10_B3,13,A5I:L7I:Q9A,-0.2560113172911875,-1.035385435476969
10,P10_B3,14,F2W:Q3N:A5I,-0.2603170636550631,-0.5725343688238629
10,P10_B3,15,R4A:L7I:S8L,-0.2772500483155349,-1.4793732269343214
10,P10_B3,16,R4C:S8K:H10F,-0.2778232383020219,-2.7266226396275965
10,P10_B3,17,F2Q:Q3G:R4T,-0.3010455030250312,-2.147812440847908
10,P10_B3,18,Q3N:R4Q:S8R,-0.3031465388438918,-0.6240982301244231
10,P10_B3,19,R4H:L7V:H10F,-0.3044026262045538,-1.3539626402593143
10,P10_B3,20,R4H:A5I:S8T,-0.3051763234776952,-0.4415656796323734
10,P10_B3,21,R4T:L7V:Q9A,-0.352131993682917,-0.7577633378803301
10,P10_B3,22,Q3N:R4P:L7V,-0.3607288771800276,-0.5291433586857557
10,P10_B3,23,R4T:S8T:Q9A,-0.3623081971604451,-0.9779231958040024
10,P10_B3,24,Q3G:L7I:Q9K,-0.3730157852847492,-0.7100208409144391
10,P10_B3,25,Q3N:L7Q:S8K,-0.3771362848174824,-0.8345519464632106
10,P10_B3,26,Q3G:A5I:S8L,-0.3885217582283731,-0.3869699245664228
10,P10_B3,27,Q3N:R4C:S8R,-0.3945254565277798,-1.4603825937467116
10,P10_B3,28,F2Q:Q3N:L7Q,-0.410610087784111,-2.869836022472667
10,P10_B3,29,R4H:A5M:Q9A,-0.412481164509573,-1.4736896408691575
10,P10_B3,30,Q3N:R4T:S8L,-0.4148400344939797,-1.1139584934846127
10,P10_B3,31,F2W:A5I:S8L,-0.4315561355723576,-1.1637871986246988
10,P10_B3,32,F2Q:R4T:L7Q,-0.4334462137231203,-1.1841153015115782
10,P10_B3,33,Q3G:R4A:A5I,-0.4391035793612048,-0.2791330569054374
10,P10_B3,34,Q3G:A5I:A11S,-0.439216219153159,-0.97419633758392
10,P10_B3,35,L7I:S8T:Q9A,-0.4404560081616165,-0.7832497017597474
10,P10_B3,36,Q3G:L7I:H10F,-0.44362025610089,-0.2574370122689632
10,P10_B3,37,Q3G:A5I:S8C,-0.4466798766408985,-0.4293621056764204
10,P10_B3,38,R4L:A5I:A11S,-0.4479965089944753,-0.6558269256466324
10,P10_B3,39,Q3N:R4L:S8K,-0.4493219814358173,-1.1809496895388558
10,P10_B3,40,F2Q:R4C:S8K,-0.4518977737130333,-1.9422874274045447
10,P10_B3,41,L7Q:S8T:A11S,-0.4602934558775828,-3.1344593890466785
10,P10_B3,42,R4H:S8T:Q9A,-0.4957168173659015,-0.815644905950467
10,P10_B3,43,F2Q:Q3G:R4A,-0.4959464279907676,-1.6602664246024788
10,P10_B3,44,Q3G:R4T:Q9A,-0.5078267876656437,-0.8104307645842054
10,P10_B3,45,Q3N:S8K:Q9R,-0.5085102227963714,-0.3348593388939133
10,P10_B3,46,F2W:Q3N:R4Q,-0.5101549657494857,-1.1437923015537506
10,P10_B3,47,F2W:R4T:A5I,-0.5177885108334088,0.2335165351952707
10,P10_B3,48,A5M:S8T:Q9R,-0.5329430540132518,-0.4388024315932534
10,P10_B3,49,R4H:S8K:Q9A,-0.5668100423591593,-0.92226578883002
10,P10_B3,50,F2W:A5I:Q6R,-0.5793858973795138,-1.451230855536926
10,P10_B5,1,R4A:A5I:S8L,0.1899799317211303,-0.5959737844806169
10,P10_B5,2,R4H:L7Q:A11S,0.1320368670707061,-2.15913490516554
10,P10_B5,3,Q3G:R4C:S8K,0.0459258204258109,-2.027351669758336
10,P10_B5,4,R4C:Q6R:S8K,0.0246040375546965,-1.20328565852951
10,P10_B5,5,Q3N:R4T:L7Q,0.0191420211384789,-0.6107595170149942
10,P10_B5,6,R4P:L7V:Q9R,-0.0460608659839334,-1.308196828527271
10,P10_B5,7,F2Q:Q3G:S8K,-0.1068369222637055,-0.6814278362325409
10,P10_B5,8,Q3G:L7V:Q9R,-0.1112924631988114,-0.3625333520603385
10,P10_B5,9,Q3N:R4H:S8K,-0.115513529201624,-0.4799078396285671
10,P10_B5,10,R4H:L7Q:S8T,-0.1574097569608121,-0.5783283653652577
10,P10_B5,11,Q3G:R4T:S8T,-0.1882396559585037,-0.6632815527343059
10,P10_B5,12,Q3G:R4H:L7V,-0.2255528154746855,-0.6708212727112677
10,P10_B5,13,A5I:L7I:Q9A,-0.2560113172911875,-1.035385435476969
10,P10_B5,14,F2W:Q3N:A5I,-0.2603170636550631,-0.5725343688238629
10,P10_B5,15,R4A:L7I:S8L,-0.2772500483155349,-1.4793732269343214
10,P10_B5,16,R4C:S8K:H10F,-0.2778232383020219,-2.7266226396275965
10,P10_B5,17,F2Q:Q3G:R4T,-0.3010455030250312,-2.147812440847908
10,P10_B5,18,Q3N:R4Q:S8R,-0.3031465388438918,-0.6240982301244231
10,P10_B5,19,R4H:L7V:H10F,-0.3044026262045538,-1.3539626402593143
10,P10_B5,20,R4H:A5I:S8T,-0.3051763234776952,-0.4415656796323734
10,P10_B5,21,R4T:L7V:Q9A,-0.352131993682917,-0.7577633378803301
10,P10_B5,22,Q3N:R4P:L7V,-0.3607288771800276,-0.5291433586857557
10,P10_B5,23,R4T:S8T:Q9A,-0.3623081971604451,-0.9779231958040024
10,P10_B5,24,Q3G:L7I:Q9K,-0.3730157852847492,-0.7100208409144391
10,P10_B5,25,Q3N:L7Q:S8K,-0.3771362848174824,-0.8345519464632106
10,P10_B5,26,Q3G:A5I:S8L,-0.3885217582283731,-0.3869699245664228
10,P10_B5,27,Q3N:R4C:S8R,-0.3945254565277798,-1.4603825937467116
10,P10_B5,28,F2Q:Q3N:L7Q,-0.410610087784111,-2.869836022472667
10,P10_B5,29,R4H:A5M:Q9A,-0.412481164509573,-1.4736896408691575
10,P10_B5,30,Q3N:R4T:S8L,-0.4148400344939797,-1.1139584934846127
10,P10_B5,31,F2W:A5I:S8L,-0.4315561355723576,-1.1637871986246988
10,P10_B5,32,F2Q:R4T:L7Q,-0.4334462137231203,-1.1841153015115782
10,P10_B5,33,Q3G:R4A:A5I,-0.4391035793612048,-0.2791330569054374
10,P10_B5,34,Q3G:A5I:A11S,-0.439216219153159,-0.97419633758392
10,P10_B5,35,L7I:S8T:Q9A,-0.4404560081616165,-0.7832497017597474
10,P10_B5,36,Q3G:L7I:H10F,-0.44362025610089,-0.2574370122689632
10,P10_B5,37,Q3G:A5I:S8C,-0.4466798766408985,-0.4293621056764204
10,P10_B5,38,R4L:A5I:A11S,-0.4479965089944753,-0.6558269256466324
10,P10_B5,39,Q3N:R4L:S8K,-0.4493219814358173,-1.1809496895388558
10,P10_B5,40,F2Q:R4C:S8K,-0.4518977737130333,-1.9422874274045447
10,P10_B5,41,L7Q:S8T:A11S,-0.4602934558775828,-3.1344593890466785
10,P10_B5,42,R4H:S8T:Q9A,-0.4957168173659015,-0.815644905950467
10,P10_B5,43,F2Q:Q3G:R4A,-0.4959464279907676,-1.6602664246024788
10,P10_B5,44,Q3G:R4T:Q9A,-0.5078267876656437,-0.8104307645842054
10,P10_B5,45,Q3N:S8K:Q9R,-0.5085102227963714,-0.3348593388939133
10,P10_B5,46,F2W:Q3N:R4Q,-0.5101549657494857,-1.1437923015537506
10,P10_B5,47,F2W:R4T:A5I,-0.5177885108334088,0.2335165351952707
10,P10_B5,48,A5M:S8T:Q9R,-0.5329430540132518,-0.4388024315932534
10,P10_B5,49,R4H:S8K:Q9A,-0.5668100423591593,-0.92226578883002
10,P10_B5,50,F2W:A5I:Q6R,-0.5793858973795138,-1.451230855536926
10,P10_V83,1,R4A:A5I:S8L,0.1899799317211303,-0.5959737844806169
10,P10_V83,2,R4H:L7Q:A11S,0.1320368670707061,-2.15913490516554
10,P10_V83,3,Q3G:R4C:S8K,0.0459258204258109,-2.027351669758336
10,P10_V83,4,R4C:Q6R:S8K,0.0246040375546965,-1.20328565852951
10,P10_V83,5,Q3N:R4T:L7Q,0.0191420211384789,-0.6107595170149942
10,P10_V83,6,R4P:L7V:Q9R,-0.0460608659839334,-1.308196828527271
10,P10_V83,7,F2Q:Q3G:S8K,-0.1068369222637055,-0.6814278362325409
10,P10_V83,8,Q3G:L7V:Q9R,-0.1112924631988114,-0.3625333520603385
10,P10_V83,9,Q3N:R4H:S8K,-0.115513529201624,-0.4799078396285671
10,P10_V83,10,R4H:L7Q:S8T,-0.1574097569608121,-0.5783283653652577
10,P10_V83,11,Q3G:R4T:S8T,-0.1882396559585037,-0.6632815527343059
10,P10_V83,12,Q3G:R4H:L7V,-0.2255528154746855,-0.6708212727112677
10,P10_V83,13,A5I:L7I:Q9A,-0.2560113172911875,-1.035385435476969
10,P10_V83,14,F2W:Q3N:A5I,-0.2603170636550631,-0.5725343688238629
10,P10_V83,15,R4A:L7I:S8L,-0.2772500483155349,-1.4793732269343214
10,P10_V83,16,R4C:S8K:H10F,-0.2778232383020219,-2.7266226396275965
10,P10_V83,17,F2Q:Q3G:R4T,-0.3010455030250312,-2.147812440847908
10,P10_V83,18,Q3N:R4Q:S8R,-0.3031465388438918,-0.6240982301244231
10,P10_V83,19,R4H:L7V:H10F,-0.3044026262045538,-1.3539626402593143
10,P10_V83,20,R4H:A5I:S8T,-0.3051763234776952,-0.4415656796323734
10,P10_V83,21,R4T:L7V:Q9A,-0.352131993682917,-0.7577633378803301
10,P10_V83,22,Q3N:R4P:L7V,-0.3607288771800276,-0.5291433586857557
10,P10_V83,23,R4T:S8T:Q9A,-0.3623081971604451,-0.9779231958040024
10,P10_V83,24,Q3G:L7I:Q9K,-0.3730157852847492,-0.7100208409144391
10,P10_V83,25,Q3N:L7Q:S8K,-0.3771362848174824,-0.8345519464632106
10,P10_V83,26,Q3G:A5I:S8L,-0.3885217582283731,-0.3869699245664228
10,P10_V83,27,Q3N:R4C:S8R,-0.3945254565277798,-1.4603825937467116
10,P10_V83,28,F2Q:Q3N:L7Q,-0.410610087784111,-2.869836022472667
10,P10_V83,29,R4H:A5M:Q9A,-0.412481164509573,-1.4736896408691575
10,P10_V83,30,Q3N:R4T:S8L,-0.4148400344939797,-1.1139584934846127
10,P10_V83,31,F2W:A5I:S8L,-0.4315561355723576,-1.1637871986246988
10,P10_V83,32,F2Q:R4T:L7Q,-0.4334462137231203,-1.1841153015115782
10,P10_V83,33,Q3G:R4A:A5I,-0.4391035793612048,-0.2791330569054374
10,P10_V83,34,Q3G:A5I:A11S,-0.439216219153159,-0.97419633758392
10,P10_V83,35,L7I:S8T:Q9A,-0.4404560081616165,-0.7832497017597474
10,P10_V83,36,Q3G:L7I:H10F,-0.44362025610089,-0.2574370122689632
10,P10_V83,37,Q3G:A5I:S8C,-0.4466798766408985,-0.4293621056764204
10,P10_V83,38,R4L:A5I:A11S,-0.4479965089944753,-0.6558269256466324
10,P10_V83,39,Q3N:R4L:S8K,-0.4493219814358173,-1.1809496895388558
10,P10_V83,40,F2Q:R4C:S8K,-0.4518977737130333,-1.9422874274045447
10,P10_V83,41,L7Q:S8T:A11S,-0.4602934558775828,-3.1344593890466785
10,P10_V83,42,R4H:S8T:Q9A,-0.4957168173659015,-0.815644905950467
10,P10_V83,43,F2Q:Q3G:R4A,-0.4959464279907676,-1.6602664246024788
10,P10_V83,44,Q3G:R4T:Q9A,-0.5078267876656437,-0.8104307645842054
10,P10_V83,45,Q3N:S8K:Q9R,-0.5085102227963714,-0.3348593388939133
10,P10_V83,46,F2W:Q3N:R4Q,-0.5101549657494857,-1.1437923015537506
10,P10_V83,47,F2W:R4T:A5I,-0.5177885108334088,0.2335165351952707
10,P10_V83,48,A5M:S8T:Q9R,-0.5329430540132518,-0.4388024315932534
10,P10_V83,49,R4H:S8K:Q9A,-0.5668100423591593,-0.92226578883002
10,P10_V83,50,F2W:A5I:Q6R,-0.5793858973795138,-1.451230855536926
20,P20_B3,1,Q3G:R4H:L7Q,0.5108435262536306,-0.7374599495432862
20,P20_B3,2,R4H:L7Q:A11S,0.2954724554332806,-2.15913490516554
20,P20_B3,3,Q3G:R4T:L7Q,0.0547556181107173,-0.5266214326936262
20,P20_B3,4,R4T:L7Q:S8C,0.0387341620587162,-1.0573376919894282
20,P20_B3,5,Q3G:R4T:S8T,-0.0468055972976177,-0.6632815527343059
20,P20_B3,6,Q3N:S8K:Q9R,-0.0566393962789233,-0.3348593388939133
20,P20_B3,7,Q3N:R4Q:S8R,-0.0810725595248584,-0.6240982301244231
20,P20_B3,8,R4P:L7I:S8T,-0.1097870652780186,-0.6642609669986949
20,P20_B3,9,A5M:S8T:Q9R,-0.1203328463155564,-0.4388024315932534
20,P20_B3,10,Q3G:S8T:Q9K,-0.1502095584603289,-0.9589762762975816
20,P20_B3,11,F2Q:R4T:L7Q,-0.1603752412894503,-1.1841153015115782
20,P20_B3,12,Q3G:R4H:L7V,-0.19079396523008,-0.6708212727112677
20,P20_B3,13,Q3G:R4L:S8T,-0.1991998862908299,-1.6859462003716692
20,P20_B3,14,Q3N:R4C:S8R,-0.2440149680262262,-1.4603825937467116
20,P20_B3,15,Q3G:R4P:L7Q,-0.2506977437603701,-0.5779574535714805
20,P20_B3,16,F2W:Q3N:A5I,-0.2814988417606703,-0.5725343688238629
20,P20_B3,17,L7I:S8T:Q9A,-0.3069260509562947,-0.7832497017597474
20,P20_B3,18,R4P:L7V:Q9R,-0.3179983405400501,-1.308196828527271
20,P20_B3,19,Q3N:L7Q:S8K,-0.3224409969806148,-0.8345519464632106
20,P20_B3,20,Q3G:L7I:Q9K,-0.3294287551393102,-0.7100208409144391
20,P20_B3,21,Q3N:R4T:L7Q,-0.3437518059551738,-0.6107595170149942
20,P20_B3,22,R4T:S8T:Q9A,-0.3560131685603419,-0.9779231958040024
20,P20_B3,23,R4L:S8T:Q9R,-0.3657105149984871,-1.9077789763416704
20,P20_B3,24,R4P:L7V:S8T,-0.3706081135408363,-0.7624306019045212
20,P20_B3,25,Q3G:L7V:S8K,-0.4415040773366228,-0.7025152803568434
20,P20_B3,26,R4T:S8R:Q9A,-0.4646196108828726,-0.7147377734658967
20,P20_B3,27,A5I:S8C:H10F,-0.4875592779867113,-2.515420560224588
20,P20_B3,28,L7I:S8T:Q9K,-0.5016318564571651,-3.0039024793712468
20,P20_B3,29,F2W:Q3N:R4Q,-0.5319614927680869,-1.1437923015537506
20,P20_B3,30,Q3G:S8C:H10F,-0.5486105621991465,-0.8869298283919835
20,P20_B3,31,F2W:Q3G:L7V,-0.5505198059165857,-3.8520269705813233
20,P20_B3,32,Q3N:R4T:Q9R,-0.5575001168238789,-1.2628237755934244
20,P20_B3,33,Q3G:A5M:S8R,-0.5646132359930156,-0.8997218842793134
20,P20_B3,34,R4T:S8T:A11S,-0.5766301548133901,-1.1846570088100294
20,P20_B3,35,A5I:L7I:H10F,-0.5787858017255098,-2.77559450088004
20,P20_B3,36,Q3N:R4A:S8K,-0.5810525518363522,-0.7247494688625663
20,P20_B3,37,R4L:S8R:Q9A,-0.608525403118289,-1.5983007618216885
20,P20_B3,38,Q3G:R4P:L7I,-0.6159246071093266,-0.6722565205296851
20,P20_B3,39,Q3N:R4P:L7V,-0.6371103682115964,-0.5291433586857557
20,P20_B3,40,R4T:L7V:Q9A,-0.6454539556039779,-0.7577633378803301
20,P20_B3,41,Q3G:R4T:Q9A,-0.6694888379940641,-0.8104307645842054
20,P20_B3,42,R4L:A5I:Q6R,-0.6727687657249506,-0.8467949700903907
20,P20_B3,43,Q3N:R4T:S8L,-0.6780109883638257,-1.1139584934846127
20,P20_B3,44,F2Q:Q3G:L7Q,-0.6863022019565727,-3.135507813992944
20,P20_B3,45,Q3G:L7V:Q9R,-0.6965319277644753,-0.3625333520603385
20,P20_B3,46,F2W:R4T:A5I,-0.7032659667239637,0.2335165351952707
20,P20_B3,47,Q3G:R4C:L7I,-0.7061158744990159,-1.0222557742069984
20,P20_B3,48,F2W:Q3N:S8T,-0.7067012432322928,-0.9001837476196061
20,P20_B3,49,Q3G:L7I:H10F,-0.7091277059622125,-0.2574370122689632
20,P20_B3,50,R4P:L7Q:Q9A,-0.713154362031978,-0.9107621980731672
20,P20_B5,1,Q3G:R4H:L7Q,0.5108435262536306,-0.7374599495432862
20,P20_B5,2,R4H:L7Q:A11S,0.2954724554332806,-2.15913490516554
20,P20_B5,3,Q3G:R4T:L7Q,0.0547556181107173,-0.5266214326936262
20,P20_B5,4,R4T:L7Q:S8C,0.0387341620587162,-1.0573376919894282
20,P20_B5,5,Q3G:R4T:S8T,-0.0468055972976177,-0.6632815527343059
20,P20_B5,6,Q3N:S8K:Q9R,-0.0566393962789233,-0.3348593388939133
20,P20_B5,7,Q3N:R4Q:S8R,-0.0810725595248584,-0.6240982301244231
20,P20_B5,8,R4P:L7I:S8T,-0.1097870652780186,-0.6642609669986949
20,P20_B5,9,A5M:S8T:Q9R,-0.1203328463155564,-0.4388024315932534
20,P20_B5,10,Q3G:S8T:Q9K,-0.1502095584603289,-0.9589762762975816
20,P20_B5,11,F2Q:R4T:L7Q,-0.1603752412894503,-1.1841153015115782
20,P20_B5,12,Q3G:R4H:L7V,-0.19079396523008,-0.6708212727112677
20,P20_B5,13,Q3G:R4L:S8T,-0.1991998862908299,-1.6859462003716692
20,P20_B5,14,Q3N:R4C:S8R,-0.2440149680262262,-1.4603825937467116
20,P20_B5,15,Q3G:R4P:L7Q,-0.2506977437603701,-0.5779574535714805
20,P20_B5,16,F2W:Q3N:A5I,-0.2814988417606703,-0.5725343688238629
20,P20_B5,17,L7I:S8T:Q9A,-0.3069260509562947,-0.7832497017597474
20,P20_B5,18,R4P:L7V:Q9R,-0.3179983405400501,-1.308196828527271
20,P20_B5,19,Q3N:L7Q:S8K,-0.3224409969806148,-0.8345519464632106
20,P20_B5,20,Q3G:L7I:Q9K,-0.3294287551393102,-0.7100208409144391
20,P20_B5,21,Q3N:R4T:L7Q,-0.3437518059551738,-0.6107595170149942
20,P20_B5,22,R4T:S8T:Q9A,-0.3560131685603419,-0.9779231958040024
20,P20_B5,23,R4L:S8T:Q9R,-0.3657105149984871,-1.9077789763416704
20,P20_B5,24,R4P:L7V:S8T,-0.3706081135408363,-0.7624306019045212
20,P20_B5,25,Q3G:L7V:S8K,-0.4415040773366228,-0.7025152803568434
20,P20_B5,26,R4T:S8R:Q9A,-0.4646196108828726,-0.7147377734658967
20,P20_B5,27,A5I:S8C:H10F,-0.4875592779867113,-2.515420560224588
20,P20_B5,28,L7I:S8T:Q9K,-0.5016318564571651,-3.0039024793712468
20,P20_B5,29,F2W:Q3N:R4Q,-0.5319614927680869,-1.1437923015537506
20,P20_B5,30,Q3G:S8C:H10F,-0.5486105621991465,-0.8869298283919835
20,P20_B5,31,F2W:Q3G:L7V,-0.5505198059165857,-3.8520269705813233
20,P20_B5,32,Q3N:R4T:Q9R,-0.5575001168238789,-1.2628237755934244
20,P20_B5,33,Q3G:A5M:S8R,-0.5646132359930156,-0.8997218842793134
20,P20_B5,34,R4T:S8T:A11S,-0.5766301548133901,-1.1846570088100294
20,P20_B5,35,A5I:L7I:H10F,-0.5787858017255098,-2.77559450088004
20,P20_B5,36,Q3N:R4A:S8K,-0.5810525518363522,-0.7247494688625663
20,P20_B5,37,R4L:S8R:Q9A,-0.608525403118289,-1.5983007618216885
20,P20_B5,38,Q3G:R4P:L7I,-0.6159246071093266,-0.6722565205296851
20,P20_B5,39,Q3N:R4P:L7V,-0.6371103682115964,-0.5291433586857557
20,P20_B5,40,R4T:L7V:Q9A,-0.6454539556039779,-0.7577633378803301
20,P20_B5,41,Q3G:R4T:Q9A,-0.6694888379940641,-0.8104307645842054
20,P20_B5,42,R4L:A5I:Q6R,-0.6727687657249506,-0.8467949700903907
20,P20_B5,43,Q3N:R4T:S8L,-0.6780109883638257,-1.1139584934846127
20,P20_B5,44,F2Q:Q3G:L7Q,-0.6863022019565727,-3.135507813992944
20,P20_B5,45,Q3G:L7V:Q9R,-0.6965319277644753,-0.3625333520603385
20,P20_B5,46,F2W:R4T:A5I,-0.7032659667239637,0.2335165351952707
20,P20_B5,47,Q3G:R4C:L7I,-0.7061158744990159,-1.0222557742069984
20,P20_B5,48,F2W:Q3N:S8T,-0.7067012432322928,-0.9001837476196061
20,P20_B5,49,Q3G:L7I:H10F,-0.7091277059622125,-0.2574370122689632
20,P20_B5,50,R4P:L7Q:Q9A,-0.713154362031978,-0.9107621980731672
20,P20_V83,1,Q3G:R4H:L7Q,0.5108435262536306,-0.7374599495432862
20,P20_V83,2,R4H:L7Q:A11S,0.2954724554332806,-2.15913490516554
20,P20_V83,3,Q3G:R4T:L7Q,0.0547556181107173,-0.5266214326936262
20,P20_V83,4,R4T:L7Q:S8C,0.0387341620587162,-1.0573376919894282
20,P20_V83,5,Q3G:R4T:S8T,-0.0468055972976177,-0.6632815527343059
20,P20_V83,6,Q3N:S8K:Q9R,-0.0566393962789233,-0.3348593388939133
20,P20_V83,7,Q3N:R4Q:S8R,-0.0810725595248584,-0.6240982301244231
20,P20_V83,8,R4P:L7I:S8T,-0.1097870652780186,-0.6642609669986949
20,P20_V83,9,A5M:S8T:Q9R,-0.1203328463155564,-0.4388024315932534
20,P20_V83,10,Q3G:S8T:Q9K,-0.1502095584603289,-0.9589762762975816
20,P20_V83,11,F2Q:R4T:L7Q,-0.1603752412894503,-1.1841153015115782
20,P20_V83,12,Q3G:R4H:L7V,-0.19079396523008,-0.6708212727112677
20,P20_V83,13,Q3G:R4L:S8T,-0.1991998862908299,-1.6859462003716692
20,P20_V83,14,Q3N:R4C:S8R,-0.2440149680262262,-1.4603825937467116
20,P20_V83,15,Q3G:R4P:L7Q,-0.2506977437603701,-0.5779574535714805
20,P20_V83,16,F2W:Q3N:A5I,-0.2814988417606703,-0.5725343688238629
20,P20_V83,17,L7I:S8T:Q9A,-0.3069260509562947,-0.7832497017597474
20,P20_V83,18,R4P:L7V:Q9R,-0.3179983405400501,-1.308196828527271
20,P20_V83,19,Q3N:L7Q:S8K,-0.3224409969806148,-0.8345519464632106
20,P20_V83,20,Q3G:L7I:Q9K,-0.3294287551393102,-0.7100208409144391
20,P20_V83,21,Q3N:R4T:L7Q,-0.3437518059551738,-0.6107595170149942
20,P20_V83,22,R4T:S8T:Q9A,-0.3560131685603419,-0.9779231958040024
20,P20_V83,23,R4L:S8T:Q9R,-0.3657105149984871,-1.9077789763416704
20,P20_V83,24,R4P:L7V:S8T,-0.3706081135408363,-0.7624306019045212
20,P20_V83,25,Q3G:L7V:S8K,-0.4415040773366228,-0.7025152803568434
20,P20_V83,26,R4T:S8R:Q9A,-0.4646196108828726,-0.7147377734658967
20,P20_V83,27,A5I:S8C:H10F,-0.4875592779867113,-2.515420560224588
20,P20_V83,28,L7I:S8T:Q9K,-0.5016318564571651,-3.0039024793712468
20,P20_V83,29,F2W:Q3N:R4Q,-0.5319614927680869,-1.1437923015537506
20,P20_V83,30,Q3G:S8C:H10F,-0.5486105621991465,-0.8869298283919835
20,P20_V83,31,F2W:Q3G:L7V,-0.5505198059165857,-3.8520269705813233
20,P20_V83,32,Q3N:R4T:Q9R,-0.5575001168238789,-1.2628237755934244
20,P20_V83,33,Q3G:A5M:S8R,-0.5646132359930156,-0.8997218842793134
20,P20_V83,34,R4T:S8T:A11S,-0.5766301548133901,-1.1846570088100294
20,P20_V83,35,A5I:L7I:H10F,-0.5787858017255098,-2.77559450088004
20,P20_V83,36,Q3N:R4A:S8K,-0.5810525518363522,-0.7247494688625663
20,P20_V83,37,R4L:S8R:Q9A,-0.608525403118289,-1.5983007618216885
20,P20_V83,38,Q3G:R4P:L7I,-0.6159246071093266,-0.6722565205296851
20,P20_V83,39,Q3N:R4P:L7V,-0.6371103682115964,-0.5291433586857557
20,P20_V83,40,R4T:L7V:Q9A,-0.6454539556039779,-0.7577633378803301
20,P20_V83,41,Q3G:R4T:Q9A,-0.6694888379940641,-0.8104307645842054
20,P20_V83,42,R4L:A5I:Q6R,-0.6727687657249506,-0.8467949700903907
20,P20_V83,43,Q3N:R4T:S8L,-0.6780109883638257,-1.1139584934846127
20,P20_V83,44,F2Q:Q3G:L7Q,-0.6863022019565727,-3.135507813992944
20,P20_V83,45,Q3G:L7V:Q9R,-0.6965319277644753,-0.3625333520603385
20,P20_V83,46,F2W:R4T:A5I,-0.7032659667239637,0.2335165351952707
20,P20_V83,47,Q3G:R4C:L7I,-0.7061158744990159,-1.0222557742069984
20,P20_V83,48,F2W:Q3N:S8T,-0.7067012432322928,-0.9001837476196061
20,P20_V83,49,Q3G:L7I:H10F,-0.7091277059622125,-0.2574370122689632
20,P20_V83,50,R4P:L7Q:Q9A,-0.713154362031978,-0.9107621980731672
40,P40_B3,1,R4L:A5I:Q6R,0.171141788745238,-0.8467949700903907
40,P40_B3,2,R4T:L7Q:S8C,0.0424926273878136,-1.0573376919894282
40,P40_B3,3,Q3G:R4H:L7Q,0.0037382406953989,-0.7374599495432862
40,P40_B3,4,Q3N:S8K:Q9R,-0.0091864966192378,-0.3348593388939133
40,P40_B3,5,Q3N:R4A:Q9A,-0.0978647180985995,-1.0776045288949585
40,P40_B3,6,L7I:S8T:Q9A,-0.1308361699825468,-0.7832497017597474
40,P40_B3,7,Q3N:R4Q:S8R,-0.1597970576449179,-0.6240982301244231
40,P40_B3,8,R4H:A5I:S8T,-0.165473894391319,-0.4415656796323734
40,P40_B3,9,F2W:A5I:Q6R,-0.172105865167603,-1.451230855536926
40,P40_B3,10,R4H:A5I:S8K,-0.2025753531091743,-0.5229489487969214
40,P40_B3,11,Q3G:R4T:L7Q,-0.2686097653147197,-0.5266214326936262
40,P40_B3,12,R4C:Q9R:H10F,-0.2849513733756434,-1.9580380453297077
40,P40_B3,13,Q3N:R4A:S8K,-0.3066509499082014,-0.7247494688625663
40,P40_B3,14,R4P:L7Q:Q9A,-0.3336089143333363,-0.9107621980731672
40,P40_B3,15,Q3N:R4P:L7V,-0.3374048781811271,-0.5291433586857557
40,P40_B3,16,R4P:L7I:S8T,-0.3593284835394803,-0.6642609669986949
40,P40_B3,17,F2W:R4T:A5I,-0.3612399524205316,0.2335165351952707
40,P40_B3,18,R4T:S8T:Q9A,-0.365826802451042,-0.9779231958040024
40,P40_B3,19,R4H:L7Q:S8T,-0.3876245961964395,-0.5783283653652577
40,P40_B3,20,Q3G:R4H:L7V,-0.3939786502551982,-0.6708212727112677
40,P40_B3,21,Q3N:R4Q:L7V,-0.4034696385805829,-0.7072310828370665
40,P40_B3,22,R4A:S8K:Q9A,-0.4145438589035712,-1.118890082913886
40,P40_B3,23,Q3N:R4T:L7Q,-0.4154473387582972,-0.6107595170149942
40,P40_B3,24,Q3N:R4A:Q6R,-0.4230786672205202,-1.1636494843753955
40,P40_B3,25,R4A:A5I:S8L,-0.4260241348816427,-0.5959737844806169
40,P40_B3,26,Q3N:R4Q:H10F,-0.4344848703186277,-0.8273986975267078
40,P40_B3,27,F2Q:R4T:L7Q,-0.4397125889553304,-1.1841153015115782
40,P40_B3,28,Q3G:R4T:Q9A,-0.4417377197033805,-0.8104307645842054
40,P40_B3,29,R4P:L7Q:Q9R,-0.4517152081559781,-0.5144550691875251
40,P40_B3,30,R4H:L7I:Q9R,-0.4775963352762344,-0.8318905393925429
40,P40_B3,31,Q3G:R4H:S8K,-0.4841572189489925,-0.7723960427416037
40,P40_B3,32,Q3G:R4H:A5I,-0.4843998558439746,-0.4344916922371766
40,P40_B3,33,Q3G:R4H:H10Y,-0.5040271637113696,-1.5715565454143845
40,P40_B3,34,F2W:Q3N:A5I,-0.5077271467586219,-0.5725343688238629
40,P40_B3,35,Q3G:R4C:S8K,-0.510595262883043,-2.027351669758336
40,P40_B3,36,Q3N:R4Q:Q6R,-0.5143379025253134,-1.2486344252743002
40,P40_B3,37,Q3N:L7V:H10F,-0.5281382435679853,-0.4399984103913694
40,P40_B3,38,R4H:S8T:Q9A,-0.5416519672359981,-0.815644905950467
40,P40_B3,39,R4P:L7I:Q9R,-0.5533026133334373,-1.2875023046078713
40,P40_B3,40,R4T:S8R:Q9A,-0.5569577641235289,-0.7147377734658967
40,P40_B3,41,R4Q:S8K:Q9A,-0.5662173676940776,-0.7242483700038569
40,P40_B3,42,Q3N:R4T:Q9R,-0.578272989256103,-1.2628237755934244
40,P40_B3,43,R4T:L7V:Q9A,-0.5803282009106591,-0.7577633378803301
40,P40_B3,44,R4P:L7V:Q9R,-0.5835995230842738,-1.308196828527271
40,P40_B3,45,Q3G:Q9K:H10Y,-0.5907249741425291,-1.7611868542091078
40,P40_B3,46,R4P:L7V:S8T,-0.6033705548599426,-0.7624306019045212
40,P40_B3,47,R4T:L7I:Q9A,-0.6126366165020223,-0.9815612019550424
40,P40_B3,48,Q3G:L7I:Q9K,-0.6141892605393725,-0.7100208409144391
40,P40_B3,49,R4C:Q6R:L7I,-0.6328607688715675,-1.2120277895175335
40,P40_B3,50,R4A:S8R:Q9R,-0.634504837609559,-0.7961930607294571
40,P40_B5,1,R4L:A5I:Q6R,0.171141788745238,-0.8467949700903907
40,P40_B5,2,R4T:L7Q:S8C,0.0424926273878136,-1.0573376919894282
40,P40_B5,3,Q3G:R4H:L7Q,0.0037382406953989,-0.7374599495432862
40,P40_B5,4,Q3N:S8K:Q9R,-0.0091864966192378,-0.3348593388939133
40,P40_B5,5,Q3N:R4A:Q9A,-0.0978647180985995,-1.0776045288949585
40,P40_B5,6,L7I:S8T:Q9A,-0.1308361699825468,-0.7832497017597474
40,P40_B5,7,Q3N:R4Q:S8R,-0.1597970576449179,-0.6240982301244231
40,P40_B5,8,R4H:A5I:S8T,-0.165473894391319,-0.4415656796323734
40,P40_B5,9,F2W:A5I:Q6R,-0.172105865167603,-1.451230855536926
40,P40_B5,10,R4H:A5I:S8K,-0.2025753531091743,-0.5229489487969214
40,P40_B5,11,Q3G:R4T:L7Q,-0.2686097653147197,-0.5266214326936262
40,P40_B5,12,R4C:Q9R:H10F,-0.2849513733756434,-1.9580380453297077
40,P40_B5,13,Q3N:R4A:S8K,-0.3066509499082014,-0.7247494688625663
40,P40_B5,14,R4P:L7Q:Q9A,-0.3336089143333363,-0.9107621980731672
40,P40_B5,15,Q3N:R4P:L7V,-0.3374048781811271,-0.5291433586857557
40,P40_B5,16,R4P:L7I:S8T,-0.3593284835394803,-0.6642609669986949
40,P40_B5,17,F2W:R4T:A5I,-0.3612399524205316,0.2335165351952707
40,P40_B5,18,R4T:S8T:Q9A,-0.365826802451042,-0.9779231958040024
40,P40_B5,19,R4H:L7Q:S8T,-0.3876245961964395,-0.5783283653652577
40,P40_B5,20,Q3G:R4H:L7V,-0.3939786502551982,-0.6708212727112677
40,P40_B5,21,Q3N:R4Q:L7V,-0.4034696385805829,-0.7072310828370665
40,P40_B5,22,R4A:S8K:Q9A,-0.4145438589035712,-1.118890082913886
40,P40_B5,23,Q3N:R4T:L7Q,-0.4154473387582972,-0.6107595170149942
40,P40_B5,24,Q3N:R4A:Q6R,-0.4230786672205202,-1.1636494843753955
40,P40_B5,25,R4A:A5I:S8L,-0.4260241348816427,-0.5959737844806169
40,P40_B5,26,Q3N:R4Q:H10F,-0.4344848703186277,-0.8273986975267078
40,P40_B5,27,F2Q:R4T:L7Q,-0.4397125889553304,-1.1841153015115782
40,P40_B5,28,Q3G:R4T:Q9A,-0.4417377197033805,-0.8104307645842054
40,P40_B5,29,R4P:L7Q:Q9R,-0.4517152081559781,-0.5144550691875251
40,P40_B5,30,R4H:L7I:Q9R,-0.4775963352762344,-0.8318905393925429
40,P40_B5,31,Q3G:R4H:S8K,-0.4841572189489925,-0.7723960427416037
40,P40_B5,32,Q3G:R4H:A5I,-0.4843998558439746,-0.4344916922371766
40,P40_B5,33,Q3G:R4H:H10Y,-0.5040271637113696,-1.5715565454143845
40,P40_B5,34,F2W:Q3N:A5I,-0.5077271467586219,-0.5725343688238629
40,P40_B5,35,Q3G:R4C:S8K,-0.510595262883043,-2.027351669758336
40,P40_B5,36,Q3N:R4Q:Q6R,-0.5143379025253134,-1.2486344252743002
40,P40_B5,37,Q3N:L7V:H10F,-0.5281382435679853,-0.4399984103913694
40,P40_B5,38,R4H:S8T:Q9A,-0.5416519672359981,-0.815644905950467
40,P40_B5,39,R4P:L7I:Q9R,-0.5533026133334373,-1.2875023046078713
40,P40_B5,40,R4T:S8R:Q9A,-0.5569577641235289,-0.7147377734658967
40,P40_B5,41,R4Q:S8K:Q9A,-0.5662173676940776,-0.7242483700038569
40,P40_B5,42,Q3N:R4T:Q9R,-0.578272989256103,-1.2628237755934244
40,P40_B5,43,R4T:L7V:Q9A,-0.5803282009106591,-0.7577633378803301
40,P40_B5,44,R4P:L7V:Q9R,-0.5835995230842738,-1.308196828527271
40,P40_B5,45,Q3G:Q9K:H10Y,-0.5907249741425291,-1.7611868542091078
40,P40_B5,46,R4P:L7V:S8T,-0.6033705548599426,-0.7624306019045212
40,P40_B5,47,R4T:L7I:Q9A,-0.6126366165020223,-0.9815612019550424
40,P40_B5,48,Q3G:L7I:Q9K,-0.6141892605393725,-0.7100208409144391
40,P40_B5,49,R4C:Q6R:L7I,-0.6328607688715675,-1.2120277895175335
40,P40_B5,50,R4A:S8R:Q9R,-0.634504837609559,-0.7961930607294571
40,P40_V83,1,R4L:A5I:Q6R,0.171141788745238,-0.8467949700903907
40,P40_V83,2,R4T:L7Q:S8C,0.0424926273878136,-1.0573376919894282
40,P40_V83,3,Q3G:R4H:L7Q,0.0037382406953989,-0.7374599495432862
40,P40_V83,4,Q3N:S8K:Q9R,-0.0091864966192378,-0.3348593388939133
40,P40_V83,5,Q3N:R4A:Q9A,-0.0978647180985995,-1.0776045288949585
40,P40_V83,6,L7I:S8T:Q9A,-0.1308361699825468,-0.7832497017597474
40,P40_V83,7,Q3N:R4Q:S8R,-0.1597970576449179,-0.6240982301244231
40,P40_V83,8,R4H:A5I:S8T,-0.165473894391319,-0.4415656796323734
40,P40_V83,9,F2W:A5I:Q6R,-0.172105865167603,-1.451230855536926
40,P40_V83,10,R4H:A5I:S8K,-0.2025753531091743,-0.5229489487969214
40,P40_V83,11,Q3G:R4T:L7Q,-0.2686097653147197,-0.5266214326936262
40,P40_V83,12,R4C:Q9R:H10F,-0.2849513733756434,-1.9580380453297077
40,P40_V83,13,Q3N:R4A:S8K,-0.3066509499082014,-0.7247494688625663
40,P40_V83,14,R4P:L7Q:Q9A,-0.3336089143333363,-0.9107621980731672
40,P40_V83,15,Q3N:R4P:L7V,-0.3374048781811271,-0.5291433586857557
40,P40_V83,16,R4P:L7I:S8T,-0.3593284835394803,-0.6642609669986949
40,P40_V83,17,F2W:R4T:A5I,-0.3612399524205316,0.2335165351952707
40,P40_V83,18,R4T:S8T:Q9A,-0.365826802451042,-0.9779231958040024
40,P40_V83,19,R4H:L7Q:S8T,-0.3876245961964395,-0.5783283653652577
40,P40_V83,20,Q3G:R4H:L7V,-0.3939786502551982,-0.6708212727112677
40,P40_V83,21,Q3N:R4Q:L7V,-0.4034696385805829,-0.7072310828370665
40,P40_V83,22,R4A:S8K:Q9A,-0.4145438589035712,-1.118890082913886
40,P40_V83,23,Q3N:R4T:L7Q,-0.4154473387582972,-0.6107595170149942
40,P40_V83,24,Q3N:R4A:Q6R,-0.4230786672205202,-1.1636494843753955
40,P40_V83,25,R4A:A5I:S8L,-0.4260241348816427,-0.5959737844806169
40,P40_V83,26,Q3N:R4Q:H10F,-0.4344848703186277,-0.8273986975267078
40,P40_V83,27,F2Q:R4T:L7Q,-0.4397125889553304,-1.1841153015115782
40,P40_V83,28,Q3G:R4T:Q9A,-0.4417377197033805,-0.8104307645842054
40,P40_V83,29,R4P:L7Q:Q9R,-0.4517152081559781,-0.5144550691875251
40,P40_V83,30,R4H:L7I:Q9R,-0.4775963352762344,-0.8318905393925429
40,P40_V83,31,Q3G:R4H:S8K,-0.4841572189489925,-0.7723960427416037
40,P40_V83,32,Q3G:R4H:A5I,-0.4843998558439746,-0.4344916922371766
40,P40_V83,33,Q3G:R4H:H10Y,-0.5040271637113696,-1.5715565454143845
40,P40_V83,34,F2W:Q3N:A5I,-0.5077271467586219,-0.5725343688238629
40,P40_V83,35,Q3G:R4C:S8K,-0.510595262883043,-2.027351669758336
40,P40_V83,36,Q3N:R4Q:Q6R,-0.5143379025253134,-1.2486344252743002
40,P40_V83,37,Q3N:L7V:H10F,-0.5281382435679853,-0.4399984103913694
40,P40_V83,38,R4H:S8T:Q9A,-0.5416519672359981,-0.815644905950467
40,P40_V83,39,R4P:L7I:Q9R,-0.5533026133334373,-1.2875023046078713
40,P40_V83,40,R4T:S8R:Q9A,-0.5569577641235289,-0.7147377734658967
40,P40_V83,41,R4Q:S8K:Q9A,-0.5662173676940776,-0.7242483700038569
40,P40_V83,42,Q3N:R4T:Q9R,-0.578272989256103,-1.2628237755934244
40,P40_V83,43,R4T:L7V:Q9A,-0.5803282009106591,-0.7577633378803301
40,P40_V83,44,R4P:L7V:Q9R,-0.5835995230842738,-1.308196828527271
40,P40_V83,45,Q3G:Q9K:H10Y,-0.5907249741425291,-1.7611868542091078
40,P40_V83,46,R4P:L7V:S8T,-0.6033705548599426,-0.7624306019045212
40,P40_V83,47,R4T:L7I:Q9A,-0.6126366165020223,-0.9815612019550424
40,P40_V83,48,Q3G:L7I:Q9K,-0.6141892605393725,-0.7100208409144391
40,P40_V83,49,R4C:Q6R:L7I,-0.6328607688715675,-1.2120277895175335
40,P40_V83,50,R4A:S8R:Q9R,-0.634504837609559,-0.7961930607294571
40,RANDOM_HASH,1,S1W:F2A:A11S,0.9958576881326736,-7.269514956765415
40,RANDOM_HASH,2,Q6R:Q9K:H10Y,0.9950335999019444,-4.516991464109737
40,RANDOM_HASH,3,F2Q:R4T:H10F,0.9950167695060372,-1.9210520844001608
40,RANDOM_HASH,4,R4C:H10Y:A11S,0.9945991027634592,-1.373345121498645
40,RANDOM_HASH,5,R4L:L7V:S8L,0.9943081364035606,-2.078289586636529
40,RANDOM_HASH,6,Q3N:L7Q:A11S,0.9926237124018372,-1.1985196451202766
40,RANDOM_HASH,7,R4C:S8T:H10Y,0.9919386794790626,-3.2409157431904
40,RANDOM_HASH,8,A5M:S8T:A11S,0.9918668251484632,-3.2929398443019924
40,RANDOM_HASH,9,S1W:A5I:Q9K,0.990339168580249,-5.198755911903093
40,RANDOM_HASH,10,R4P:L7I:Q9R,0.9891064586117864,-1.2875023046078713
40,RANDOM_HASH,11,Q6R:S8C:Q9K,0.9890658832155168,-3.664131530037199
40,RANDOM_HASH,12,S1W:L7Q:Q9K,0.9879492996260524,-3.529432425429416
40,RANDOM_HASH,13,F2A:R4T:Q6R,0.9864389672875404,-3.825746227403505
40,RANDOM_HASH,14,S1W:R4H:L7I,0.9852453435305506,-4.724104671464102
40,RANDOM_HASH,15,A5I:Q6R:S8L,0.9812014226336032,-0.6127192496596912
40,RANDOM_HASH,16,R4A:S8C:H10Y,0.9811739337164908,-1.717198496072509
40,RANDOM_HASH,17,S1W:R4A:S8C,0.9768410488031803,-4.484211296221346
40,RANDOM_HASH,18,A5M:L7Q:S8T,0.9745078175328672,-0.7302717948995276
40,RANDOM_HASH,19,L7Q:Q9A:H10F,0.9708756729960442,-0.4859699441542705
40,RANDOM_HASH,20,R4H:Q6R:L7V,0.970552436541766,-1.1243285089276591
40,RANDOM_HASH,21,Q3G:R4H:S8K,0.969100683229044,-0.7723960427416037
40,RANDOM_HASH,22,R4Q:L7V:A11S,0.9607631005346776,-1.847982733607384
40,RANDOM_HASH,23,L7V:S8L:A11S,0.9593094382435084,-3.457669543571913
40,RANDOM_HASH,24,A5I:Q6R:H10Y,0.9560084901750088,-0.693442995027442
40,RANDOM_HASH,25,R4H:L7V:H10F,0.9544200864620508,-1.3539626402593143
40,RANDOM_HASH,26,A5I:Q6R:S8K,0.9538570158183576,-0.3720731203688713
40,RANDOM_HASH,27,S1W:L7Q:S8L,0.9538101307116448,-1.5029435281839436
40,RANDOM_HASH,28,R4C:Q6R:L7I,0.9475512788631022,-1.2120277895175335
40,RANDOM_HASH,29,Q3G:L7V:Q9R,0.945939423982054,-0.3625333520603385
40,RANDOM_HASH,30,R4H:S8K:Q9K,0.936514063505456,-0.9742187004530488
40,RANDOM_HASH,31,Q3G:A5I:L7Q,0.93645904911682,-0.8200753515800071
40,RANDOM_HASH,32,F2Q:A5M:L7I,0.9318220065906644,-2.1932735008176207
40,RANDOM_HASH,33,L7I:H10Y:A11S,0.9317828761413692,-1.285203447692148
40,RANDOM_HASH,34,Q6R:L7V:S8R,0.9301137791480868,-2.868823487143537
40,RANDOM_HASH,35,Q3G:L7Q:Q9K,0.929025393910706,-0.356478014916723
40,RANDOM_HASH,36,Q3N:L7Q:H10Y,0.9265688629820944,-0.7933697683374067
40,RANDOM_HASH,37,L7V:S8L:Q9K,0.9259840252343564,-3.6938938320946346
40,RANDOM_HASH,38,A5I:S8K:Q9K,0.9221028303727508,-2.7261112094386104
40,RANDOM_HASH,39,S1W:R4C:L7V,0.9207846086937934,-3.5787046309488506
40,RANDOM_HASH,40,L7V:S8L:H10F,0.9202670387458056,-3.116447038547837
40,RANDOM_HASH,41,S1W:L7I:S8T,0.9192143804393708,-5.180083844318675
40,RANDOM_HASH,42,Q3G:A5I:A11S,0.9184222957119346,-0.97419633758392
40,RANDOM_HASH,43,F2W:Q3N:A5I,0.917038301937282,-0.5725343688238629
40,RANDOM_HASH,44,R4L:S8L:Q9A,0.9161950433626772,-2.0873283966723784
40,RANDOM_HASH,45,S1W:R4T:S8T,0.9137240340933204,-5.237458732880072
40,RANDOM_HASH,46,S1W:F2A:A5I,0.9131544067058712,-9.813269155007124
40,RANDOM_HASH,47,R4H:S8K:Q9A,0.9130760005209596,-0.92226578883002
40,RANDOM_HASH,48,Q3N:S8K:Q9R,0.9103780062869192,-0.3348593388939133
40,RANDOM_HASH,49,R4P:Q6R:L7Q,0.9102999118622392,-0.9213613927587035
40,RANDOM_HASH,50,S1W:L7I:S8K,0.8996826612856239,-4.021138598322631
40,P40_SHUFFLE_V83,1,Q3G:Q9K:H10Y,0.3656538800049596,-1.7611868542091078
40,P40_SHUFFLE_V83,2,R4A:Q9R:H10Y,0.1747839878546599,-1.99480146207358
40,P40_SHUFFLE_V83,3,F2W:R4Q:A5M,-0.0507004466563674,-0.6665308852935543
40,P40_SHUFFLE_V83,4,Q6R:L7I:S8R,-0.1441075872799144,-3.0908664025892114
40,P40_SHUFFLE_V83,5,Q6R:Q9K:H10Y,-0.2923878276947653,-4.516991464109737
40,P40_SHUFFLE_V83,6,Q3G:S8C:H10F,-0.3303964043087579,-0.8869298283919835
40,P40_SHUFFLE_V83,7,R4C:Q9R:H10F,-0.387834805666303,-1.9580380453297077
40,P40_SHUFFLE_V83,8,L7V:Q9K:H10Y,-0.4463984038481534,-1.9991979740357115
40,P40_SHUFFLE_V83,9,Q6R:L7Q:Q9A,-0.4676601775773314,-0.7192164191285216
40,P40_SHUFFLE_V83,10,Q3G:A5I:A11S,-0.4767701175822849,-0.97419633758392
40,P40_SHUFFLE_V83,11,R4L:S8R:Q9A,-0.5211090352995678,-1.5983007618216885
40,P40_SHUFFLE_V83,12,R4H:Q6R:Q9K,-0.5801454219400686,-0.9844490461900296
40,P40_SHUFFLE_V83,13,Q3G:S8K:A11S,-0.5860758613315438,-1.494364922137487
40,P40_SHUFFLE_V83,14,S1W:F2Q:R4T,-0.5993294265811606,-7.144273110969043
40,P40_SHUFFLE_V83,15,F2Q:R4Q:A5M,-0.6238353500674032,-2.890745889306402
40,P40_SHUFFLE_V83,16,R4L:L7I:S8C,-0.6250450922972042,-1.9197364869800195
40,P40_SHUFFLE_V83,17,R4C:Q6R:L7I,-0.6323881602169197,-1.2120277895175335
40,P40_SHUFFLE_V83,18,F2W:R4P:L7I,-0.6716181801975915,-1.2090391309261077
40,P40_SHUFFLE_V83,19,R4P:L7Q:Q9A,-0.6773352085629183,-0.9107621980731672
40,P40_SHUFFLE_V83,20,F2Q:R4C:S8K,-0.6861310396833598,-1.9422874274045447
40,P40_SHUFFLE_V83,21,Q6R:L7I:Q9K,-0.6948142564415751,-3.1125735308058298
40,P40_SHUFFLE_V83,22,R4P:Q9K:H10Y,-0.7175899357807378,-2.21045786592484
40,P40_SHUFFLE_V83,23,S1W:F2W:R4T,-0.726153842757772,-3.4447286426493484
40,P40_SHUFFLE_V83,24,F2W:R4P:A5I,-0.770159148569789,0.5720482342047845
40,P40_SHUFFLE_V83,25,F2Q:Q3G:R4T,-0.8079213899441422,-2.147812440847908
40,P40_SHUFFLE_V83,26,F2Q:A5M:L7I,-0.8148524208662299,-2.1932735008176207
40,P40_SHUFFLE_V83,27,Q3N:R4C:S8R,-0.834701619335692,-1.4603825937467116
40,P40_SHUFFLE_V83,28,Q3G:A5I:Q9R,-0.8490017477475913,-0.51244859185625
40,P40_SHUFFLE_V83,29,F2Q:A5I:Q9R,-0.8589473162834058,-2.459184577737366
40,P40_SHUFFLE_V83,30,L7Q:Q9R:H10F,-0.866623015862942,-0.5685387686570719
40,P40_SHUFFLE_V83,31,Q3N:S8L:H10F,-0.8763655935734902,-1.044193148449284
40,P40_SHUFFLE_V83,32,S8K:Q9R:H10Y,-0.8789799442405863,-1.0805572846906606
40,P40_SHUFFLE_V83,33,Q6R:L7Q:S8R,-0.8899965358176021,-3.021164938027682
40,P40_SHUFFLE_V83,34,F2Q:Q3N:S8L,-0.9051362439125236,-0.986935588422838
40,P40_SHUFFLE_V83,35,R4H:L7Q:S8T,-0.9101681017506966,-0.5783283653652577
40,P40_SHUFFLE_V83,36,A5M:L7Q:S8T,-0.9122142686969466,-0.7302717948995276
40,P40_SHUFFLE_V83,37,F2W:R4T:A5I,-0.9179011735821128,0.2335165351952707
40,P40_SHUFFLE_V83,38,S1W:R4A:L7Q,-0.9183337337751232,-4.252005406588075
40,P40_SHUFFLE_V83,39,R4L:S8K:A11S,-0.9201535009390344,-2.0679996999817227
40,P40_SHUFFLE_V83,40,R4P:L7V:A11S,-0.9455983031553664,-0.9956418249784396
40,P40_SHUFFLE_V83,41,Q3N:R4P:L7V,-0.9473130436477482,-0.5291433586857557
40,P40_SHUFFLE_V83,42,F2Q:Q3G:R4A,-0.9509281671023272,-1.6602664246024788
40,P40_SHUFFLE_V83,43,S1W:F2W:L7I,-0.9680435718076552,-4.025241062003177
40,P40_SHUFFLE_V83,44,A5M:L7I:S8L,-0.9766710379069612,-1.521436691471193
40,P40_SHUFFLE_V83,45,F2W:A5M:L7I,-0.9829205965821732,-2.160559665514285
40,P40_SHUFFLE_V83,46,Q3N:L7Q:H10Y,-0.9868382330205048,-0.7933697683374067
40,P40_SHUFFLE_V83,47,R4L:S8C:Q9A,-0.9873416043744092,-1.1540267625108254
40,P40_SHUFFLE_V83,48,S1W:F2W:Q3N,-0.9937032237520996,-3.7260759072651406
40,P40_SHUFFLE_V83,49,R4T:S8C:H10F,-0.9989227154726068,-0.9341663456439966
40,P40_SHUFFLE_V83,50,R4P:Q6R:L7Q,-1.0011745613007357,-0.9213613927587035
