candidate_id,mutant,DMS_score,mutation_count
A5M,A5M,-0.42797705980831585,1
H10F,H10F,-0.026717513577140056,1
S8K,S8K,-0.24720847286518746,1
Q9R,Q9R,-0.08192874343209473,1
R4Q,R4Q,-0.6571659240368026,1
R4L,R4L,-0.7456925935018751,1
S8R,S8R,-0.20372879165585187,1
R4A,R4A,-0.511286263859062,1
S8L,S8L,-0.4659395947805911,1
S1W,S1W,0.07175795788036174,1
F2A,F2A,-0.5212231169327731,1
S8C,S8C,-0.17801197153685588,1
F2Q,F2Q,-0.05720490475434012,1
L7Q,L7Q,-0.13789681089798425,1
L7V,L7V,-0.09454598888292987,1
Q3G,Q3G,0.024213163731913033,1
F2W,F2W,0.07233911840121755,1
S8T,S8T,-0.09032991994543386,1
R4P,R4P,0.10351466450061972,1
S1W:F2Q,S1W:F2Q,-0.8653240828672777,2
S1W:Q3N,S1W:Q3N,-1.2978893130047056,2
S1W:Q3G,S1W:Q3G,-1.6021246798355757,2
S1W:R4T,S1W:R4T,-6.055078436306201,2
S1W:R4L,S1W:R4L,-4.047022779772095,2
S1W:R4A,S1W:R4A,-1.358432231508345,2
S1W:R4H,S1W:R4H,-0.9186630750448159,2
S1W:R4C,S1W:R4C,-1.7976502855527703,2
S1W:A5M,S1W:A5M,-1.4852950625985368,2
S1W:A5I,S1W:A5I,-3.0291136686582343,2
S1W:Q6R,S1W:Q6R,-2.5134382473291046,2
S1W:L7I,S1W:L7I,-1.8890868960042488,2
S1W:L7V,S1W:L7V,-1.503392223165561,2
S1W:S8K,S1W:S8K,-5.59952925178266,2
S1W:S8R,S1W:S8R,-4.609795551220159,2
S1W:S8C,S1W:S8C,-5.674009984675586,2
S1W:Q9K,S1W:Q9K,-0.911538786594068,2
S1W:Q9A,S1W:Q9A,-1.459209006223992,2
S1W:H10F,S1W:H10F,-2.7120587650216765,2
S1W:H10Y,S1W:H10Y,-2.9537892115152213,2
S1W:A11S,S1W:A11S,-2.724541967864009,2
F2A:Q3N,F2A:Q3N,-6.060909976793581,2
F2Q:Q3N,F2Q:Q3N,-5.98365127114843,2
F2Q:Q3G,F2Q:Q3G,-2.0575126315896073,2
F2A:R4Q,F2A:R4Q,-1.379466557483821,2
F2A:R4L,F2A:R4L,-3.657414427763669,2
F2A:R4A,F2A:R4A,-1.4538704058838485,2
F2A:R4C,F2A:R4C,-2.9731393540340116,2
F2A:R4P,F2A:R4P,-1.398854112819393,2
F2Q:R4Q,F2Q:R4Q,-1.4915520334729961,2
F2Q:R4L,F2Q:R4L,-2.435471853917661,2
F2Q:R4H,F2Q:R4H,-1.2317060190493054,2
F2Q:R4C,F2Q:R4C,-2.385119705073227,2
F2Q:R4P,F2Q:R4P,-1.9175077932912834,2
F2W:R4Q,F2W:R4Q,-1.834579613209839,2
F2W:R4L,F2W:R4L,0.32097891254092836,2
F2W:R4P,F2W:R4P,-4.581682418657124,2
F2A:A5M,F2A:A5M,-3.228102588844661,2
F2Q:A5I,F2Q:A5I,-1.8905538146930618,2
F2W:A5M,F2W:A5M,-4.700463668711337,2
F2W:Q6R,F2W:Q6R,-2.8038493664548967,2
F2A:L7I,F2A:L7I,-2.956108926133745,2
F2A:L7Q,F2A:L7Q,-5.589681465826311,2
F2A:L7V,F2A:L7V,-5.568696440696982,2
F2Q:L7I,F2Q:L7I,-4.233855198897068,2
F2Q:L7Q,F2Q:L7Q,-1.769210799976385,2
F2W:L7I,F2W:L7I,-5.011487358129531,2
F2W:L7V,F2W:L7V,-4.020724121269032,2
F2A:S8K,F2A:S8K,-5.70631777571131,2
F2A:S8L,F2A:S8L,-2.261576086510333,2
F2A:S8C,F2A:S8C,-5.922391955263967,2
F2A:S8T,F2A:S8T,-4.654697130485373,2
F2Q:S8K,F2Q:S8K,-4.835978124723287,2
F2Q:S8C,F2Q:S8C,-4.985512466505397,2
F2Q:S8T,F2Q:S8T,-8.343012738817084,2
F2W:S8K,F2W:S8K,-7.41320058705717,2
F2W:S8R,F2W:S8R,-4.415986681625279,2
F2W:S8C,F2W:S8C,-5.2709780599711324,2
F2A:Q9K,F2A:Q9K,-4.217212339870889,2
F2A:Q9R,F2A:Q9R,-4.937124431289501,2
F2Q:Q9R,F2Q:Q9R,-5.250145279738645,2
F2W:Q9K,F2W:Q9K,-5.464019523296387,2
F2A:H10F,F2A:H10F,-5.14879103123817,2
F2Q:H10Y,F2Q:H10Y,-0.8984607996629531,2
F2A:A11S,F2A:A11S,-4.406946634997545,2
F2Q:A11S,F2Q:A11S,-2.5392345511453076,2
F2W:A11S,F2W:A11S,-1.9474757170409536,2
Q3N:R4T,Q3N:R4T,-0.42925734411356864,2
Q3N:R4Q,Q3N:R4Q,-0.6644115532626258,2
Q3N:R4H,Q3N:R4H,-0.17717259322457304,2
Q3N:R4C,Q3N:R4C,-1.2344141897943097,2
Q3N:R4P,Q3N:R4P,-0.99281093979982,2
Q3G:R4T,Q3G:R4T,-0.573433335692499,2
Q3G:R4Q,Q3G:R4Q,-0.38594641967948456,2
Q3G:R4L,Q3G:R4L,-1.6830900660299521,2
Q3G:R4A,Q3G:R4A,-0.5734434436033552,2
Q3G:R4H,Q3G:R4H,-0.1347412894565544,2
Q3G:R4C,Q3G:R4C,-0.9818599554071312,2
Q3G:R4P,Q3G:R4P,-0.7051618767213962,2
Q3N:A5M,Q3N:A5M,-0.9317297878533385,2
Q3N:A5I,Q3N:A5I,-1.346308668080148,2
Q3G:A5I,Q3G:A5I,-1.2495323201965827,2
Q3N:Q6R,Q3N:Q6R,-0.750710809749103,2
Q3N:L7Q,Q3N:L7Q,-0.5079666530908687,2
Q3N:L7V,Q3N:L7V,-0.3033219351701516,2
Q3G:L7I,Q3G:L7I,-0.7507771021412141,2
Q3G:L7Q,Q3G:L7Q,-0.7439308091474955,2
Q3G:L7V,Q3G:L7V,-0.5025886476837083,2
Q3N:S8K,Q3N:S8K,-0.44533666233274893,2
Q3N:S8R,Q3N:S8R,-0.2536825020104964,2
Q3N:S8L,Q3N:S8L,-0.6446819877904207,2
Q3G:S8K,Q3G:S8K,-0.36869547937986286,2
Q3G:S8R,Q3G:S8R,-0.46872564702968994,2
Q3G:S8T,Q3G:S8T,-0.26028491735215176,2
Q3N:Q9K,Q3N:Q9K,-0.3202604445906551,2
Q3N:Q9R,Q3N:Q9R,-0.29040292158987707,2
Q3N:Q9A,Q3N:Q9A,-0.18950737698739226,2
Q3G:Q9R,Q3G:Q9R,-0.3858896139527812,2
Q3N:H10F,Q3N:H10F,-0.36069962619973417,2
Q3N:H10Y,Q3N:H10Y,-1.2062867136788478,2
Q3G:H10F,Q3G:H10F,-0.16361638578073395,2
Q3G:H10Y,Q3G:H10Y,-1.0979239989638454,2
Q3N:A11S,Q3N:A11S,-0.8843335413087874,2
R4T:A5I,R4T:A5I,-0.62162726700162,2
R4Q:A5M,R4Q:A5M,-0.502938985984593,2
R4L:A5M,R4L:A5M,-1.5347364062251967,2
R4L:A5I,R4L:A5I,-0.25571504019545843,2
R4A:A5M,R4A:A5M,-1.2783628757562528,2
R4H:A5M,R4H:A5M,-0.6427102155064419,2
R4H:A5I,R4H:A5I,-0.8344714028836677,2
R4C:A5I,R4C:A5I,-0.17458974546455178,2
R4P:A5M,R4P:A5M,-0.7140664150902413,2
R4P:A5I,R4P:A5I,-0.693573937883769,2
R4T:Q6R,R4T:Q6R,-1.4359994660748108,2
R4Q:Q6R,R4Q:Q6R,-1.2166780022774608,2
R4H:Q6R,R4H:Q6R,-0.4976640509700856,2
R4T:L7Q,R4T:L7Q,-0.25707003474038376,2
R4Q:L7I,R4Q:L7I,-0.5901839385712618,2
R4Q:L7Q,R4Q:L7Q,-0.3301679705790609,2
R4Q:L7V,R4Q:L7V,-1.1027504294500228,2
R4L:L7I,R4L:L7I,-1.0215805474467003,2
R4L:L7V,R4L:L7V,-1.00784233385108,2
R4A:L7Q,R4A:L7Q,-0.5323334248106886,2
R4H:L7Q,R4H:L7Q,-0.08127824765385308,2
R4H:L7V,R4H:L7V,-0.33882384988283804,2
R4C:L7I,R4C:L7I,-0.966848512236624,2
R4C:L7V,R4C:L7V,-1.8784136675846288,2
R4P:L7I,R4P:L7I,-0.8771551659931729,2
R4P:L7Q,R4P:L7Q,-0.6954293370709141,2
R4P:L7V,R4P:L7V,-0.8186841579464054,2
R4T:S8K,R4T:S8K,-0.9754591528101713,2
R4T:S8R,R4T:S8R,-0.9543121668466077,2
R4T:S8L,R4T:S8L,-1.3713661552482186,2
R4T:S8C,R4T:S8C,-1.2291107945094506,2
R4Q:S8K,R4Q:S8K,-1.0168687632216356,2
R4Q:S8R,R4Q:S8R,-1.2833976456180707,2
R4Q:S8L,R4Q:S8L,-1.8256474003115393,2
R4Q:S8C,R4Q:S8C,-1.2621639443532084,2
R4Q:S8T,R4Q:S8T,-1.141281684753831,2
R4L:S8L,R4L:S8L,-2.3736380796030643,2
R4L:S8C,R4L:S8C,-2.383954937815749,2
R4L:S8T,R4L:S8T,-1.3388145164842267,2
R4A:S8K,R4A:S8K,-1.5764824449289352,2
R4A:S8L,R4A:S8L,-1.2474661359343235,2
R4A:S8C,R4A:S8C,-0.911351762343275,2
R4H:S8K,R4H:S8K,-0.7956518347967035,2
R4H:S8R,R4H:S8R,-0.6674398128868995,2
R4H:S8L,R4H:S8L,-1.0067381247741605,2
R4H:S8T,R4H:S8T,-0.35888627132451795,2
R4C:S8K,R4C:S8K,-1.5374380090881459,2
R4C:S8C,R4C:S8C,-1.696125354540993,2
R4C:S8T,R4C:S8T,-1.9118068665500738,2
R4P:S8R,R4P:S8R,-0.8566678033726797,2
R4P:S8L,R4P:S8L,-1.4661691387665934,2
R4T:Q9K,R4T:Q9K,-1.277850425638544,2
R4Q:Q9K,R4Q:Q9K,-1.0551511678337837,2
R4L:Q9R,R4L:Q9R,-1.5751978676238145,2
R4A:Q9K,R4A:Q9K,-1.0826512880527055,2
R4C:Q9A,R4C:Q9A,-1.2491961217415775,2
R4Q:H10Y,R4Q:H10Y,-0.806968299651007,2
R4C:H10Y,R4C:H10Y,-1.6087724112981758,2
R4T:A11S,R4T:A11S,-1.1983964141337697,2
R4Q:A11S,R4Q:A11S,-1.283116408805633,2
R4L:A11S,R4L:A11S,-1.1355503512567557,2
R4A:A11S,R4A:A11S,-0.9406839861025529,2
R4H:A11S,R4H:A11S,-0.7832235733337115,2
R4C:A11S,R4C:A11S,-0.9111684027172338,2
R4P:A11S,R4P:A11S,-0.8049439101492467,2
A5M:Q6R,A5M:Q6R,-1.0164133735899,2
A5I:Q6R,A5I:Q6R,-1.1802310096447217,2
A5M:L7I,A5M:L7I,-0.32647000761343636,2
A5M:L7V,A5M:L7V,-0.13024739173737443,2
A5I:L7Q,A5I:L7Q,-1.2193780092807986,2
A5M:S8R,A5M:S8R,-1.0166300919053706,2
A5M:S8L,A5M:S8L,-1.8214381965626258,2
A5M:S8C,A5M:S8C,-0.6521169336128539,2
A5I:S8K,A5I:S8K,-0.5355298263667481,2
A5I:S8R,A5I:S8R,-0.8670430541332714,2
A5I:S8L,A5I:S8L,-0.5488453235027947,2
A5I:S8T,A5I:S8T,-0.8526237055471628,2
A5M:Q9R,A5M:Q9R,-1.5828684575768053,2
A5I:Q9K,A5I:Q9K,-0.33072045120584775,2
A5M:H10F,A5M:H10F,-0.3550616487507156,2
A5M:H10Y,A5M:H10Y,-1.8407357445619383,2
A5I:H10Y,A5I:H10Y,-0.3311973664318761,2
A5M:A11S,A5M:A11S,-1.6838646749203223,2
A5I:A11S,A5I:A11S,-1.3903270480389438,2
Q6R:L7I,Q6R:L7I,-0.7575070766319234,2
Q6R:L7Q,Q6R:L7Q,-1.074002165201418,2
Q6R:L7V,Q6R:L7V,-0.8007694314826411,2
Q6R:S8K,Q6R:S8K,-1.3155178478042993,2
Q6R:S8R,Q6R:S8R,-0.9136695344968693,2
Q6R:S8L,Q6R:S8L,-1.0150565791984412,2
Q6R:Q9A,Q6R:Q9A,-0.4080948875613786,2
Q6R:H10Y,Q6R:H10Y,-2.0431813362141584,2
Q6R:A11S,Q6R:A11S,-1.5277045057331626,2
L7I:S8K,L7I:S8K,-0.30561474666644806,2
L7I:S8R,L7I:S8R,-0.5405969183546191,2
L7I:S8L,L7I:S8L,-0.6285308884718005,2
L7Q:S8R,L7Q:S8R,-0.16979529920426373,2
L7Q:S8L,L7Q:S8L,-0.8324027488063818,2
L7Q:S8T,L7Q:S8T,-0.38168567781414103,2
L7V:S8K,L7V:S8K,-0.4050605103098577,2
L7V:S8R,L7V:S8R,-0.4242569197160401,2
L7V:S8L,L7V:S8L,-0.7478156403334881,2
L7V:S8C,L7V:S8C,-0.2432846068928607,2
L7V:S8T,L7V:S8T,-0.057469145945066885,2
L7Q:Q9K,L7Q:Q9K,-0.22663315088986033,2
L7V:Q9K,L7V:Q9K,-0.012778438864353982,2
L7I:H10F,L7I:H10F,-0.13205259349424608,2
L7I:H10Y,L7I:H10Y,-0.817517455932266,2
L7Q:H10Y,L7Q:H10Y,-1.0582910236869363,2
L7V:H10F,L7V:H10F,0.1034464438576263,2
L7I:A11S,L7I:A11S,-0.8904129210008073,2
L7Q:A11S,L7Q:A11S,-0.5111958582634423,2
L7V:A11S,L7V:A11S,-1.0779466165789982,2
S8K:Q9K,S8K:Q9K,-0.349216259115841,2
S8R:Q9K,S8R:Q9K,-0.354721937461211,2
S8L:Q9K,S8L:Q9K,-0.9010837683205196,2
S8C:Q9K,S8C:Q9K,-0.26964865256425163,2
S8C:Q9A,S8C:Q9A,0.10806295371253741,2
S8T:Q9K,S8T:Q9K,-0.33281727294698776,2
S8K:H10F,S8K:H10F,-0.67619436511045,2
S8K:H10Y,S8K:H10Y,-1.9943184400931186,2
S8R:H10Y,S8R:H10Y,-2.6352260535916425,2
S8L:H10F,S8L:H10F,-1.6092528199287213,2
S8C:H10F,S8C:H10F,-0.4020415581951684,2
S8T:H10Y,S8T:H10Y,-1.8250768930107066,2
S8K:A11S,S8K:A11S,-1.5481996056702496,2
S8R:A11S,S8R:A11S,-1.2206612779521262,2
S8L:A11S,S8L:A11S,-1.5193381542736475,2
S8C:A11S,S8C:A11S,-1.2903733494796887,2
Q9A:H10F,Q9A:H10F,-0.3651292049403103,2
Q9A:H10Y,Q9A:H10Y,-1.0361533940002008,2
Q9K:A11S,Q9K:A11S,-1.0711422080611501,2
Q9A:A11S,Q9A:A11S,-0.8308341418079509,2
H10F:A11S,H10F:A11S,-1.2627939947408366,2
S1W:F2A:R4T,S1W:F2A:R4T,-6.920883779510542,3
S1W:F2A:R4L,S1W:F2A:R4L,-5.3663019956925355,3
S1W:F2A:R4A,S1W:F2A:R4A,-7.705865777955072,3
S1W:F2A:R4C,S1W:F2A:R4C,-5.58066882545148,3
S1W:F2Q:R4Q,S1W:F2Q:R4Q,-6.751069511847376,3
S1W:F2Q:R4A,S1W:F2Q:R4A,-7.590146418199149,3
S1W:F2W:R4Q,S1W:F2W:R4Q,-3.6650230753695197,3
S1W:F2W:R4L,S1W:F2W:R4L,-3.3465906690647866,3
S1W:F2W:R4H,S1W:F2W:R4H,-3.4927121325317385,3
S1W:F2W:R4C,S1W:F2W:R4C,-3.070782240914562,3
S1W:F2A:A5M,S1W:F2A:A5M,-9.314036528311846,3
S1W:F2W:A5I,S1W:F2W:A5I,-4.513784350937353,3
S1W:F2A:Q6R,S1W:F2A:Q6R,-7.7686348466793484,3
S1W:F2Q:Q6R,S1W:F2Q:Q6R,-9.511295666495403,3
S1W:F2W:Q6R,S1W:F2W:Q6R,-4.569598191068978,3
S1W:F2A:L7Q,S1W:F2A:L7Q,-9.20667074033851,3
S1W:F2A:L7V,S1W:F2A:L7V,-9.757867522989077,3
S1W:F2Q:L7V,S1W:F2Q:L7V,-8.118633829190465,3
S1W:F2W:L7V,S1W:F2W:L7V,-4.0794343635936,3
S1W:F2A:S8K,S1W:F2A:S8K,-6.646430133438551,3
S1W:F2A:S8R,S1W:F2A:S8R,-7.6378498402713895,3
S1W:F2A:S8L,S1W:F2A:S8L,-6.597402850795838,3
S1W:F2A:S8T,S1W:F2A:S8T,-9.150512759889116,3
S1W:F2Q:S8R,S1W:F2Q:S8R,-10.0230012274868,3
S1W:F2Q:S8T,S1W:F2Q:S8T,-10.622359128435473,3
S1W:F2W:S8L,S1W:F2W:S8L,-2.2715980870945915,3
S1W:F2A:Q9K,S1W:F2A:Q9K,-8.07848510575447,3
S1W:F2A:Q9A,S1W:F2A:Q9A,-9.131239236325797,3
S1W:F2Q:Q9K,S1W:F2Q:Q9K,-8.436130147256055,3
S1W:F2W:Q9K,S1W:F2W:Q9K,-2.563927748771629,3
S1W:F2A:H10Y,S1W:F2A:H10Y,-6.359975905208492,3
S1W:F2Q:H10Y,S1W:F2Q:H10Y,-5.924592801295431,3
S1W:F2W:H10F,S1W:F2W:H10F,-2.4369767678096035,3
S1W:F2W:H10Y,S1W:F2W:H10Y,-2.1875452609531396,3
S1W:F2W:A11S,S1W:F2W:A11S,-9.005348137183619,3
S1W:Q3N:R4Q,S1W:Q3N:R4Q,-4.881622460313031,3
S1W:Q3N:R4L,S1W:Q3N:R4L,-3.9457188555609553,3
S1W:Q3N:R4H,S1W:Q3N:R4H,-5.2476334833396265,3
S1W:Q3N:R4P,S1W:Q3N:R4P,-4.718857896549345,3
S1W:Q3G:R4T,S1W:Q3G:R4T,-5.5226426229768615,3
S1W:Q3G:R4Q,S1W:Q3G:R4Q,-5.245375744160711,3
S1W:Q3G:R4A,S1W:Q3G:R4A,-4.87753743151229,3
S1W:Q3G:R4H,S1W:Q3G:R4H,-5.195892516330621,3
S1W:Q3N:A5M,S1W:Q3N:A5M,-7.7957876973386915,3
S1W:Q3G:A5M,S1W:Q3G:A5M,-7.079378507604193,3
S1W:Q3G:A5I,S1W:Q3G:A5I,-8.633688111768347,3
S1W:Q3N:Q6R,S1W:Q3N:Q6R,-5.379190874660749,3
S1W:Q3G:Q6R,S1W:Q3G:Q6R,-5.622630418802938,3
S1W:Q3N:L7I,S1W:Q3N:L7I,-5.913729634521337,3
S1W:Q3N:L7Q,S1W:Q3N:L7Q,-6.37388347857158,3
S1W:Q3G:L7Q,S1W:Q3G:L7Q,-5.610795459696614,3
S1W:Q3N:S8K,S1W:Q3N:S8K,-4.791358735390439,3
S1W:Q3N:S8R,S1W:Q3N:S8R,-6.036239694981197,3
S1W:Q3N:S8L,S1W:Q3N:S8L,-2.8618803532437433,3
S1W:Q3N:S8T,S1W:Q3N:S8T,-5.83008760293529,3
S1W:Q3G:S8R,S1W:Q3G:S8R,-5.9141944737827385,3
S1W:Q3G:S8L,S1W:Q3G:S8L,-2.403831590823944,3
S1W:Q3G:S8C,S1W:Q3G:S8C,-4.831215834766521,3
S1W:Q3G:S8T,S1W:Q3G:S8T,-5.963305627483436,3
S1W:Q3N:Q9R,S1W:Q3N:Q9R,-4.184493156746898,3
S1W:Q3G:Q9K,S1W:Q3G:Q9K,-3.750763345397203,3
S1W:Q3G:Q9R,S1W:Q3G:Q9R,-4.017122550426326,3
S1W:Q3N:H10F,S1W:Q3N:H10F,-4.5679776551254285,3
S1W:Q3N:H10Y,S1W:Q3N:H10Y,-1.774335095649366,3
S1W:Q3G:H10F,S1W:Q3G:H10F,-4.753018623292505,3
S1W:Q3G:H10Y,S1W:Q3G:H10Y,-1.9891715305581323,3
S1W:Q3N:A11S,S1W:Q3N:A11S,-5.407940638609244,3
S1W:Q3G:A11S,S1W:Q3G:A11S,-5.219990911523284,3
S1W:R4T:A5M,S1W:R4T:A5M,-7.210254268307163,3
S1W:R4T:A5I,S1W:R4T:A5I,-8.155842726984876,3
S1W:R4Q:A5M,S1W:R4Q:A5M,-7.488371532400564,3
S1W:R4Q:A5I,S1W:R4Q:A5I,-8.14957421814016,3
S1W:R4L:A5M,S1W:R4L:A5M,-6.817610702192349,3
S1W:R4A:A5M,S1W:R4A:A5M,-7.2784200136707415,3
S1W:R4A:A5I,S1W:R4A:A5I,-8.240365173614567,3
S1W:R4H:A5M,S1W:R4H:A5M,-7.466700914804898,3
S1W:R4C:A5M,S1W:R4C:A5M,-5.834126644655443,3
S1W:R4C:A5I,S1W:R4C:A5I,-7.13302181422518,3
S1W:R4P:A5I,S1W:R4P:A5I,-8.275345638869567,3
S1W:R4T:Q6R,S1W:R4T:Q6R,-4.737263377441218,3
S1W:R4Q:Q6R,S1W:R4Q:Q6R,-4.7225336617521165,3
S1W:R4L:Q6R,S1W:R4L:Q6R,-4.2304589135579915,3
S1W:R4A:Q6R,S1W:R4A:Q6R,-4.129302841336761,3
S1W:R4H:Q6R,S1W:R4H:Q6R,-4.8155199220147304,3
S1W:R4C:Q6R,S1W:R4C:Q6R,-4.327398285525438,3
S1W:R4P:Q6R,S1W:R4P:Q6R,-4.478532822871597,3
S1W:R4T:L7I,S1W:R4T:L7I,-4.503681727797356,3
S1W:R4T:L7Q,S1W:R4T:L7Q,-5.571546908638558,3
S1W:R4T:L7V,S1W:R4T:L7V,-4.850114757870029,3
S1W:R4Q:L7Q,S1W:R4Q:L7Q,-4.88994399050542,3
S1W:R4L:L7I,S1W:R4L:L7I,-3.9617879489680843,3
S1W:R4L:L7Q,S1W:R4L:L7Q,-3.9084388841855002,3
S1W:R4A:L7I,S1W:R4A:L7I,-4.394436675509485,3
S1W:R4A:L7V,S1W:R4A:L7V,-4.077372678714776,3
S1W:R4H:L7Q,S1W:R4H:L7Q,-4.670201492611045,3
S1W:R4C:L7I,S1W:R4C:L7I,-3.3445786863609874,3
S1W:R4P:L7I,S1W:R4P:L7I,-4.473213288387859,3
S1W:R4P:L7Q,S1W:R4P:L7Q,-4.2516943708049215,3
S1W:R4T:S8K,S1W:R4T:S8K,-3.498782838709961,3
S1W:R4T:S8C,S1W:R4T:S8C,-4.009295975278417,3
S1W:R4Q:S8K,S1W:R4Q:S8K,-4.104216786355323,3
S1W:R4Q:S8L,S1W:R4Q:S8L,-1.9530291922568697,3
S1W:R4Q:S8C,S1W:R4Q:S8C,-4.4514656427419235,3
S1W:R4Q:S8T,S1W:R4Q:S8T,-5.497610103322728,3
S1W:R4L:S8K,S1W:R4L:S8K,-3.286248496285342,3
S1W:R4L:S8L,S1W:R4L:S8L,-3.038326970467382,3
S1W:R4L:S8C,S1W:R4L:S8C,-5.25298338440637,3
S1W:R4A:S8K,S1W:R4A:S8K,-4.1027534541982025,3
S1W:R4A:S8R,S1W:R4A:S8R,-5.320298761802683,3
S1W:R4A:S8L,S1W:R4A:S8L,-2.6443075537224567,3
S1W:R4A:S8T,S1W:R4A:S8T,-5.777059600385466,3
S1W:R4H:S8K,S1W:R4H:S8K,-6.2335048172629035,3
S1W:R4H:S8C,S1W:R4H:S8C,-4.843939345111465,3
S1W:R4H:S8T,S1W:R4H:S8T,-6.1816266593243965,3
S1W:R4C:S8K,S1W:R4C:S8K,-4.017922374450411,3
S1W:R4C:S8L,S1W:R4C:S8L,-2.3624637986351296,3
S1W:R4C:S8C,S1W:R4C:S8C,-4.852235254899811,3
S1W:R4C:S8T,S1W:R4C:S8T,-5.443882538200067,3
S1W:R4P:S8K,S1W:R4P:S8K,-4.460551540580693,3
S1W:R4P:S8T,S1W:R4P:S8T,-5.512118720101393,3
S1W:R4T:Q9R,S1W:R4T:Q9R,-4.264726289891807,3
S1W:R4T:Q9A,S1W:R4T:Q9A,-5.395221682182627,3
S1W:R4Q:Q9K,S1W:R4Q:Q9K,-4.236930917615324,3
S1W:R4Q:Q9R,S1W:R4Q:Q9R,-4.105882380147361,3
S1W:R4Q:Q9A,S1W:R4Q:Q9A,-4.943623340461691,3
S1W:R4L:Q9K,S1W:R4L:Q9K,-2.8205692323459157,3
S1W:R4L:Q9R,S1W:R4L:Q9R,-3.05818873975099,3
S1W:R4A:Q9K,S1W:R4A:Q9K,-3.5260356938795456,3
S1W:R4H:Q9K,S1W:R4H:Q9K,-3.943569512239452,3
S1W:R4H:Q9R,S1W:R4H:Q9R,-4.22314438414064,3
S1W:R4H:Q9A,S1W:R4H:Q9A,-5.747689459636552,3
S1W:R4C:Q9R,S1W:R4C:Q9R,-2.8247685003470737,3
S1W:R4C:Q9A,S1W:R4C:Q9A,-3.9334140529327044,3
S1W:R4P:Q9K,S1W:R4P:Q9K,-2.9703808417009645,3
S1W:R4P:Q9R,S1W:R4P:Q9R,-3.344803775196403,3
S1W:R4T:H10F,S1W:R4T:H10F,-4.858886198008986,3
S1W:R4T:H10Y,S1W:R4T:H10Y,-2.555855244358686,3
S1W:R4Q:H10F,S1W:R4Q:H10F,-4.85186478472748,3
S1W:R4L:H10F,S1W:R4L:H10F,-4.158222638750482,3
S1W:R4A:H10Y,S1W:R4A:H10Y,-1.841414580641043,3
S1W:R4H:H10Y,S1W:R4H:H10Y,-2.4371781452111936,3
S1W:R4C:H10F,S1W:R4C:H10F,-3.7423810058917772,3
S1W:R4C:H10Y,S1W:R4C:H10Y,-2.3138158357575263,3
S1W:R4P:H10F,S1W:R4P:H10F,-4.6534669170558445,3
S1W:R4P:H10Y,S1W:R4P:H10Y,-2.3358636285092085,3
S1W:R4T:A11S,S1W:R4T:A11S,-4.659452642463177,3
S1W:R4Q:A11S,S1W:R4Q:A11S,-4.691615256994308,3
S1W:R4L:A11S,S1W:R4L:A11S,-3.625920007179355,3
S1W:R4A:A11S,S1W:R4A:A11S,-4.102737960423144,3
S1W:R4H:A11S,S1W:R4H:A11S,-4.964394625623764,3
S1W:R4C:A11S,S1W:R4C:A11S,-4.708937315615693,3
S1W:R4P:A11S,S1W:R4P:A11S,-4.815515244243495,3
S1W:A5I:Q6R,S1W:A5I:Q6R,-7.015739535158476,3
S1W:A5M:L7I,S1W:A5M:L7I,-6.832600436813952,3
S1W:A5M:L7Q,S1W:A5M:L7Q,-6.564734537340482,3
S1W:A5M:L7V,S1W:A5M:L7V,-6.666790125648858,3
S1W:A5I:L7I,S1W:A5I:L7I,-7.673220345497866,3
S1W:A5I:L7Q,S1W:A5I:L7Q,-7.864469246368311,3
S1W:A5I:L7V,S1W:A5I:L7V,-7.775425205824765,3
S1W:A5M:S8K,S1W:A5M:S8K,-6.681689767558897,3
S1W:A5M:S8R,S1W:A5M:S8R,-7.718364674630153,3
S1W:A5M:S8L,S1W:A5M:S8L,-5.420202308039258,3
S1W:A5M:S8C,S1W:A5M:S8C,-6.661490153213236,3
S1W:A5M:S8T,S1W:A5M:S8T,-7.411742365072982,3
S1W:A5I:S8K,S1W:A5I:S8K,-6.958830916835223,3
S1W:A5I:S8R,S1W:A5I:S8R,-7.834338773419176,3
S1W:A5I:S8L,S1W:A5I:S8L,-5.31677447762109,3
S1W:A5I:S8T,S1W:A5I:S8T,-7.6088967805031755,3
S1W:A5M:Q9K,S1W:A5M:Q9K,-5.896668729505523,3
S1W:A5M:Q9R,S1W:A5M:Q9R,-6.301494017492357,3
S1W:A5M:Q9A,S1W:A5M:Q9A,-6.386929493998415,3
S1W:A5M:H10F,S1W:A5M:H10F,-5.269729153609777,3
S1W:A5M:H10Y,S1W:A5M:H10Y,-2.351358920128798,3
S1W:A5I:H10Y,S1W:A5I:H10Y,-4.323865185005364,3
S1W:A5M:A11S,S1W:A5M:A11S,-6.764967403558545,3
S1W:Q6R:L7Q,S1W:Q6R:L7Q,-3.8530020514784935,3
S1W:Q6R:L7V,S1W:Q6R:L7V,-5.143141600675291,3
S1W:Q6R:S8R,S1W:Q6R:S8R,-4.457797248371029,3
S1W:Q6R:S8L,S1W:Q6R:S8L,-3.00217259442836,3
S1W:Q6R:S8C,S1W:Q6R:S8C,-4.919551488838351,3
S1W:Q6R:S8T,S1W:Q6R:S8T,-4.810923887046152,3
S1W:Q6R:H10F,S1W:Q6R:H10F,-3.791466476466724,3
S1W:Q6R:H10Y,S1W:Q6R:H10Y,-1.6746863967351011,3
S1W:Q6R:A11S,S1W:Q6R:A11S,-4.620901745729761,3
S1W:L7I:S8R,S1W:L7I:S8R,-5.283402490420077,3
S1W:L7I:S8L,S1W:L7I:S8L,-1.6912425193678144,3
S1W:L7Q:S8K,S1W:L7Q:S8K,-3.5558469015740473,3
S1W:L7Q:S8R,S1W:L7Q:S8R,-4.870890135153748,3
S1W:L7Q:S8C,S1W:L7Q:S8C,-4.897836746064446,3
S1W:L7Q:S8T,S1W:L7Q:S8T,-5.355832810814125,3
S1W:L7V:S8L,S1W:L7V:S8L,-1.937255117747028,3
S1W:L7V:S8C,S1W:L7V:S8C,-3.8223373818857302,3
S1W:L7V:S8T,S1W:L7V:S8T,-5.141910960271498,3
S1W:L7I:Q9K,S1W:L7I:Q9K,-4.083081853736409,3
S1W:L7I:Q9R,S1W:L7I:Q9R,-4.447735940926092,3
S1W:L7Q:Q9R,S1W:L7Q:Q9R,-3.9710380561338625,3
S1W:L7V:Q9R,S1W:L7V:Q9R,-3.457510173444027,3
S1W:L7I:H10F,S1W:L7I:H10F,-3.462038252267725,3
S1W:L7I:H10Y,S1W:L7I:H10Y,-2.4714995287168176,3
S1W:L7Q:H10F,S1W:L7Q:H10F,-4.354362241678799,3
S1W:L7Q:H10Y,S1W:L7Q:H10Y,-1.9170823320436543,3
S1W:L7I:A11S,S1W:L7I:A11S,-4.471113122730807,3
S1W:S8R:Q9K,S1W:S8R:Q9K,-5.600842930946972,3
S1W:S8R:Q9A,S1W:S8R:Q9A,-4.999140147012441,3
S1W:S8L:Q9K,S1W:S8L:Q9K,-1.6294459000074852,3
S1W:S8L:Q9A,S1W:S8L:Q9A,-2.6741929145887218,3
S1W:S8C:Q9K,S1W:S8C:Q9K,-3.4812421014203063,3
S1W:S8C:Q9R,S1W:S8C:Q9R,-4.254146751035853,3
S1W:S8C:Q9A,S1W:S8C:Q9A,-5.290373277262835,3
S1W:S8T:Q9K,S1W:S8T:Q9K,-4.201000897415464,3
S1W:S8T:Q9A,S1W:S8T:Q9A,-5.388646951729074,3
S1W:S8K:H10F,S1W:S8K:H10F,-3.848669942228496,3
S1W:S8K:H10Y,S1W:S8K:H10Y,-2.347631039095564,3
S1W:S8R:H10Y,S1W:S8R:H10Y,-3.265359865094899,3
S1W:S8C:H10Y,S1W:S8C:H10Y,-1.9858086449887242,3
S1W:S8T:H10F,S1W:S8T:H10F,-4.558230261596776,3
S1W:S8T:H10Y,S1W:S8T:H10Y,-2.1256559410928606,3
S1W:S8K:A11S,S1W:S8K:A11S,-4.615733612698057,3
S1W:S8R:A11S,S1W:S8R:A11S,-5.548938056183799,3
S1W:S8C:A11S,S1W:S8C:A11S,-4.245811817864675,3
S1W:Q9K:H10F,S1W:Q9K:H10F,-3.3746551875689144,3
S1W:Q9R:H10F,S1W:Q9R:H10F,-3.9644605764928884,3
S1W:Q9R:H10Y,S1W:Q9R:H10Y,-2.2480834151020352,3
S1W:Q9A:H10F,S1W:Q9A:H10F,-4.625518779779648,3
S1W:Q9A:A11S,S1W:Q9A:A11S,-5.148473604154436,3
S1W:H10F:A11S,S1W:H10F:A11S,-4.696744450421688,3
F2A:Q3N:R4T,F2A:Q3N:R4T,-3.8768493585575565,3
F2A:Q3N:R4A,F2A:Q3N:R4A,-2.94825251736943,3
F2A:Q3N:R4H,F2A:Q3N:R4H,-4.40496848898617,3
F2A:Q3N:R4C,F2A:Q3N:R4C,-1.5450456105839563,3
F2A:Q3N:R4P,F2A:Q3N:R4P,-3.806551337589445,3
F2A:Q3G:R4T,F2A:Q3G:R4T,-4.955947935220012,3
F2A:Q3G:R4Q,F2A:Q3G:R4Q,-4.629615602185921,3
F2A:Q3G:R4A,F2A:Q3G:R4A,-3.7040427058021854,3
F2A:Q3G:R4H,F2A:Q3G:R4H,-4.9726334054331724,3
F2A:Q3G:R4P,F2A:Q3G:R4P,-5.655487736624904,3
F2Q:Q3N:R4T,F2Q:Q3N:R4T,-1.4351143105597894,3
F2Q:Q3N:R4Q,F2Q:Q3N:R4Q,-2.174442093143706,3
F2Q:Q3N:R4L,F2Q:Q3N:R4L,-1.987450693027505,3
F2Q:Q3N:R4P,F2Q:Q3N:R4P,-1.220787079326681,3
F2Q:Q3G:R4Q,F2Q:Q3G:R4Q,-1.2364046656847214,3
F2Q:Q3G:R4L,F2Q:Q3G:R4L,-0.8084585087971187,3
F2Q:Q3G:R4C,F2Q:Q3G:R4C,-1.7034083672501288,3
F2Q:Q3G:R4P,F2Q:Q3G:R4P,-3.179088035662874,3
F2W:Q3N:R4T,F2W:Q3N:R4T,-1.2530767663116782,3
F2W:Q3N:R4L,F2W:Q3N:R4L,-2.178215781035632,3
F2W:Q3N:R4A,F2W:Q3N:R4A,-1.1881984371267384,3
F2W:Q3N:R4H,F2W:Q3N:R4H,-1.2922064573530723,3
F2W:Q3N:R4C,F2W:Q3N:R4C,-2.8977720106676874,3
F2W:Q3N:R4P,F2W:Q3N:R4P,-1.6463601630634488,3
F2W:Q3G:R4Q,F2W:Q3G:R4Q,-1.3572639416443384,3
F2W:Q3G:R4C,F2W:Q3G:R4C,-2.5839850032829967,3
F2W:Q3G:R4P,F2W:Q3G:R4P,-2.8626004402083187,3
F2A:Q3N:A5I,F2A:Q3N:A5I,-4.20680406090366,3
F2A:Q3G:A5M,F2A:Q3G:A5M,-2.3304720553716183,3
F2A:Q3G:A5I,F2A:Q3G:A5I,-4.041033642646135,3
F2Q:Q3N:A5M,F2Q:Q3N:A5M,-1.6726229411150084,3
F2Q:Q3G:A5I,F2Q:Q3G:A5I,-4.487187993298409,3
F2W:Q3N:A5M,F2W:Q3N:A5M,-2.027025837345873,3
F2W:Q3G:A5M,F2W:Q3G:A5M,-1.6943355238692743,3
F2W:Q3G:A5I,F2W:Q3G:A5I,0.10221061963709345,3
F2A:Q3N:Q6R,F2A:Q3N:Q6R,-4.136327294299492,3
F2A:Q3G:Q6R,F2A:Q3G:Q6R,-4.349181921511684,3
F2Q:Q3N:Q6R,F2Q:Q3N:Q6R,-1.3864517738100746,3
F2Q:Q3G:Q6R,F2Q:Q3G:Q6R,-2.1031668473244793,3
F2A:Q3N:L7I,F2A:Q3N:L7I,-5.718669094861514,3
F2A:Q3N:L7Q,F2A:Q3N:L7Q,-6.242749353435652,3
F2Q:Q3N:L7I,F2Q:Q3N:L7I,-2.46489666608183,3
F2Q:Q3N:L7V,F2Q:Q3N:L7V,-2.6134117495890345,3
F2Q:Q3G:L7I,F2Q:Q3G:L7I,-2.962182394121463,3
F2Q:Q3G:L7V,F2Q:Q3G:L7V,-2.65010699491776,3
F2W:Q3N:L7I,F2W:Q3N:L7I,-0.8042656491964876,3
F2W:Q3N:L7Q,F2W:Q3N:L7Q,-0.9716357600673523,3
F2W:Q3G:L7I,F2W:Q3G:L7I,-1.5759865525805337,3
F2W:Q3G:L7Q,F2W:Q3G:L7Q,-1.1456975699167289,3
F2A:Q3N:S8K,F2A:Q3N:S8K,-3.7039060911718007,3
F2A:Q3N:S8L,F2A:Q3N:S8L,-1.3562062620429336,3
F2A:Q3N:S8C,F2A:Q3N:S8C,-3.0303956557778284,3
F2A:Q3N:S8T,F2A:Q3N:S8T,-4.083930921350644,3
F2A:Q3G:S8K,F2A:Q3G:S8K,-3.6383120744573745,3
F2A:Q3G:S8R,F2A:Q3G:S8R,-4.848697793653149,3
F2A:Q3G:S8L,F2A:Q3G:S8L,-2.318185490119421,3
F2A:Q3G:S8T,F2A:Q3G:S8T,-4.323036864191588,3
F2Q:Q3N:S8K,F2Q:Q3N:S8K,-0.9355215898989704,3
F2Q:Q3N:S8R,F2Q:Q3N:S8R,-1.80630140076534,3
F2Q:Q3N:S8T,F2Q:Q3N:S8T,-1.1097838006888439,3
F2Q:Q3G:S8R,F2Q:Q3G:S8R,-1.1011114825808412,3
F2Q:Q3G:S8L,F2Q:Q3G:S8L,-1.7777080578573927,3
F2Q:Q3G:S8C,F2Q:Q3G:S8C,-1.298518309632862,3
F2Q:Q3G:S8T,F2Q:Q3G:S8T,-2.8376816399658855,3
F2W:Q3N:S8K,F2W:Q3N:S8K,-0.8074060940233525,3
F2W:Q3N:S8C,F2W:Q3N:S8C,-0.8838906109749227,3
F2W:Q3G:S8C,F2W:Q3G:S8C,-1.8782600266403937,3
F2W:Q3G:S8T,F2W:Q3G:S8T,-0.6982350599200633,3
F2A:Q3N:Q9R,F2A:Q3N:Q9R,-4.300978861250177,3
F2A:Q3G:Q9R,F2A:Q3G:Q9R,-4.987695356026264,3
F2Q:Q3N:Q9K,F2Q:Q3N:Q9K,-1.0427193757287245,3
F2Q:Q3N:Q9R,F2Q:Q3N:Q9R,-0.8276104904083779,3
F2Q:Q3N:Q9A,F2Q:Q3N:Q9A,-1.7285899164204646,3
F2Q:Q3G:Q9K,F2Q:Q3G:Q9K,-0.47107992079503064,3
F2W:Q3N:Q9K,F2W:Q3N:Q9K,-1.1456156701877103,3
F2W:Q3N:Q9A,F2W:Q3N:Q9A,-0.6193354395366137,3
F2W:Q3G:Q9K,F2W:Q3G:Q9K,-0.5868625242178869,3
F2W:Q3G:Q9A,F2W:Q3G:Q9A,-0.3051725303700743,3
F2A:Q3N:H10Y,F2A:Q3N:H10Y,-0.6785427556754716,3
F2A:Q3G:H10F,F2A:Q3G:H10F,-4.143564875878693,3
F2Q:Q3N:H10Y,F2Q:Q3N:H10Y,-0.050773761236372575,3
F2Q:Q3G:H10F,F2Q:Q3G:H10F,-0.9135013412277367,3
F2Q:Q3G:H10Y,F2Q:Q3G:H10Y,-0.16527430611430316,3
F2W:Q3N:H10Y,F2W:Q3N:H10Y,-1.6197703540420136,3
F2W:Q3G:H10F,F2W:Q3G:H10F,-0.5279465956486702,3
F2Q:Q3N:A11S,F2Q:Q3N:A11S,-1.0482475696251,3
F2A:R4T:A5I,F2A:R4T:A5I,-2.405591321424148,3
F2A:R4L:A5I,F2A:R4L:A5I,-0.9759251391907123,3
F2A:R4H:A5I,F2A:R4H:A5I,-3.7234754272289856,3
F2A:R4C:A5M,F2A:R4C:A5M,-0.11306294850733838,3
F2A:R4P:A5I,F2A:R4P:A5I,-3.2354458424019974,3
F2Q:R4T:A5I,F2Q:R4T:A5I,-2.90803205277265,3
F2Q:R4Q:A5I,F2Q:R4Q:A5I,-3.474328272319065,3
F2Q:R4A:A5M,F2Q:R4A:A5M,-0.01077736730212243,3
F2Q:R4A:A5I,F2Q:R4A:A5I,-2.7229290335257974,3
F2Q:R4H:A5I,F2Q:R4H:A5I,-3.1238799026203474,3
F2Q:R4C:A5I,F2Q:R4C:A5I,-1.3022187673257954,3
F2Q:R4P:A5I,F2Q:R4P:A5I,-2.7762305058964047,3
F2W:R4T:A5M,F2W:R4T:A5M,-1.5020982863974248,3
F2W:R4Q:A5I,F2W:R4Q:A5I,0.005993057446892787,3
F2W:R4L:A5M,F2W:R4L:A5M,-1.8356594461675275,3
F2W:R4L:A5I,F2W:R4L:A5I,-0.0022947229109866597,3
F2W:R4A:A5M,F2W:R4A:A5M,-1.4517389439396213,3
F2W:R4A:A5I,F2W:R4A:A5I,0.3082915435500567,3
F2W:R4H:A5I,F2W:R4H:A5I,0.7064209323835852,3
F2W:R4C:A5M,F2W:R4C:A5M,-1.2172322949031165,3
F2W:R4C:A5I,F2W:R4C:A5I,-0.3266342454257699,3
F2A:R4A:Q6R,F2A:R4A:Q6R,-2.5810622506849112,3
F2A:R4H:Q6R,F2A:R4H:Q6R,-3.9401279424011326,3
F2A:R4C:Q6R,F2A:R4C:Q6R,-1.8760941838434757,3
F2A:R4P:Q6R,F2A:R4P:Q6R,-3.2239538322874455,3
F2Q:R4L:Q6R,F2Q:R4L:Q6R,-1.442187152480861,3
F2Q:R4A:Q6R,F2Q:R4A:Q6R,-1.1881751600616526,3
F2Q:R4H:Q6R,F2Q:R4H:Q6R,-1.4695233587374879,3
F2Q:R4P:Q6R,F2Q:R4P:Q6R,-1.5463544677055485,3
F2W:R4H:Q6R,F2W:R4H:Q6R,-1.361164305002467,3
F2A:R4T:L7I,F2A:R4T:L7I,-3.9128491509738805,3
F2A:R4T:L7Q,F2A:R4T:L7Q,-4.624696433597543,3
F2A:R4L:L7V,F2A:R4L:L7V,-1.3400204686467867,3
F2A:R4H:L7I,F2A:R4H:L7I,-4.152626102379134,3
F2A:R4C:L7I,F2A:R4C:L7I,-1.6763091642965942,3
F2A:R4C:L7Q,F2A:R4C:L7Q,-1.6541899296033924,3
F2A:R4P:L7I,F2A:R4P:L7I,-4.016873141445348,3
F2A:R4P:L7Q,F2A:R4P:L7Q,-4.575013535383066,3
F2A:R4P:L7V,F2A:R4P:L7V,-4.285107895494549,3
F2Q:R4T:L7V,F2Q:R4T:L7V,-1.4827630053268077,3
F2Q:R4Q:L7I,F2Q:R4Q:L7I,-1.7415845167134651,3
F2Q:R4Q:L7V,F2Q:R4Q:L7V,-2.276947729942912,3
F2Q:R4L:L7Q,F2Q:R4L:L7Q,-1.111973353408392,3
F2Q:R4A:L7I,F2Q:R4A:L7I,-1.032826812457153,3
F2Q:R4H:L7I,F2Q:R4H:L7I,-1.517839185766544,3
F2Q:R4H:L7V,F2Q:R4H:L7V,-2.666409822778869,3
F2Q:R4C:L7Q,F2Q:R4C:L7Q,-0.8862802328369196,3
F2Q:R4P:L7I,F2Q:R4P:L7I,-1.8149152416809762,3
F2W:R4T:L7I,F2W:R4T:L7I,-1.632884022382693,3
F2W:R4L:L7Q,F2W:R4L:L7Q,-7.311770103898243,3
F2W:R4L:L7V,F2W:R4L:L7V,-2.2377246185516695,3
F2W:R4A:L7I,F2W:R4A:L7I,-2.026897207456079,3
F2W:R4A:L7V,F2W:R4A:L7V,-1.5476278318386982,3
F2W:R4H:L7Q,F2W:R4H:L7Q,-0.6608639995241312,3
F2W:R4P:L7Q,F2W:R4P:L7Q,-0.38796214652632205,3
F2A:R4T:S8K,F2A:R4T:S8K,-3.1913824716324797,3
F2A:R4T:S8R,F2A:R4T:S8R,-3.5761506427077756,3
F2A:R4T:S8L,F2A:R4T:S8L,-2.130452682376797,3
F2A:R4T:S8C,F2A:R4T:S8C,-3.4471198152935973,3
F2A:R4T:S8T,F2A:R4T:S8T,-3.8725009791829588,3
F2A:R4Q:S8R,F2A:R4Q:S8R,-4.021031919319702,3
F2A:R4Q:S8L,F2A:R4Q:S8L,-2.7009364222083247,3
F2A:R4Q:S8C,F2A:R4Q:S8C,-3.949141967206904,3
F2A:R4Q:S8T,F2A:R4Q:S8T,-4.191427537309868,3
F2A:R4L:S8K,F2A:R4L:S8K,-0.7662902319203516,3
F2A:R4L:S8R,F2A:R4L:S8R,-1.1909957157881703,3
F2A:R4L:S8L,F2A:R4L:S8L,-0.8625818397642463,3
F2A:R4L:S8C,F2A:R4L:S8C,-0.854792882665788,3
F2A:R4A:S8K,F2A:R4A:S8K,-2.469842169261541,3
F2A:R4A:S8L,F2A:R4A:S8L,-1.6842615534402336,3
F2A:R4A:S8C,F2A:R4A:S8C,-2.2742412867381323,3
F2A:R4A:S8T,F2A:R4A:S8T,-3.0449654011383025,3
F2A:R4H:S8K,F2A:R4H:S8K,-4.397956892791409,3
F2A:R4H:S8C,F2A:R4H:S8C,-4.524901572296037,3
F2A:R4C:S8K,F2A:R4C:S8K,-1.3156346353243964,3
F2A:R4C:S8R,F2A:R4C:S8R,-1.331784680488654,3
F2A:R4C:S8L,F2A:R4C:S8L,-1.654717117186952,3
F2A:R4P:S8K,F2A:R4P:S8K,-4.009772172025692,3
F2A:R4P:S8R,F2A:R4P:S8R,-4.4925677735951135,3
F2A:R4P:S8L,F2A:R4P:S8L,-1.767129104430054,3
F2Q:R4T:S8L,F2Q:R4T:S8L,-1.5293399103579048,3
F2Q:R4T:S8C,F2Q:R4T:S8C,-1.5314234202939965,3
F2Q:R4Q:S8K,F2Q:R4Q:S8K,-1.833184721685949,3
F2Q:R4Q:S8R,F2Q:R4Q:S8R,-1.820325846243475,3
F2Q:R4Q:S8L,F2Q:R4Q:S8L,-1.6827368217601575,3
F2Q:R4Q:S8C,F2Q:R4Q:S8C,-1.8631396642484483,3
F2Q:R4Q:S8T,F2Q:R4Q:S8T,-2.346219798493283,3
F2Q:R4L:S8K,F2Q:R4L:S8K,-1.3404446432798718,3
F2Q:R4L:S8C,F2Q:R4L:S8C,-1.251312565939643,3
F2Q:R4L:S8T,F2Q:R4L:S8T,-1.607537388817687,3
F2Q:R4A:S8R,F2Q:R4A:S8R,-1.279035642637641,3
F2Q:R4A:S8T,F2Q:R4A:S8T,-2.744977792752824,3
F2Q:R4H:S8K,F2Q:R4H:S8K,-1.928188596171735,3
F2Q:R4H:S8L,F2Q:R4H:S8L,-2.1031331765534462,3
F2Q:R4H:S8C,F2Q:R4H:S8C,-2.5890728741797573,3
F2Q:R4H:S8T,F2Q:R4H:S8T,-2.509317841284994,3
F2Q:R4C:S8R,F2Q:R4C:S8R,-1.7146745744549161,3
F2Q:R4C:S8L,F2Q:R4C:S8L,-2.4169461502785636,3
F2Q:R4C:S8C,F2Q:R4C:S8C,-1.6310909726248661,3
F2Q:R4C:S8T,F2Q:R4C:S8T,-1.8503900928846484,3
F2Q:R4P:S8R,F2Q:R4P:S8R,-1.1621576487981888,3
F2Q:R4P:S8L,F2Q:R4P:S8L,-1.304342123859667,3
F2Q:R4P:S8C,F2Q:R4P:S8C,-1.4100325647283167,3
F2Q:R4P:S8T,F2Q:R4P:S8T,-1.934504242934093,3
F2W:R4T:S8K,F2W:R4T:S8K,-1.1276281013034763,3
F2W:R4T:S8L,F2W:R4T:S8L,-2.665503031463684,3
F2W:R4Q:S8R,F2W:R4Q:S8R,-1.410753576337909,3
F2W:R4Q:S8L,F2W:R4Q:S8L,-2.2054905317017006,3
F2W:R4Q:S8T,F2W:R4Q:S8T,-1.5323753565791751,3
F2W:R4L:S8K,F2W:R4L:S8K,-2.402643338610208,3
F2W:R4L:S8C,F2W:R4L:S8C,-3.5968017422908387,3
F2W:R4L:S8T,F2W:R4L:S8T,-2.6635799797893203,3
F2W:R4A:S8K,F2W:R4A:S8K,-1.8903479328877646,3
F2W:R4A:S8L,F2W:R4A:S8L,-2.6735198548622017,3
F2W:R4A:S8C,F2W:R4A:S8C,-2.2671729712606354,3
F2W:R4A:S8T,F2W:R4A:S8T,-1.8737418548969822,3
F2W:R4H:S8K,F2W:R4H:S8K,-4.986954033014592,3
F2W:R4H:S8R,F2W:R4H:S8R,-1.3901345782193273,3
F2W:R4C:S8K,F2W:R4C:S8K,-3.14211896312097,3
F2W:R4C:S8T,F2W:R4C:S8T,-3.013710106039835,3
F2W:R4P:S8K,F2W:R4P:S8K,-2.0342846739687257,3
F2A:R4T:Q9K,F2A:R4T:Q9K,-2.9750970789404794,3
F2A:R4Q:Q9K,F2A:R4Q:Q9K,-3.2955474617290466,3
F2A:R4Q:Q9A,F2A:R4Q:Q9A,-4.352213314557808,3
F2A:R4L:Q9K,F2A:R4L:Q9K,-0.6174566408135731,3
F2A:R4L:Q9R,F2A:R4L:Q9R,-0.8880734255520408,3
F2A:R4A:Q9K,F2A:R4A:Q9K,-2.6818108884611385,3
F2A:R4A:Q9R,F2A:R4A:Q9R,-2.4168408022587573,3
F2A:R4P:Q9K,F2A:R4P:Q9K,-3.6225083951087864,3
F2Q:R4T:Q9K,F2Q:R4T:Q9K,-0.9181887154582531,3
F2Q:R4L:Q9K,F2Q:R4L:Q9K,-1.6753457861908327,3
F2Q:R4A:Q9K,F2Q:R4A:Q9K,-1.264982748419346,3
F2Q:R4A:Q9R,F2Q:R4A:Q9R,-1.1764235060348245,3
F2Q:R4A:Q9A,F2Q:R4A:Q9A,-1.2763516021150962,3
F2Q:R4H:Q9K,F2Q:R4H:Q9K,-1.1685433808036036,3
F2Q:R4H:Q9R,F2Q:R4H:Q9R,-3.8091613915425313,3
F2Q:R4H:Q9A,F2Q:R4H:Q9A,-1.925703867364345,3
F2Q:R4C:Q9A,F2Q:R4C:Q9A,-3.073577567326474,3
F2A:R4A:H10Y,F2A:R4A:H10Y,-0.8468635453937018,3
F2A:R4H:H10F,F2A:R4H:H10F,-4.606889092680933,3
F2A:R4C:H10F,F2A:R4C:H10F,-1.1593856895102588,3
F2A:R4P:H10Y,F2A:R4P:H10Y,-0.8932281076962764,3
F2Q:R4T:H10Y,F2Q:R4T:H10Y,-1.4549512810314498,3
F2Q:R4Q:H10F,F2Q:R4Q:H10F,-1.6965210743803316,3
F2Q:R4L:H10Y,F2Q:R4L:H10Y,-2.0550096791072208,3
F2Q:R4H:H10Y,F2Q:R4H:H10Y,-1.0775863369702374,3
F2Q:R4C:H10Y,F2Q:R4C:H10Y,-2.346130714580652,3
F2Q:R4P:H10Y,F2Q:R4P:H10Y,-1.210391501760806,3
F2W:R4T:H10F,F2W:R4T:H10F,-2.4908010477615523,3
F2W:R4T:H10Y,F2W:R4T:H10Y,-2.4022230430676093,3
F2W:R4L:H10F,F2W:R4L:H10F,-3.1440326770860114,3
F2W:R4H:H10Y,F2W:R4H:H10Y,-2.5846484981899898,3
F2W:R4P:H10F,F2W:R4P:H10F,-1.8995473132611824,3
F2W:R4P:H10Y,F2W:R4P:H10Y,-2.2922618219561732,3
F2A:R4T:A11S,F2A:R4T:A11S,-4.098793190160975,3
F2A:R4L:A11S,F2A:R4L:A11S,-1.977806514779157,3
F2A:R4A:A11S,F2A:R4A:A11S,-3.20462402728797,3
F2Q:R4T:A11S,F2Q:R4T:A11S,-2.622880403577128,3
F2Q:R4Q:A11S,F2Q:R4Q:A11S,-2.8213232873824903,3
F2Q:R4A:A11S,F2Q:R4A:A11S,-1.7777834244203963,3
F2W:A5M:Q6R,F2W:A5M:Q6R,-3.418100249349426,3
F2A:A5M:L7Q,F2A:A5M:L7Q,-2.9882441166469804,3
F2A:A5M:L7V,F2A:A5M:L7V,-2.7990575994005558,3
F2A:A5I:L7Q,F2A:A5I:L7Q,-4.6459279375366656,3
F2A:A5I:L7V,F2A:A5I:L7V,-4.526003386357031,3
F2W:A5M:L7Q,F2W:A5M:L7Q,-1.9745506849980332,3
F2W:A5I:L7I,F2W:A5I:L7I,-0.6687793228306451,3
F2W:A5I:L7V,F2W:A5I:L7V,-1.0935399916315345,3
F2A:A5M:S8L,F2A:A5M:S8L,-1.749833824296816,3
F2A:A5I:S8T,F2A:A5I:S8T,-3.7896619955088835,3
F2Q:A5I:S8L,F2Q:A5I:S8L,-2.897183721483205,3
F2W:A5M:S8K,F2W:A5M:S8K,-3.4629871412535245,3
F2W:A5M:S8C,F2W:A5M:S8C,-4.209172843524906,3
F2W:A5M:S8T,F2W:A5M:S8T,-2.128792511007508,3
F2W:A5I:S8C,F2W:A5I:S8C,-0.49164414124406586,3
F2A:A5M:Q9K,F2A:A5M:Q9K,-0.8391187351206659,3
F2A:A5M:Q9A,F2A:A5M:Q9A,-8.282554886932859,3
F2A:A5I:Q9K,F2A:A5I:Q9K,-2.5537428006509604,3
F2Q:A5M:Q9K,F2Q:A5M:Q9K,-0.8798146562935824,3
F2Q:A5M:Q9A,F2Q:A5M:Q9A,-1.046875057628969,3
F2W:A5M:Q9K,F2W:A5M:Q9K,-2.167483238290766,3
F2W:A5I:Q9A,F2W:A5I:Q9A,-0.5155572916385902,3
F2A:A5M:H10F,F2A:A5M:H10F,-8.669898890206735,3
F2A:A5I:H10Y,F2A:A5I:H10Y,-0.627365823928982,3
F2Q:A5M:H10F,F2Q:A5M:H10F,-0.7044783560296313,3
F2W:A5M:H10F,F2W:A5M:H10F,-2.5337995499412265,3
F2W:A5I:H10Y,F2W:A5I:H10Y,-1.3764991109387512,3
F2A:A5I:A11S,F2A:A5I:A11S,-3.081243531623895,3
F2Q:A5M:A11S,F2Q:A5M:A11S,-1.009766179390801,3
F2Q:Q6R:L7Q,F2Q:Q6R:L7Q,-2.1116940744854262,3
F2W:Q6R:L7I,F2W:Q6R:L7I,-1.5993502792481955,3
F2W:Q6R:L7V,F2W:Q6R:L7V,-0.957950080826435,3
F2Q:Q6R:S8R,F2Q:Q6R:S8R,-1.7904070032993618,3
F2W:Q6R:S8R,F2W:Q6R:S8R,-1.3909625647358788,3
F2W:Q6R:S8L,F2W:Q6R:S8L,-2.3189599778112644,3
F2W:Q6R:S8C,F2W:Q6R:S8C,-1.9225551060834818,3
F2W:Q6R:S8T,F2W:Q6R:S8T,-0.9985138065709398,3
F2A:Q6R:Q9R,F2A:Q6R:Q9R,-2.9419062228878703,3
F2Q:Q6R:Q9A,F2Q:Q6R:Q9A,-2.1481590893715627,3
F2W:Q6R:Q9K,F2W:Q6R:Q9K,-1.9470111304288973,3
F2Q:Q6R:H10F,F2Q:Q6R:H10F,-2.398449899816044,3
F2Q:Q6R:H10Y,F2Q:Q6R:H10Y,-1.6057630275472778,3
F2Q:L7V:S8L,F2Q:L7V:S8L,-1.8606517198552732,3
F2W:L7I:S8C,F2W:L7I:S8C,-1.414614219657194,3
F2W:L7V:Q9R,F2W:L7V:Q9R,-2.1789580431510713,3
F2A:S8K:Q9R,F2A:S8K:Q9R,-4.546199545936247,3
F2A:S8R:Q9A,F2A:S8R:Q9A,-4.525276478660194,3
F2A:S8T:Q9A,F2A:S8T:Q9A,-5.2192886629801905,3
F2Q:S8K:Q9R,F2Q:S8K:Q9R,-1.8558876595436977,3
F2Q:S8K:Q9A,F2Q:S8K:Q9A,-1.5100507409106045,3
F2Q:S8R:Q9K,F2Q:S8R:Q9K,-1.876303696782976,3
F2Q:S8R:Q9A,F2Q:S8R:Q9A,-1.880008352331168,3
F2Q:S8C:Q9R,F2Q:S8C:Q9R,-1.2403193922807545,3
F2Q:S8C:Q9A,F2Q:S8C:Q9A,-1.4458236623886953,3
F2Q:S8T:Q9K,F2Q:S8T:Q9K,-1.8827095555909013,3
F2Q:S8T:Q9R,F2Q:S8T:Q9R,-1.054459084914264,3
F2Q:S8T:Q9A,F2Q:S8T:Q9A,-2.2194357224584613,3
F2W:S8K:Q9K,F2W:S8K:Q9K,-2.4638897663053587,3
F2W:S8K:Q9A,F2W:S8K:Q9A,-1.8822438189910318,3
F2W:S8L:Q9R,F2W:S8L:Q9R,-3.3181997291732124,3
F2W:S8L:Q9A,F2W:S8L:Q9A,-2.551429778631857,3
F2W:S8T:Q9K,F2W:S8T:Q9K,-2.436636865732088,3
F2W:S8T:Q9A,F2W:S8T:Q9A,-1.549893289222855,3
F2A:S8T:H10Y,F2A:S8T:H10Y,-2.0963121386933072,3
F2Q:S8K:H10F,F2Q:S8K:H10F,-1.6241452535133412,3
F2Q:S8K:H10Y,F2Q:S8K:H10Y,-1.8395401694470896,3
F2Q:S8R:H10F,F2Q:S8R:H10F,-1.6348420020038614,3
F2Q:S8R:H10Y,F2Q:S8R:H10Y,-1.6346373492899273,3
F2Q:S8L:H10Y,F2Q:S8L:H10Y,-2.1095416077024924,3
F2Q:S8T:H10F,F2Q:S8T:H10F,-1.6779085273425534,3
F2Q:S8T:H10Y,F2Q:S8T:H10Y,-1.9191602649502832,3
F2W:S8L:H10Y,F2W:S8L:H10Y,-4.119572275991566,3
F2W:S8C:H10F,F2W:S8C:H10F,-2.4626555901581306,3
F2A:S8R:A11S,F2A:S8R:A11S,-3.4106774959208046,3
F2A:S8L:A11S,F2A:S8L:A11S,-2.501033806640712,3
F2A:S8C:A11S,F2A:S8C:A11S,-2.6604509528517073,3
F2Q:S8R:A11S,F2Q:S8R:A11S,-2.299248222108938,3
F2Q:S8C:A11S,F2Q:S8C:A11S,-1.2478677891720475,3
F2W:S8C:A11S,F2W:S8C:A11S,-2.851164047428352,3
F2A:Q9R:H10F,F2A:Q9R:H10F,-2.2058355877660962,3
F2Q:Q9K:H10Y,F2Q:Q9K:H10Y,-1.0395707752599803,3
F2Q:Q9R:H10F,F2Q:Q9R:H10F,-0.6535447881994046,3
F2Q:Q9R:H10Y,F2Q:Q9R:H10Y,-1.3262196049874495,3
F2Q:Q9A:H10F,F2Q:Q9A:H10F,-1.2721847521732361,3
F2W:Q9K:H10Y,F2W:Q9K:H10Y,-3.1866319212980367,3
F2W:Q9R:H10F,F2W:Q9R:H10F,-2.5564932579379507,3
F2W:Q9R:H10Y,F2W:Q9R:H10Y,-3.2696302504809327,3
F2W:Q9A:H10F,F2W:Q9A:H10F,-4.1355795863240035,3
F2A:Q9R:A11S,F2A:Q9R:A11S,-2.9714311439405523,3
F2A:Q9A:A11S,F2A:Q9A:A11S,-3.9653703844865387,3
F2Q:Q9K:A11S,F2Q:Q9K:A11S,-1.6535361491517524,3
F2Q:Q9A:A11S,F2Q:Q9A:A11S,-2.3100063005123777,3
Q3N:R4T:A5M,Q3N:R4T:A5M,-1.3593618096067015,3
Q3N:R4T:A5I,Q3N:R4T:A5I,-0.829133275302588,3
Q3N:R4Q:A5M,Q3N:R4Q:A5M,-0.8649988785712798,3
Q3N:R4A:A5I,Q3N:R4A:A5I,-0.8439867342165985,3
Q3N:R4H:A5M,Q3N:R4H:A5M,-1.2254171055514667,3
Q3N:R4H:A5I,Q3N:R4H:A5I,-0.9361702615422469,3
Q3N:R4C:A5I,Q3N:R4C:A5I,-0.9483564192487869,3
Q3N:R4P:A5M,Q3N:R4P:A5M,-1.1940205563859971,3
Q3G:R4T:A5I,Q3G:R4T:A5I,-0.47634454140051524,3
Q3G:R4L:A5M,Q3G:R4L:A5M,-1.8397050188283544,3
Q3G:R4L:A5I,Q3G:R4L:A5I,-0.49264706601657976,3
Q3G:R4A:A5M,Q3G:R4A:A5M,-0.91795463149498,3
Q3G:R4H:A5M,Q3G:R4H:A5M,-0.483528955232876,3
Q3G:R4C:A5M,Q3G:R4C:A5M,-1.616997262144784,3
Q3G:R4P:A5I,Q3G:R4P:A5I,-1.0250974450170216,3
Q3N:R4T:Q6R,Q3N:R4T:Q6R,-1.3170997731513887,3
Q3N:R4L:Q6R,Q3N:R4L:Q6R,-1.7193307980758081,3
Q3N:R4H:Q6R,Q3N:R4H:Q6R,-0.7877745570758042,3
Q3N:R4P:Q6R,Q3N:R4P:Q6R,-1.0256945815296163,3
Q3G:R4Q:Q6R,Q3G:R4Q:Q6R,-0.9563955463085122,3
Q3G:R4H:Q6R,Q3G:R4H:Q6R,-0.8408182018942141,3
Q3N:R4T:L7V,Q3N:R4T:L7V,-0.6589524376170698,3
Q3N:R4Q:L7Q,Q3N:R4Q:L7Q,-0.6257704118039842,3
Q3N:R4L:L7Q,Q3N:R4L:L7Q,-0.8359505568601235,3
Q3N:R4L:L7V,Q3N:R4L:L7V,-1.0829967948227648,3
Q3N:R4A:L7I,Q3N:R4A:L7I,-0.7642605514023876,3
Q3N:R4A:L7Q,Q3N:R4A:L7Q,-0.7229305167773727,3
Q3N:R4A:L7V,Q3N:R4A:L7V,-0.7035968992005334,3
Q3N:R4H:L7Q,Q3N:R4H:L7Q,-0.7088715844142586,3
Q3N:R4H:L7V,Q3N:R4H:L7V,-0.6712022715248334,3
Q3N:R4C:L7I,Q3N:R4C:L7I,-1.0629571984907218,3
Q3N:R4C:L7Q,Q3N:R4C:L7Q,-0.9571126287578829,3
Q3N:R4P:L7I,Q3N:R4P:L7I,-0.706247349840516,3
Q3N:R4P:L7Q,Q3N:R4P:L7Q,-0.6806589820284757,3
Q3G:R4T:L7I,Q3G:R4T:L7I,-0.5965495101078749,3
Q3G:R4T:L7V,Q3G:R4T:L7V,-0.5558968859745803,3
Q3G:R4Q:L7I,Q3G:R4Q:L7I,-0.6204687214249287,3
Q3G:R4Q:L7Q,Q3G:R4Q:L7Q,-0.5141046762894084,3
Q3G:R4Q:L7V,Q3G:R4Q:L7V,-0.7186929956562812,3
Q3G:R4L:L7I,Q3G:R4L:L7I,-1.3643461985450993,3
Q3G:R4L:L7V,Q3G:R4L:L7V,-1.278603435844965,3
Q3G:R4A:L7I,Q3G:R4A:L7I,-0.7440301414746716,3
Q3G:R4A:L7Q,Q3G:R4A:L7Q,-0.5482662640539823,3
Q3G:R4A:L7V,Q3G:R4A:L7V,-0.6278405476393559,3
Q3G:R4H:L7I,Q3G:R4H:L7I,-0.6424981062694634,3
Q3G:R4C:L7Q,Q3G:R4C:L7Q,-0.9486006372364273,3
Q3G:R4C:L7V,Q3G:R4C:L7V,-1.127524876319649,3
Q3N:R4T:S8K,Q3N:R4T:S8K,-0.958876729760887,3
Q3N:R4T:S8C,Q3N:R4T:S8C,-0.7497883442571226,3
Q3N:R4T:S8T,Q3N:R4T:S8T,-0.7161462467078528,3
Q3N:R4Q:S8K,Q3N:R4Q:S8K,-0.8243925795440209,3
Q3N:R4Q:S8C,Q3N:R4Q:S8C,-0.6427685201987192,3
Q3N:R4Q:S8T,Q3N:R4Q:S8T,-0.5243026135313819,3
Q3N:R4L:S8R,Q3N:R4L:S8R,-1.1292825163332811,3
Q3N:R4L:S8L,Q3N:R4L:S8L,-1.7391485772574966,3
Q3N:R4L:S8C,Q3N:R4L:S8C,-1.4489772664219176,3
Q3N:R4A:S8L,Q3N:R4A:S8L,-1.2825462414981053,3
Q3N:R4A:S8C,Q3N:R4A:S8C,-0.9195010168262753,3
Q3N:R4A:S8T,Q3N:R4A:S8T,-0.7383883666690665,3
Q3N:R4H:S8R,Q3N:R4H:S8R,-0.4068387920056923,3
Q3N:R4H:S8L,Q3N:R4H:S8L,-0.7704639710324329,3
Q3N:R4H:S8C,Q3N:R4H:S8C,-0.5549610732544182,3
Q3N:R4H:S8T,Q3N:R4H:S8T,-0.42112173023663513,3
Q3N:R4C:S8K,Q3N:R4C:S8K,-1.1523088327607647,3
Q3N:R4C:S8L,Q3N:R4C:S8L,-1.8691244865535745,3
Q3N:R4C:S8C,Q3N:R4C:S8C,-1.4676275928134348,3
Q3N:R4P:S8K,Q3N:R4P:S8K,-0.5789845823760859,3
Q3N:R4P:S8R,Q3N:R4P:S8R,-0.4755939547540229,3
Q3N:R4P:S8L,Q3N:R4P:S8L,-0.9842073490553783,3
Q3N:R4P:S8C,Q3N:R4P:S8C,-1.2154109219027682,3
Q3N:R4P:S8T,Q3N:R4P:S8T,-0.9359057792873384,3
Q3G:R4T:S8K,Q3G:R4T:S8K,-0.855011112822437,3
Q3G:R4T:S8R,Q3G:R4T:S8R,-0.8371922436911362,3
Q3G:R4T:S8L,Q3G:R4T:S8L,-1.2395194050967864,3
Q3G:R4Q:S8K,Q3G:R4Q:S8K,-0.8963506661458014,3
Q3G:R4Q:S8R,Q3G:R4Q:S8R,-0.660527923624444,3
Q3G:R4Q:S8L,Q3G:R4Q:S8L,-1.1025863276909715,3
Q3G:R4Q:S8C,Q3G:R4Q:S8C,-0.8277122415883191,3
Q3G:R4Q:S8T,Q3G:R4Q:S8T,-0.6971008788571964,3
Q3G:R4L:S8R,Q3G:R4L:S8R,-1.9362979860027931,3
Q3G:R4L:S8L,Q3G:R4L:S8L,-2.3527258763155654,3
Q3G:R4A:S8K,Q3G:R4A:S8K,-0.8646212677708263,3
Q3G:R4A:S8L,Q3G:R4A:S8L,-1.4268613453095635,3
Q3G:R4H:S8R,Q3G:R4H:S8R,-0.717569706377802,3
Q3G:R4H:S8T,Q3G:R4H:S8T,-0.7010657877089223,3
Q3G:R4P:S8L,Q3G:R4P:S8L,-1.0558476863010322,3
Q3G:R4P:S8T,Q3G:R4P:S8T,-0.6215305004777429,3
Q3N:R4T:Q9K,Q3N:R4T:Q9K,-1.330098820686228,3
Q3N:R4Q:Q9K,Q3N:R4Q:Q9K,-1.0738723050860322,3
Q3N:R4L:Q9K,Q3N:R4L:Q9K,-1.9385225069888439,3
Q3N:R4H:Q9K,Q3N:R4H:Q9K,-0.8477728079569589,3
Q3N:R4H:Q9R,Q3N:R4H:Q9R,-0.9650685124029521,3
Q3N:R4H:Q9A,Q3N:R4H:Q9A,-0.7110339855754977,3
Q3N:R4C:Q9A,Q3N:R4C:Q9A,-1.6015370964265012,3
Q3N:R4P:Q9A,Q3N:R4P:Q9A,-0.9366940362020628,3
Q3G:R4Q:Q9K,Q3G:R4Q:Q9K,-1.0579251387635362,3
Q3G:R4Q:Q9A,Q3G:R4Q:Q9A,-0.9194824863461722,3
Q3G:R4L:Q9K,Q3G:R4L:Q9K,-2.3913709017931444,3
Q3G:R4L:Q9R,Q3G:R4L:Q9R,-1.926795562360321,3
Q3G:R4A:Q9K,Q3G:R4A:Q9K,-0.9505530506837285,3
Q3G:R4C:Q9K,Q3G:R4C:Q9K,-1.832428812546762,3
Q3G:R4C:Q9A,Q3G:R4C:Q9A,-1.2144592611166225,3
Q3G:R4P:Q9K,Q3G:R4P:Q9K,-0.6182423941207468,3
Q3G:R4P:Q9R,Q3G:R4P:Q9R,-1.2063413314892755,3
Q3N:R4L:H10Y,Q3N:R4L:H10Y,-2.1102848556466434,3
Q3N:R4P:H10Y,Q3N:R4P:H10Y,-1.9408029272614349,3
Q3G:R4T:H10F,Q3G:R4T:H10F,-0.8987637004370906,3
Q3G:R4A:H10Y,Q3G:R4A:H10Y,-1.887827409969769,3
Q3G:R4C:H10F,Q3G:R4C:H10F,-1.7262974784822416,3
Q3G:R4C:H10Y,Q3G:R4C:H10Y,-2.5176357049336384,3
Q3N:R4T:A11S,Q3N:R4T:A11S,-1.4068532570808523,3
Q3G:R4H:A11S,Q3G:R4H:A11S,-1.0644061606410353,3
Q3G:R4C:A11S,Q3G:R4C:A11S,-1.6770354481536254,3
Q3G:A5M:Q6R,Q3G:A5M:Q6R,-1.172588347808706,3
Q3N:A5M:L7Q,Q3N:A5M:L7Q,-0.5070362304533187,3
Q3N:A5I:L7Q,Q3N:A5I:L7Q,-0.7642833052740231,3
Q3G:A5M:L7I,Q3G:A5M:L7I,-0.2285832274753846,3
Q3G:A5M:L7Q,Q3G:A5M:L7Q,-0.31175473904760476,3
Q3G:A5I:L7I,Q3G:A5I:L7I,-0.7250764238088877,3
Q3N:A5I:S8K,Q3N:A5I:S8K,-0.37042814913016137,3
Q3N:A5I:S8L,Q3N:A5I:S8L,-0.38558613828795824,3
Q3N:A5I:S8T,Q3N:A5I:S8T,-0.5486581485738141,3
Q3G:A5M:S8K,Q3G:A5M:S8K,-1.0213046955409644,3
Q3G:A5M:S8L,Q3G:A5M:S8L,-1.4759099274418228,3
Q3G:A5M:S8C,Q3G:A5M:S8C,-0.4851583733452048,3
Q3G:A5M:S8T,Q3G:A5M:S8T,-0.7985896341184382,3
Q3G:A5I:S8R,Q3G:A5I:S8R,-0.7106914135278026,3
Q3G:A5I:S8T,Q3G:A5I:S8T,-0.669863343205899,3
Q3N:A5M:Q9K,Q3N:A5M:Q9K,-0.8760264394956971,3
Q3N:A5M:Q9R,Q3N:A5M:Q9R,-0.635472313330152,3
Q3G:A5M:Q9K,Q3G:A5M:Q9K,-0.7845657486068001,3
Q3G:A5M:H10F,Q3G:A5M:H10F,-0.6381466745674883,3
Q3G:A5M:H10Y,Q3G:A5M:H10Y,-1.6534380288055066,3
Q3G:A5I:H10F,Q3G:A5I:H10F,-0.45563747104667496,3
Q3N:A5M:A11S,Q3N:A5M:A11S,-1.1021933631734113,3
Q3N:Q6R:L7I,Q3N:Q6R:L7I,-0.7114135589174885,3
Q3N:Q6R:L7Q,Q3N:Q6R:L7Q,-0.7482939699704679,3
Q3G:Q6R:L7Q,Q3G:Q6R:L7Q,-0.5805639783428518,3
Q3G:Q6R:L7V,Q3G:Q6R:L7V,-0.7715122752594084,3
Q3N:Q6R:S8R,Q3N:Q6R:S8R,-0.9504603550650914,3
Q3N:Q6R:S8L,Q3N:Q6R:S8L,-1.3931648503133394,3
Q3N:Q6R:S8C,Q3N:Q6R:S8C,-1.1719782375575267,3
Q3G:Q6R:S8K,Q3G:Q6R:S8K,-0.927025600142228,3
Q3G:Q6R:Q9R,Q3G:Q6R:Q9R,-1.006261630302553,3
Q3N:Q6R:H10Y,Q3N:Q6R:H10Y,-1.0542239839071774,3
Q3N:Q6R:A11S,Q3N:Q6R:A11S,-1.5494090733149402,3
Q3G:Q6R:A11S,Q3G:Q6R:A11S,-1.861660665236021,3
Q3N:L7I:S8C,Q3N:L7I:S8C,-0.644838772505932,3
Q3N:L7Q:S8L,Q3N:L7Q:S8L,-0.9476763813209407,3
Q3N:L7Q:S8T,Q3N:L7Q:S8T,-0.5872102705348874,3
Q3N:L7V:S8L,Q3N:L7V:S8L,-0.8346737611261439,3
Q3N:L7V:S8T,Q3N:L7V:S8T,-0.572528180440501,3
Q3G:L7I:S8K,Q3G:L7I:S8K,-0.6668584608928774,3
Q3G:L7I:S8L,Q3G:L7I:S8L,-1.0681641885789646,3
Q3G:L7I:S8C,Q3G:L7I:S8C,-0.873199857060497,3
Q3G:L7I:S8T,Q3G:L7I:S8T,-0.5600094214719865,3
Q3G:L7Q:S8R,Q3G:L7Q:S8R,-0.6043217232272776,3
Q3G:L7V:S8R,Q3G:L7V:S8R,-0.6962993041266917,3
Q3G:L7V:S8L,Q3G:L7V:S8L,-1.0259181081035829,3
Q3G:L7V:S8C,Q3G:L7V:S8C,-0.679061536671199,3
Q3G:L7V:S8T,Q3G:L7V:S8T,-0.49645792941283784,3
Q3N:L7I:Q9K,Q3N:L7I:Q9K,-0.22202880329580313,3
Q3N:L7I:Q9R,Q3N:L7I:Q9R,-0.3194941546542906,3
Q3N:L7V:Q9A,Q3N:L7V:Q9A,-0.9100707810765616,3
Q3G:L7I:Q9A,Q3G:L7I:Q9A,-0.3144160494938062,3
Q3N:L7Q:H10F,Q3N:L7Q:H10F,-0.3030871421104423,3
Q3G:L7Q:H10Y,Q3G:L7Q:H10Y,-0.49913981329651713,3
Q3G:L7V:H10F,Q3G:L7V:H10F,-0.2722631014595452,3
Q3N:S8K:Q9K,Q3N:S8K:Q9K,-0.3975895370011601,3
Q3N:S8K:Q9A,Q3N:S8K:Q9A,-0.6321366858556026,3
Q3N:S8R:Q9K,Q3N:S8R:Q9K,-0.44234908718668997,3
Q3G:S8R:Q9A,Q3G:S8R:Q9A,-0.7647690257239997,3
Q3G:S8L:Q9A,Q3G:S8L:Q9A,-0.8697440367804286,3
Q3G:S8C:Q9K,Q3G:S8C:Q9K,-1.1182180810585245,3
Q3N:S8K:H10F,Q3N:S8K:H10F,-0.8059304800240848,3
Q3N:S8R:H10F,Q3N:S8R:H10F,-0.6801499334105796,3
Q3N:S8C:H10F,Q3N:S8C:H10F,-0.7676490625000529,3
Q3G:S8R:H10Y,Q3G:S8R:H10Y,-1.8157870505525926,3
Q3N:S8K:A11S,Q3N:S8K:A11S,-1.4318639547354814,3
Q3N:S8L:A11S,Q3N:S8L:A11S,-1.1919963233412263,3
Q3N:S8C:A11S,Q3N:S8C:A11S,-1.218881205202386,3
Q3N:S8T:A11S,Q3N:S8T:A11S,-1.147637153140612,3
Q3G:S8C:A11S,Q3G:S8C:A11S,-1.2595141899655822,3
Q3G:S8T:A11S,Q3G:S8T:A11S,-1.2843325878555893,3
Q3N:Q9R:H10F,Q3N:Q9R:H10F,-0.931799158893823,3
R4T:A5I:Q6R,R4T:A5I:Q6R,-0.9490641976690346,3
R4Q:A5I:Q6R,R4Q:A5I:Q6R,-0.8365930349836154,3
R4A:A5I:Q6R,R4A:A5I:Q6R,-0.8102780608295049,3
R4H:A5M:Q6R,R4H:A5M:Q6R,-1.443824826739413,3
R4C:A5I:Q6R,R4C:A5I:Q6R,-0.7944937417570698,3
R4P:A5I:Q6R,R4P:A5I:Q6R,-0.8137011082989989,3
R4Q:A5M:L7V,R4Q:A5M:L7V,-0.8111369668564054,3
R4Q:A5I:L7I,R4Q:A5I:L7I,-1.132440742466519,3
R4Q:A5I:L7V,R4Q:A5I:L7V,-1.0995921450241202,3
R4H:A5M:L7V,R4H:A5M:L7V,-0.7640446221581153,3
R4C:A5I:L7Q,R4C:A5I:L7Q,-0.4998472433981076,3
R4C:A5I:L7V,R4C:A5I:L7V,-0.5466021516122923,3
R4P:A5M:L7I,R4P:A5M:L7I,-1.0428131478979104,3
R4P:A5M:L7V,R4P:A5M:L7V,-0.8719257007610649,3
R4T:A5I:S8K,R4T:A5I:S8K,-0.5563241687452232,3
R4Q:A5M:S8T,R4Q:A5M:S8T,-1.0150116991821887,3
R4L:A5I:S8R,R4L:A5I:S8R,-0.7415359027227322,3
R4L:A5I:S8L,R4L:A5I:S8L,-0.9098657003926853,3
R4L:A5I:S8C,R4L:A5I:S8C,-0.5453478042161443,3
R4A:A5M:S8R,R4A:A5M:S8R,-1.5154629826583141,3
R4A:A5M:S8L,R4A:A5M:S8L,-2.270881432394766,3
R4A:A5I:S8K,R4A:A5I:S8K,-0.5141019002983903,3
R4A:A5I:S8C,R4A:A5I:S8C,-0.37177543843593713,3
R4A:A5I:S8T,R4A:A5I:S8T,-0.30496189268523266,3
R4H:A5M:S8K,R4H:A5M:S8K,-1.0524345121954786,3
R4H:A5M:S8R,R4H:A5M:S8R,-0.8875226443631239,3
R4H:A5M:S8L,R4H:A5M:S8L,-1.6980248023143913,3
R4H:A5I:S8R,R4H:A5I:S8R,-0.643601197407017,3
R4H:A5I:S8L,R4H:A5I:S8L,-0.4852347135253545,3
R4C:A5M:S8K,R4C:A5M:S8K,-2.133786156739733,3
R4C:A5M:S8C,R4C:A5M:S8C,-2.2568607709289212,3
R4C:A5M:S8T,R4C:A5M:S8T,-2.1184036272446978,3
R4C:A5I:S8L,R4C:A5I:S8L,-0.8551211876101668,3
R4C:A5I:S8C,R4C:A5I:S8C,-0.6268982365643576,3
R4P:A5I:S8C,R4P:A5I:S8C,-0.2609174052943981,3
R4T:A5I:Q9K,R4T:A5I:Q9K,-0.3800752113762953,3
R4A:A5I:Q9K,R4A:A5I:Q9K,-0.37943578203987127,3
R4T:A5I:H10Y,R4T:A5I:H10Y,-1.1586439564230209,3
R4Q:A5I:H10F,R4Q:A5I:H10F,-1.2621447377314519,3
R4H:A5M:H10F,R4H:A5M:H10F,-1.6784718826816774,3
R4T:Q6R:L7I,R4T:Q6R:L7I,-1.4090416475129925,3
R4Q:Q6R:L7I,R4Q:Q6R:L7I,-1.5558647127641387,3
R4Q:Q6R:L7Q,R4Q:Q6R:L7Q,-1.056700696419147,3
R4L:Q6R:L7I,R4L:Q6R:L7I,-2.019765870459671,3
R4L:Q6R:L7Q,R4L:Q6R:L7Q,-1.5371092700560827,3
R4H:Q6R:L7I,R4H:Q6R:L7I,-1.3008049081387443,3
R4P:Q6R:L7I,R4P:Q6R:L7I,-0.9823346746919049,3
R4T:Q6R:S8K,R4T:Q6R:S8K,-1.5383525928231014,3
R4T:Q6R:S8R,R4T:Q6R:S8R,-1.2939187523378302,3
R4T:Q6R:S8L,R4T:Q6R:S8L,-1.9691939532188276,3
R4T:Q6R:S8C,R4T:Q6R:S8C,-0.9594159355349695,3
R4T:Q6R:S8T,R4T:Q6R:S8T,-1.3377312045519774,3
R4Q:Q6R:S8R,R4Q:Q6R:S8R,-1.3730106635367965,3
R4Q:Q6R:S8C,R4Q:Q6R:S8C,-0.7835018065495062,3
R4L:Q6R:S8K,R4L:Q6R:S8K,-1.5857455661315323,3
R4L:Q6R:S8T,R4L:Q6R:S8T,-1.3139265226393588,3
R4A:Q6R:S8R,R4A:Q6R:S8R,-1.4273632009704231,3
R4A:Q6R:S8L,R4A:Q6R:S8L,-1.7137755800865404,3
R4H:Q6R:S8K,R4H:Q6R:S8K,-1.2894865817721555,3
R4H:Q6R:S8C,R4H:Q6R:S8C,-2.185887304257552,3
R4H:Q6R:S8T,R4H:Q6R:S8T,-0.9646222519019158,3
R4C:Q6R:S8R,R4C:Q6R:S8R,-2.007171664169135,3
R4C:Q6R:S8C,R4C:Q6R:S8C,-1.2158798500277965,3
R4C:Q6R:S8T,R4C:Q6R:S8T,-1.239409933943271,3
R4P:Q6R:S8K,R4P:Q6R:S8K,-1.5246345993481818,3
R4P:Q6R:S8R,R4P:Q6R:S8R,-1.360543248704183,3
R4P:Q6R:S8C,R4P:Q6R:S8C,-1.666934284054702,3
R4P:Q6R:S8T,R4P:Q6R:S8T,-1.5698519249686216,3
R4T:Q6R:Q9K,R4T:Q6R:Q9K,-1.6220777681858252,3
R4T:L7I:S8R,R4T:L7I:S8R,-1.6555222191383592,3
R4T:L7Q:S8T,R4T:L7Q:S8T,-0.9244316621154747,3
R4T:L7V:S8K,R4T:L7V:S8K,-1.4779587730533221,3
R4T:L7V:S8R,R4T:L7V:S8R,-1.286033312149627,3
R4Q:L7I:S8L,R4Q:L7I:S8L,-1.5470969630783837,3
R4Q:L7I:S8C,R4Q:L7I:S8C,-0.9758771878486013,3
R4Q:L7Q:S8R,R4Q:L7Q:S8R,-1.09067897914418,3
R4Q:L7Q:S8L,R4Q:L7Q:S8L,-1.3420574504226008,3
R4Q:L7Q:S8T,R4Q:L7Q:S8T,-0.8490107493911839,3
R4Q:L7V:S8K,R4Q:L7V:S8K,-1.4570298646016278,3
R4Q:L7V:S8L,R4Q:L7V:S8L,-1.5706433767171029,3
R4Q:L7V:S8C,R4Q:L7V:S8C,-2.1395990445437727,3
R4Q:L7V:S8T,R4Q:L7V:S8T,-0.8481269187764264,3
R4L:L7I:S8R,R4L:L7I:S8R,-1.8848966652884998,3
R4L:L7I:S8L,R4L:L7I:S8L,-2.22683806936226,3
R4L:L7I:S8T,R4L:L7I:S8T,-1.7452810098272973,3
R4L:L7Q:S8K,R4L:L7Q:S8K,-1.7003238341730196,3
R4L:L7Q:S8R,R4L:L7Q:S8R,-1.6532655394339155,3
R4L:L7V:S8K,R4L:L7V:S8K,-1.7910479803262813,3
R4L:L7V:S8C,R4L:L7V:S8C,-1.6385332756756574,3
R4L:L7V:S8T,R4L:L7V:S8T,-1.405010565234234,3
R4A:L7I:S8K,R4A:L7I:S8K,-1.0068923492694442,3
R4A:L7I:S8R,R4A:L7I:S8R,-0.9908503445202681,3
R4A:L7I:S8C,R4A:L7I:S8C,-1.0506406495385014,3
R4A:L7I:S8T,R4A:L7I:S8T,-0.8294153441279414,3
R4A:L7Q:S8R,R4A:L7Q:S8R,-1.3038801475354227,3
R4A:L7Q:S8L,R4A:L7Q:S8L,-1.172202569351249,3
R4A:L7Q:S8C,R4A:L7Q:S8C,-0.8592107191255658,3
R4A:L7Q:S8T,R4A:L7Q:S8T,-0.7707867703945028,3
R4A:L7V:S8K,R4A:L7V:S8K,-1.2212408850826901,3
R4H:L7I:S8T,R4H:L7I:S8T,-0.6152019873997425,3
R4H:L7V:S8K,R4H:L7V:S8K,-0.7322816592314266,3
R4H:L7V:S8R,R4H:L7V:S8R,-0.780819843937896,3
R4H:L7V:S8T,R4H:L7V:S8T,-0.507419727651046,3
R4C:L7I:S8R,R4C:L7I:S8R,-1.437112212037872,3
R4C:L7I:S8L,R4C:L7I:S8L,-2.0748427992176555,3
R4C:L7I:S8C,R4C:L7I:S8C,-1.8907038981876285,3
R4C:L7Q:S8L,R4C:L7Q:S8L,-2.050141489331631,3
R4C:L7Q:S8C,R4C:L7Q:S8C,-1.8109063170740147,3
R4C:L7V:S8C,R4C:L7V:S8C,-2.00825407814092,3
R4P:L7I:S8C,R4P:L7I:S8C,-0.897769784039124,3
R4P:L7Q:S8K,R4P:L7Q:S8K,-0.7365753932860764,3
R4T:L7I:Q9K,R4T:L7I:Q9K,-1.196476086659505,3
R4T:L7V:Q9R,R4T:L7V:Q9R,-1.10950473029461,3
R4Q:L7I:Q9R,R4Q:L7I:Q9R,-1.0151496235527182,3
R4Q:L7Q:Q9R,R4Q:L7Q:Q9R,-0.718431270944021,3
R4Q:L7V:Q9K,R4Q:L7V:Q9K,-1.0025698691902307,3
R4Q:L7V:Q9R,R4Q:L7V:Q9R,-0.9551912174340665,3
R4Q:L7V:Q9A,R4Q:L7V:Q9A,-0.7608677037481096,3
R4L:L7I:Q9K,R4L:L7I:Q9K,-1.6742256505804747,3
R4L:L7I:Q9R,R4L:L7I:Q9R,-1.6651074281855904,3
R4L:L7I:Q9A,R4L:L7I:Q9A,-1.4072485307356148,3
R4L:L7Q:Q9K,R4L:L7Q:Q9K,-1.2840190444787885,3
R4L:L7Q:Q9R,R4L:L7Q:Q9R,-1.2931878370710157,3
R4L:L7Q:Q9A,R4L:L7Q:Q9A,-1.099488805869129,3
R4L:L7V:Q9R,R4L:L7V:Q9R,-1.64479972566485,3
R4L:L7V:Q9A,R4L:L7V:Q9A,-1.2303450654874135,3
R4A:L7I:Q9K,R4A:L7I:Q9K,-1.2066638922399582,3
R4A:L7I:Q9A,R4A:L7I:Q9A,-0.7444227514441885,3
R4A:L7Q:Q9K,R4A:L7Q:Q9K,-1.154420265477371,3
R4A:L7Q:Q9R,R4A:L7Q:Q9R,-0.9470281763712748,3
R4A:L7Q:Q9A,R4A:L7Q:Q9A,-0.7525478996956544,3
R4A:L7V:Q9K,R4A:L7V:Q9K,-1.1382463110434466,3
R4A:L7V:Q9R,R4A:L7V:Q9R,-1.173881149287642,3
R4A:L7V:Q9A,R4A:L7V:Q9A,-0.8423513584088866,3
R4H:L7I:Q9K,R4H:L7I:Q9K,-0.8805950209182529,3
R4H:L7I:Q9A,R4H:L7I:Q9A,-0.7996666788553559,3
R4H:L7Q:Q9K,R4H:L7Q:Q9K,-0.7982723778209351,3
R4H:L7Q:Q9R,R4H:L7Q:Q9R,-0.7839058022235015,3
R4C:L7I:Q9A,R4C:L7I:Q9A,-1.7864220967973798,3
R4C:L7Q:Q9A,R4C:L7Q:Q9A,-0.8030545340080206,3
R4C:L7V:Q9R,R4C:L7V:Q9R,-1.009825890213155,3
R4C:L7V:Q9A,R4C:L7V:Q9A,-1.1772228474715056,3
R4P:L7I:Q9K,R4P:L7I:Q9K,-1.314441105879405,3
R4P:L7I:Q9A,R4P:L7I:Q9A,-2.3014790871258377,3
R4P:L7Q:Q9K,R4P:L7Q:Q9K,-1.8232702344182778,3
R4P:L7V:Q9K,R4P:L7V:Q9K,-1.217169826024414,3
R4P:L7V:Q9A,R4P:L7V:Q9A,-1.084260845680933,3
R4T:L7I:H10F,R4T:L7I:H10F,-1.7824047504660623,3
R4T:L7I:H10Y,R4T:L7I:H10Y,-1.998521339991409,3
R4T:L7Q:H10F,R4T:L7Q:H10F,-1.0900768269383272,3
R4T:L7V:H10F,R4T:L7V:H10F,-1.567424131717507,3
R4T:L7V:H10Y,R4T:L7V:H10Y,-2.123068930927923,3
R4Q:L7I:H10F,R4Q:L7I:H10F,-1.9462137426868695,3
R4Q:L7Q:H10Y,R4Q:L7Q:H10Y,-1.98711737500158,3
R4L:L7I:H10F,R4L:L7I:H10F,-2.3356102391274645,3
R4L:L7I:H10Y,R4L:L7I:H10Y,-2.773449035512814,3
R4L:L7Q:H10Y,R4L:L7Q:H10Y,-2.5613281114914583,3
R4L:L7V:H10F,R4L:L7V:H10F,-2.2229620791084175,3
R4L:L7V:H10Y,R4L:L7V:H10Y,-1.391199434415331,3
R4A:L7I:H10F,R4A:L7I:H10F,-1.5161106518040024,3
R4A:L7Q:H10F,R4A:L7Q:H10F,-1.14738966580908,3
R4A:L7Q:H10Y,R4A:L7Q:H10Y,-0.8377954170215474,3
R4A:L7V:H10F,R4A:L7V:H10F,-1.38030150785705,3
R4H:L7I:H10F,R4H:L7I:H10F,-1.3908185520924157,3
R4H:L7Q:H10Y,R4H:L7Q:H10Y,-1.4007982116511803,3
R4C:L7I:H10F,R4C:L7I:H10F,-2.327296696737316,3
R4C:L7I:H10Y,R4C:L7I:H10Y,-2.5999824513157668,3
R4C:L7Q:H10Y,R4C:L7Q:H10Y,-2.5594857503159836,3
R4C:L7V:H10F,R4C:L7V:H10F,-2.245984625526288,3
R4P:L7Q:H10F,R4P:L7Q:H10F,-0.9336843907054881,3
R4P:L7Q:H10Y,R4P:L7Q:H10Y,-1.4870874253249546,3
R4P:L7V:H10F,R4P:L7V:H10F,-0.9816442287567474,3
R4P:L7V:H10Y,R4P:L7V:H10Y,-1.8759329472813868,3
R4T:L7I:A11S,R4T:L7I:A11S,-1.5465166715911072,3
R4T:L7Q:A11S,R4T:L7Q:A11S,-1.5316255583468492,3
R4Q:L7I:A11S,R4Q:L7I:A11S,-2.0211735527401817,3
R4Q:L7Q:A11S,R4Q:L7Q:A11S,-1.6071369650859546,3
R4L:L7I:A11S,R4L:L7I:A11S,-1.3721891089769,3
R4L:L7V:A11S,R4L:L7V:A11S,-1.475849903748888,3
R4A:L7I:A11S,R4A:L7I:A11S,-1.385101355368512,3
R4H:L7V:A11S,R4H:L7V:A11S,-1.5230864290974249,3
R4C:L7I:A11S,R4C:L7I:A11S,-1.773455017418356,3
R4C:L7Q:A11S,R4C:L7Q:A11S,-1.5877078524634698,3
R4P:L7I:A11S,R4P:L7I:A11S,-0.7810736295750886,3
R4P:L7Q:A11S,R4P:L7Q:A11S,-0.8127634797985782,3
R4T:S8K:Q9K,R4T:S8K:Q9K,-0.8862017070646335,3
R4T:S8K:Q9A,R4T:S8K:Q9A,-0.8396370474256337,3
R4T:S8R:Q9R,R4T:S8R:Q9R,-0.6520361920353652,3
R4T:S8L:Q9K,R4T:S8L:Q9K,-1.900719531231358,3
R4T:S8L:Q9R,R4T:S8L:Q9R,-1.8131148645152884,3
R4T:S8C:Q9K,R4T:S8C:Q9K,-1.2109468171013142,3
R4T:S8C:Q9R,R4T:S8C:Q9R,-1.1701614530819777,3
R4T:S8C:Q9A,R4T:S8C:Q9A,-0.773021465212907,3
R4T:S8T:Q9K,R4T:S8T:Q9K,-0.6460896759767587,3
R4T:S8T:Q9R,R4T:S8T:Q9R,-1.6084222682252645,3
R4Q:S8K:Q9K,R4Q:S8K:Q9K,-0.9776980278765933,3
R4Q:S8K:Q9R,R4Q:S8K:Q9R,-0.9593759525557445,3
R4Q:S8R:Q9K,R4Q:S8R:Q9K,-1.0473158367367068,3
R4Q:S8R:Q9A,R4Q:S8R:Q9A,-0.5841784172468858,3
R4Q:S8L:Q9A,R4Q:S8L:Q9A,-1.2853539728530057,3
R4Q:S8C:Q9R,R4Q:S8C:Q9R,-1.3602371735050314,3
R4Q:S8T:Q9R,R4Q:S8T:Q9R,-1.1117606776083158,3
R4L:S8K:Q9R,R4L:S8K:Q9R,-1.2178337902561367,3
R4L:S8K:Q9A,R4L:S8K:Q9A,-1.6858141451555417,3
R4L:S8R:Q9K,R4L:S8R:Q9K,-1.7391663510845423,3
R4L:S8R:Q9R,R4L:S8R:Q9R,-1.6453641761350666,3
R4L:S8L:Q9K,R4L:S8L:Q9K,-2.6532339081939718,3
R4L:S8L:Q9R,R4L:S8L:Q9R,-2.7316683339523293,3
R4A:S8K:Q9K,R4A:S8K:Q9K,-1.0970959326353504,3
R4A:S8K:Q9R,R4A:S8K:Q9R,-1.0420026831397364,3
R4A:S8R:Q9A,R4A:S8R:Q9A,-0.6318016002022185,3
R4A:S8L:Q9K,R4A:S8L:Q9K,-1.1046407611322997,3
R4A:S8L:Q9R,R4A:S8L:Q9R,-2.010320026130395,3
R4A:S8L:Q9A,R4A:S8L:Q9A,-1.6523739824716146,3
R4A:S8C:Q9K,R4A:S8C:Q9K,-1.6365869782286697,3
R4A:S8C:Q9R,R4A:S8C:Q9R,-1.653366249964543,3
R4A:S8C:Q9A,R4A:S8C:Q9A,-1.123838725493288,3
R4A:S8T:Q9K,R4A:S8T:Q9K,-0.7816717795540985,3
R4A:S8T:Q9R,R4A:S8T:Q9R,-1.4080535359662967,3
R4A:S8T:Q9A,R4A:S8T:Q9A,-0.7937048012270782,3
R4H:S8K:Q9R,R4H:S8K:Q9R,-1.0090640593702989,3
R4H:S8R:Q9R,R4H:S8R:Q9R,-0.8855066283466074,3
R4H:S8L:Q9K,R4H:S8L:Q9K,-1.9077789763416704,3
R4H:S8C:Q9R,R4H:S8C:Q9R,-1.477590184100077,3
R4H:S8T:Q9R,R4H:S8T:Q9R,-1.0625807031393901,3
R4C:S8K:Q9R,R4C:S8K:Q9R,-1.6028747136562234,3
R4C:S8K:Q9A,R4C:S8K:Q9A,-1.449326116254273,3
R4C:S8R:Q9K,R4C:S8R:Q9K,-1.899534933358142,3
R4C:S8R:Q9A,R4C:S8R:Q9A,-1.644749146489961,3
R4C:S8L:Q9A,R4C:S8L:Q9A,-2.3664754803412165,3
R4C:S8C:Q9K,R4C:S8C:Q9K,-2.6268032288718475,3
R4C:S8C:Q9R,R4C:S8C:Q9R,-2.389112457760718,3
R4C:S8C:Q9A,R4C:S8C:Q9A,-1.8659280112020846,3
R4C:S8T:Q9R,R4C:S8T:Q9R,-1.741721276390322,3
R4C:S8T:Q9A,R4C:S8T:Q9A,-1.5071000304256446,3
R4P:S8K:Q9R,R4P:S8K:Q9R,-0.7761053600211893,3
R4P:S8K:Q9A,R4P:S8K:Q9A,-0.7225660886362935,3
R4P:S8R:Q9R,R4P:S8R:Q9R,-0.777047018420792,3
R4P:S8R:Q9A,R4P:S8R:Q9A,-0.4467595365361971,3
R4P:S8L:Q9K,R4P:S8L:Q9K,-1.6325571765527829,3
R4P:S8L:Q9R,R4P:S8L:Q9R,-1.6698685269644378,3
R4P:S8L:Q9A,R4P:S8L:Q9A,-1.0486112406656087,3
R4P:S8C:Q9K,R4P:S8C:Q9K,-1.1821531680683848,3
R4P:S8C:Q9R,R4P:S8C:Q9R,-1.0560277955103932,3
R4P:S8C:Q9A,R4P:S8C:Q9A,-0.7584410456803471,3
R4P:S8T:Q9K,R4P:S8T:Q9K,-0.9347002433352165,3
R4P:S8T:Q9R,R4P:S8T:Q9R,-0.7316425145999872,3
R4P:S8T:Q9A,R4P:S8T:Q9A,-0.492595196283693,3
R4T:S8K:H10F,R4T:S8K:H10F,-0.8822373815481105,3
R4T:S8L:H10F,R4T:S8L:H10F,-1.1671595212066084,3
R4T:S8L:H10Y,R4T:S8L:H10Y,-2.204444516205772,3
R4T:S8C:H10Y,R4T:S8C:H10Y,-1.735201066130665,3
R4T:S8T:H10F,R4T:S8T:H10F,-1.1044782880222344,3
R4T:S8T:H10Y,R4T:S8T:H10Y,-2.022306255404872,3
R4Q:S8K:H10F,R4Q:S8K:H10F,-1.0914217083955824,3
R4Q:S8R:H10F,R4Q:S8R:H10F,-0.9029412397628752,3
R4Q:S8L:H10Y,R4Q:S8L:H10Y,-2.18463475015014,3
R4Q:S8C:H10F,R4Q:S8C:H10F,-1.028571861404558,3
R4Q:S8C:H10Y,R4Q:S8C:H10Y,-1.802600032492201,3
R4Q:S8T:H10F,R4Q:S8T:H10F,-1.0304041895617329,3
R4L:S8K:H10Y,R4L:S8K:H10Y,-2.769619509531189,3
R4L:S8R:H10Y,R4L:S8R:H10Y,-2.03481129545552,3
R4L:S8L:H10F,R4L:S8L:H10F,-1.8435386728094498,3
R4L:S8L:H10Y,R4L:S8L:H10Y,-3.0539133861920673,3
R4L:S8T:H10F,R4L:S8T:H10F,-1.9839429886351525,3
R4L:S8T:H10Y,R4L:S8T:H10Y,-2.8931676833581044,3
R4A:S8R:H10F,R4A:S8R:H10F,-1.5841638326948555,3
R4A:S8R:H10Y,R4A:S8R:H10Y,-1.3788615775040733,3
R4A:S8L:H10Y,R4A:S8L:H10Y,-3.2946412006800823,3
R4A:S8T:H10F,R4A:S8T:H10F,-1.4915605297904766,3
R4H:S8K:H10F,R4H:S8K:H10F,-1.287078084545077,3
R4H:S8L:H10F,R4H:S8L:H10F,-1.65816647453771,3
R4H:S8L:H10Y,R4H:S8L:H10Y,-2.8021019473571025,3
R4H:S8C:H10F,R4H:S8C:H10F,-1.2887039619232676,3
R4H:S8T:H10Y,R4H:S8T:H10Y,-1.8777791762706728,3
R4C:S8R:H10F,R4C:S8R:H10F,-1.1272621173947204,3
R4C:S8L:H10F,R4C:S8L:H10F,-2.7550195003548166,3
R4C:S8C:H10Y,R4C:S8C:H10Y,-3.5292039590618827,3
R4C:S8T:H10F,R4C:S8T:H10F,-2.350844589421185,3
R4P:S8K:H10F,R4P:S8K:H10F,-1.2908087656173712,3
R4P:S8K:H10Y,R4P:S8K:H10Y,-2.0082072219681386,3
R4P:S8R:H10Y,R4P:S8R:H10Y,-2.0398592552063013,3
R4P:S8L:H10F,R4P:S8L:H10F,-1.504009553113462,3
R4P:S8L:H10Y,R4P:S8L:H10Y,-2.3395207231031567,3
R4P:S8C:H10Y,R4P:S8C:H10Y,-1.793004501004427,3
R4P:S8T:H10F,R4P:S8T:H10F,-2.5458715264285496,3
R4P:S8T:H10Y,R4P:S8T:H10Y,-1.5316201295159044,3
R4T:S8R:A11S,R4T:S8R:A11S,-1.525947947007527,3
R4T:S8L:A11S,R4T:S8L:A11S,-1.5809280040993479,3
R4T:S8C:A11S,R4T:S8C:A11S,-1.3391098279957105,3
R4Q:S8K:A11S,R4Q:S8K:A11S,-1.6848859551539703,3
R4Q:S8R:A11S,R4Q:S8R:A11S,-1.5129666136740993,3
R4Q:S8L:A11S,R4Q:S8L:A11S,-1.5988452127162207,3
R4Q:S8C:A11S,R4Q:S8C:A11S,-1.244811113612899,3
R4L:S8R:A11S,R4L:S8R:A11S,-3.103361023073328,3
R4L:S8L:A11S,R4L:S8L:A11S,-1.8312412077980948,3
R4L:S8C:A11S,R4L:S8C:A11S,-1.7122299657981153,3
R4A:S8K:A11S,R4A:S8K:A11S,-1.5736932490528854,3
R4A:S8R:A11S,R4A:S8R:A11S,-1.6732889555689325,3
R4A:S8L:A11S,R4A:S8L:A11S,-1.8510643416217758,3
R4A:S8C:A11S,R4A:S8C:A11S,-3.6435016701811382,3
R4A:S8T:A11S,R4A:S8T:A11S,-1.3923279291475876,3
R4H:S8K:A11S,R4H:S8K:A11S,-1.8210848057298346,3
R4H:S8L:A11S,R4H:S8L:A11S,-1.7581904720680577,3
R4H:S8T:A11S,R4H:S8T:A11S,-1.0343348795923883,3
R4C:S8K:A11S,R4C:S8K:A11S,-1.9644141653355356,3
R4C:S8R:A11S,R4C:S8R:A11S,-1.9203568781722626,3
R4C:S8L:A11S,R4C:S8L:A11S,-2.0082630293638206,3
R4C:S8C:A11S,R4C:S8C:A11S,-3.63729437605122,3
R4C:S8T:A11S,R4C:S8T:A11S,-3.526126554799933,3
R4P:S8K:A11S,R4P:S8K:A11S,-1.5917047302742602,3
R4P:S8R:A11S,R4P:S8R:A11S,-1.5274268277291942,3
R4P:S8L:A11S,R4P:S8L:A11S,-1.398065109445504,3
R4P:S8C:A11S,R4P:S8C:A11S,-1.1862512507017953,3
R4P:S8T:A11S,R4P:S8T:A11S,-0.9822154427139589,3
R4T:Q9K:H10F,R4T:Q9K:H10F,-3.5526349778441872,3
R4T:Q9K:H10Y,R4T:Q9K:H10Y,-1.9003693985853274,3
R4T:Q9R:H10F,R4T:Q9R:H10F,-1.2003641944624495,3
R4Q:Q9K:H10F,R4Q:Q9K:H10F,-2.7119497584198293,3
R4Q:Q9R:H10F,R4Q:Q9R:H10F,-0.7944089254567664,3
R4Q:Q9A:H10Y,R4Q:Q9A:H10Y,-1.0302721651689704,3
R4L:Q9K:H10Y,R4L:Q9K:H10Y,-4.387248117239645,3
R4L:Q9R:H10Y,R4L:Q9R:H10Y,-2.031094022894179,3
R4L:Q9A:H10Y,R4L:Q9A:H10Y,-1.922573844256943,3
R4A:Q9K:H10Y,R4A:Q9K:H10Y,-2.065268018466806,3
R4A:Q9R:H10F,R4A:Q9R:H10F,-1.6416568704564354,3
R4A:Q9A:H10Y,R4A:Q9A:H10Y,-1.3169404361347359,3
R4H:Q9K:H10Y,R4H:Q9K:H10Y,-1.6052346503108537,3
R4H:Q9A:H10F,R4H:Q9A:H10F,-0.8279074826749405,3
R4C:Q9K:H10F,R4C:Q9K:H10F,-3.793746393770143,3
R4C:Q9R:H10Y,R4C:Q9R:H10Y,-1.3727034503171471,3
R4P:Q9K:H10F,R4P:Q9K:H10F,-1.5100469024808585,3
R4T:Q9K:A11S,R4T:Q9K:A11S,-3.762002413601673,3
R4T:Q9A:A11S,R4T:Q9A:A11S,-3.3876382061434676,3
R4Q:Q9K:A11S,R4Q:Q9K:A11S,-3.876611549902076,3
R4Q:Q9R:A11S,R4Q:Q9R:A11S,-3.6070575083881815,3
R4L:Q9K:A11S,R4L:Q9K:A11S,-3.1380065410363898,3
R4L:Q9R:A11S,R4L:Q9R:A11S,-3.5375945085507934,3
R4L:Q9A:A11S,R4L:Q9A:A11S,-3.257140223923055,3
R4A:Q9R:A11S,R4A:Q9R:A11S,-3.494155820480063,3
R4H:Q9K:A11S,R4H:Q9K:A11S,-3.6022205251134536,3
R4H:Q9R:A11S,R4H:Q9R:A11S,-3.5170179997504842,3
R4C:Q9R:A11S,R4C:Q9R:A11S,-3.7038312538870133,3
R4C:Q9A:A11S,R4C:Q9A:A11S,-3.5744406837327487,3
R4P:Q9K:A11S,R4P:Q9K:A11S,-3.2348964710753045,3
R4P:Q9R:A11S,R4P:Q9R:A11S,-3.4076821548244722,3
R4P:Q9A:A11S,R4P:Q9A:A11S,-3.276801375615435,3
R4T:H10F:A11S,R4T:H10F:A11S,-3.390762720329353,3
R4T:H10Y:A11S,R4T:H10Y:A11S,-3.3887602996325765,3
R4Q:H10F:A11S,R4Q:H10F:A11S,-2.777259923259745,3
R4Q:H10Y:A11S,R4Q:H10Y:A11S,-3.8935936732475924,3
R4L:H10F:A11S,R4L:H10F:A11S,-1.4429809675419845,3
R4L:H10Y:A11S,R4L:H10Y:A11S,-3.7352482480118936,3
R4A:H10Y:A11S,R4A:H10Y:A11S,-3.8696699222318074,3
R4H:H10F:A11S,R4H:H10F:A11S,-1.162799025276042,3
R4H:H10Y:A11S,R4H:H10Y:A11S,-3.4557056223291305,3
R4C:H10F:A11S,R4C:H10F:A11S,-1.7494247316474028,3
R4P:H10Y:A11S,R4P:H10Y:A11S,-3.6778864636812014,3
A5M:Q6R:L7Q,A5M:Q6R:L7Q,-4.222266616760127,3
A5M:Q6R:L7V,A5M:Q6R:L7V,-1.0216897290059561,3
A5I:Q6R:L7I,A5I:Q6R:L7I,-0.4654594875105071,3
A5I:Q6R:L7Q,A5I:Q6R:L7Q,-2.0507383523793394,3
A5M:Q6R:S8R,A5M:Q6R:S8R,-1.2000504555575728,3
A5M:Q6R:S8L,A5M:Q6R:S8L,-2.063760720639757,3
A5M:Q6R:S8T,A5M:Q6R:S8T,-1.2510035263625114,3
A5I:Q6R:S8C,A5I:Q6R:S8C,-0.3548158052498725,3
A5M:Q6R:Q9K,A5M:Q6R:Q9K,-1.7653382785955511,3
A5M:Q6R:Q9A,A5M:Q6R:Q9A,-1.2398034523290427,3
A5I:Q6R:Q9R,A5I:Q6R:Q9R,-0.33195114098957873,3
A5I:Q6R:Q9A,A5I:Q6R:Q9A,-0.3903524454251911,3
A5M:Q6R:H10F,A5M:Q6R:H10F,-0.9902956342877338,3
A5M:L7I:S8C,A5M:L7I:S8C,-0.6798147277909434,3
A5M:L7I:S8T,A5M:L7I:S8T,-0.5290995731993874,3
A5M:L7Q:S8K,A5M:L7Q:S8K,-1.0439827228152052,3
A5M:L7Q:S8R,A5M:L7Q:S8R,-0.7419982215616406,3
A5M:L7Q:S8C,A5M:L7Q:S8C,-0.6172461110819596,3
A5M:L7V:S8K,A5M:L7V:S8K,-0.7449444564267657,3
A5M:L7V:S8R,A5M:L7V:S8R,-0.664727429643861,3
A5M:L7V:S8C,A5M:L7V:S8C,-0.27574267999780955,3
A5M:L7V:S8T,A5M:L7V:S8T,-0.383566922090367,3
A5I:L7I:S8K,A5I:L7I:S8K,-0.2524072032831113,3
A5I:L7I:S8L,A5I:L7I:S8L,-0.19873172172617162,3
A5I:L7I:S8C,A5I:L7I:S8C,-0.13587515546947573,3
A5I:L7I:S8T,A5I:L7I:S8T,-0.24858838107505662,3
A5I:L7Q:S8K,A5I:L7Q:S8K,-0.4287120295366512,3
A5I:L7Q:S8C,A5I:L7Q:S8C,-0.38857962598590096,3
A5I:L7Q:S8T,A5I:L7Q:S8T,-0.5359259907842031,3
A5I:L7V:S8L,A5I:L7V:S8L,-0.3114849274772538,3
A5M:L7I:Q9R,A5M:L7I:Q9R,-0.2750993372466571,3
A5M:L7I:Q9A,A5M:L7I:Q9A,-2.218659947884759,3
A5M:L7Q:Q9R,A5M:L7Q:Q9R,-0.867196292084685,3
A5M:L7Q:Q9A,A5M:L7Q:Q9A,-0.7466247527894331,3
A5M:L7V:Q9K,A5M:L7V:Q9K,-0.8262714522747426,3
A5M:L7V:Q9R,A5M:L7V:Q9R,-0.642544720692473,3
A5M:L7V:Q9A,A5M:L7V:Q9A,-0.49925900263549255,3
A5I:L7I:Q9R,A5I:L7I:Q9R,-0.49781005434432424,3
A5I:L7Q:Q9K,A5I:L7Q:Q9K,-2.995662746831901,3
A5I:L7Q:Q9R,A5I:L7Q:Q9R,-1.7242558825945,3
A5I:L7V:Q9K,A5I:L7V:Q9K,-2.7305286426957793,3
A5I:L7V:Q9R,A5I:L7V:Q9R,-2.293701773538408,3
A5I:L7V:Q9A,A5I:L7V:Q9A,-3.0351532724398806,3
A5M:L7Q:H10F,A5M:L7Q:H10F,-4.0313012517081805,3
A5M:L7Q:H10Y,A5M:L7Q:H10Y,-5.192327560767274,3
A5M:L7V:H10F,A5M:L7V:H10F,-3.3204327278746297,3
A5I:L7I:H10Y,A5I:L7I:H10Y,-2.7082053170611693,3
A5I:L7Q:H10Y,A5I:L7Q:H10Y,-4.364644060686605,3
A5I:L7V:H10F,A5I:L7V:H10F,-2.893186500993528,3
A5M:L7I:A11S,A5M:L7I:A11S,-3.391816036487902,3
A5M:L7Q:A11S,A5M:L7Q:A11S,-3.603006797823804,3
A5I:L7I:A11S,A5I:L7I:A11S,-2.6655361010963645,3
A5I:L7Q:A11S,A5I:L7Q:A11S,-0.7655353563220947,3
A5I:L7V:A11S,A5I:L7V:A11S,-2.214274096182489,3
A5M:S8K:Q9K,A5M:S8K:Q9K,-3.7989940027933398,3
A5M:S8K:Q9A,A5M:S8K:Q9A,-1.2108693830137698,3
A5M:S8R:Q9R,A5M:S8R:Q9R,-1.1218255885949346,3
A5M:S8R:Q9A,A5M:S8R:Q9A,-0.9066851847588094,3
A5M:S8L:Q9A,A5M:S8L:Q9A,-1.542463587910266,3
A5M:S8C:Q9R,A5M:S8C:Q9R,-1.2749021732205836,3
A5M:S8T:Q9K,A5M:S8T:Q9K,-3.467937689197749,3
A5M:S8T:Q9A,A5M:S8T:Q9A,-0.6668690901357365,3
A5I:S8K:Q9R,A5I:S8K:Q9R,-0.7083832803560621,3
A5I:S8K:Q9A,A5I:S8K:Q9A,-0.5094971712757234,3
A5I:S8R:Q9K,A5I:S8R:Q9K,-2.348524594780152,3
A5I:S8R:Q9R,A5I:S8R:Q9R,-0.573684119076651,3
A5I:S8R:Q9A,A5I:S8R:Q9A,-0.3897972813899538,3
A5I:S8L:Q9K,A5I:S8L:Q9K,-2.827045716772808,3
A5I:S8L:Q9A,A5I:S8L:Q9A,-1.6997142672123802,3
A5I:S8C:Q9K,A5I:S8C:Q9K,-2.618468489021109,3
A5I:S8C:Q9R,A5I:S8C:Q9R,-0.32626138377781366,3
A5I:S8C:Q9A,A5I:S8C:Q9A,-0.31414210323585146,3
A5I:S8T:Q9K,A5I:S8T:Q9K,-2.51959114653655,3
A5I:S8T:Q9R,A5I:S8T:Q9R,-0.327452688472481,3
A5I:S8T:Q9A,A5I:S8T:Q9A,-1.0734428748806086,3
A5M:S8K:H10F,A5M:S8K:H10F,-3.628763121372464,3
A5M:S8K:H10Y,A5M:S8K:H10Y,-4.718411665427438,3
A5M:S8R:H10F,A5M:S8R:H10F,-3.7950454595994043,3
A5M:S8L:H10F,A5M:S8L:H10F,-3.9528593771160594,3
A5M:S8L:H10Y,A5M:S8L:H10Y,-5.933132106008516,3
A5M:S8C:H10Y,A5M:S8C:H10Y,-4.0324130016638025,3
A5M:S8T:H10F,A5M:S8T:H10F,-3.886083177309256,3
A5I:S8K:H10F,A5I:S8K:H10F,-2.359487853109624,3
A5I:S8K:H10Y,A5I:S8K:H10Y,-3.453909871030213,3
A5I:S8R:H10F,A5I:S8R:H10F,-2.3269716764273083,3
A5I:S8R:H10Y,A5I:S8R:H10Y,-3.313849628381747,3
A5I:S8L:H10F,A5I:S8L:H10F,-2.578482753672449,3
A5I:S8T:H10F,A5I:S8T:H10F,-2.5382516993663002,3
A5I:S8T:H10Y,A5I:S8T:H10Y,-2.7299067657251572,3
A5M:S8K:A11S,A5M:S8K:A11S,-3.0632438698957043,3
A5M:S8L:A11S,A5M:S8L:A11S,-3.583388549123862,3
A5I:S8K:A11S,A5I:S8K:A11S,-2.7780327548949098,3
A5I:S8R:A11S,A5I:S8R:A11S,-2.8476093528705806,3
A5I:S8L:A11S,A5I:S8L:A11S,-3.096876625379797,3
A5I:S8C:A11S,A5I:S8C:A11S,-2.6886827292966173,3
A5I:S8T:A11S,A5I:S8T:A11S,-2.5629362730098237,3
A5M:Q9K:H10F,A5M:Q9K:H10F,-3.6584528917328467,3
A5M:Q9R:H10F,A5M:Q9R:H10F,-0.7488501364804694,3
A5M:Q9R:H10Y,A5M:Q9R:H10Y,-2.2583145900096757,3
A5M:Q9A:H10F,A5M:Q9A:H10F,-0.5479469469364882,3
A5M:Q9A:H10Y,A5M:Q9A:H10Y,-4.313384088892267,3
A5I:Q9K:H10F,A5I:Q9K:H10F,-2.729373302083446,3
A5I:Q9R:H10F,A5I:Q9R:H10F,-0.304938673578635,3
A5I:Q9R:H10Y,A5I:Q9R:H10Y,-0.43330346785502827,3
A5I:Q9A:H10F,A5I:Q9A:H10F,-0.6682829047600743,3
A5M:Q9R:A11S,A5M:Q9R:A11S,-3.9493360847384475,3
A5I:Q9K:A11S,A5I:Q9K:A11S,-2.8275618544381973,3
A5I:Q9A:A11S,A5I:Q9A:A11S,-2.850887385155898,3
A5M:H10F:A11S,A5M:H10F:A11S,-3.209847770760567,3
A5M:H10Y:A11S,A5M:H10Y:A11S,-4.539980826500238,3
A5I:H10Y:A11S,A5I:H10Y:A11S,-3.117698882410476,3
Q6R:L7I:S8K,Q6R:L7I:S8K,-3.477806777432798,3
Q6R:L7I:S8C,Q6R:L7I:S8C,-2.6762858045219042,3
Q6R:L7I:S8T,Q6R:L7I:S8T,-3.108495269893918,3
Q6R:L7Q:S8L,Q6R:L7Q:S8L,-3.3304551459708494,3
Q6R:L7Q:S8C,Q6R:L7Q:S8C,-1.717299944064752,3
Q6R:L7Q:S8T,Q6R:L7Q:S8T,-3.026820641857105,3
Q6R:L7V:S8L,Q6R:L7V:S8L,-3.0486656565438643,3
Q6R:L7V:S8T,Q6R:L7V:S8T,-3.1047706844035083,3
Q6R:L7I:Q9R,Q6R:L7I:Q9R,-0.9367945110425108,3
Q6R:L7I:Q9A,Q6R:L7I:Q9A,-0.6887203651648769,3
Q6R:L7Q:Q9R,Q6R:L7Q:Q9R,-0.6563127959553987,3
Q6R:L7V:Q9K,Q6R:L7V:Q9K,-3.1361168696669477,3
Q6R:L7V:Q9R,Q6R:L7V:Q9R,-0.8683924069752921,3
Q6R:L7V:Q9A,Q6R:L7V:Q9A,-0.7154300303815685,3
Q6R:L7Q:H10F,Q6R:L7Q:H10F,-2.931346721591205,3
Q6R:L7Q:H10Y,Q6R:L7Q:H10Y,-3.4547623157669163,3
Q6R:L7V:H10F,Q6R:L7V:H10F,-2.7605687698507384,3
Q6R:L7V:H10Y,Q6R:L7V:H10Y,-3.5902778610974373,3
Q6R:L7I:A11S,Q6R:L7I:A11S,-3.3643067885601052,3
Q6R:L7V:A11S,Q6R:L7V:A11S,-3.398862391351056,3
Q6R:S8K:Q9K,Q6R:S8K:Q9K,-3.0967730435559324,3
Q6R:S8R:Q9K,Q6R:S8R:Q9K,-2.9731238238796216,3
Q6R:S8R:Q9R,Q6R:S8R:Q9R,-0.9846837318160114,3
Q6R:S8R:Q9A,Q6R:S8R:Q9A,-1.0436848831064693,3
Q6R:S8L:Q9K,Q6R:S8L:Q9K,-3.703370924683574,3
Q6R:S8L:Q9A,Q6R:S8L:Q9A,-1.58961139304302,3
Q6R:S8C:Q9R,Q6R:S8C:Q9R,-3.3758503060677527,3
Q6R:S8T:Q9K,Q6R:S8T:Q9K,-3.2083682269549394,3
Q6R:S8T:Q9A,Q6R:S8T:Q9A,-1.1498214946791474,3
Q6R:S8K:H10Y,Q6R:S8K:H10Y,-4.259220988800041,3
Q6R:S8R:H10F,Q6R:S8R:H10F,-3.3984428521316183,3
Q6R:S8L:H10F,Q6R:S8L:H10F,-3.1144372315559643,3
Q6R:S8C:H10F,Q6R:S8C:H10F,-3.1087563513401553,3
Q6R:S8T:H10F,Q6R:S8T:H10F,-2.850232429821542,3
Q6R:S8K:A11S,Q6R:S8K:A11S,-3.3479859638572904,3
Q6R:S8R:A11S,Q6R:S8R:A11S,-3.2738933660655727,3
Q6R:S8C:A11S,Q6R:S8C:A11S,-3.7087621865897464,3
Q6R:S8T:A11S,Q6R:S8T:A11S,-3.3446466138802835,3
Q6R:Q9K:H10F,Q6R:Q9K:H10F,-1.5928390466140743,3
Q6R:Q9A:H10F,Q6R:Q9A:H10F,-1.0874612495612637,3
Q6R:Q9A:H10Y,Q6R:Q9A:H10Y,-2.0157425651375065,3
Q6R:H10Y:A11S,Q6R:H10Y:A11S,-4.748760726508819,3
L7I:S8K:Q9K,L7I:S8K:Q9K,-3.3891551134278908,3
L7I:S8K:Q9R,L7I:S8K:Q9R,-1.109260941778227,3
L7I:S8K:Q9A,L7I:S8K:Q9A,-1.094427351226182,3
L7I:S8R:Q9R,L7I:S8R:Q9R,-0.9228830744552021,3
L7I:S8L:Q9K,L7I:S8L:Q9K,-4.224561495891258,3
L7I:S8L:Q9R,L7I:S8L:Q9R,-2.255769603997296,3
L7I:S8C:Q9K,L7I:S8C:Q9K,-3.8760831826384363,3
L7I:S8C:Q9A,L7I:S8C:Q9A,-0.9638698161790578,3
L7I:S8T:Q9R,L7I:S8T:Q9R,-0.989183451781487,3
L7Q:S8K:Q9K,L7Q:S8K:Q9K,-3.2121107503669513,3
L7Q:S8K:Q9A,L7Q:S8K:Q9A,-0.9079713833043229,3
L7Q:S8R:Q9K,L7Q:S8R:Q9K,-3.188892504224485,3
L7Q:S8R:Q9R,L7Q:S8R:Q9R,-0.8457795334849441,3
L7Q:S8L:Q9R,L7Q:S8L:Q9R,-1.0050355218036124,3
L7Q:S8C:Q9K,L7Q:S8C:Q9K,-3.732092401669652,3
L7Q:S8C:Q9R,L7Q:S8C:Q9R,-1.3211609170879652,3
L7Q:S8C:Q9A,L7Q:S8C:Q9A,-1.0232664848100503,3
L7Q:S8T:Q9K,L7Q:S8T:Q9K,-3.240366050821448,3
L7Q:S8T:Q9R,L7Q:S8T:Q9R,-0.9007903913314004,3
L7Q:S8T:Q9A,L7Q:S8T:Q9A,-0.7659053393783521,3
L7V:S8K:Q9K,L7V:S8K:Q9K,-3.234679007546662,3
L7V:S8K:Q9R,L7V:S8K:Q9R,-0.8862107593645567,3
L7V:S8R:Q9K,L7V:S8R:Q9K,-3.314213519255307,3
L7V:S8R:Q9R,L7V:S8R:Q9R,-1.0394442255398675,3
L7V:S8L:Q9R,L7V:S8L:Q9R,-1.2897630581156363,3
L7V:S8C:Q9K,L7V:S8C:Q9K,-3.90539181520682,3
L7V:S8C:Q9R,L7V:S8C:Q9R,-0.8597748209062249,3
L7V:S8C:Q9A,L7V:S8C:Q9A,-0.6911713688974314,3
L7V:S8T:Q9K,L7V:S8T:Q9K,-0.7720767587632513,3
L7V:S8T:Q9R,L7V:S8T:Q9R,-0.6816607761533149,3
L7V:S8T:Q9A,L7V:S8T:Q9A,-0.39890330279575426,3
L7I:S8K:H10F,L7I:S8K:H10F,-3.1595754064289245,3
L7I:S8R:H10F,L7I:S8R:H10F,-3.097602437469521,3
L7I:S8R:H10Y,L7I:S8R:H10Y,-4.091339033780965,3
L7I:S8L:H10F,L7I:S8L:H10F,-3.4107795578508755,3
L7I:S8L:H10Y,L7I:S8L:H10Y,-4.27710774931271,3
L7I:S8C:H10F,L7I:S8C:H10F,-3.191921588850231,3
L7I:S8C:H10Y,L7I:S8C:H10Y,-3.702927144680928,3
L7I:S8T:H10F,L7I:S8T:H10F,-3.4862298615830314,3
L7I:S8T:H10Y,L7I:S8T:H10Y,-1.2276752570285334,3
L7Q:S8K:H10F,L7Q:S8K:H10F,-3.3284240590117724,3
L7Q:S8K:H10Y,L7Q:S8K:H10Y,-4.003049528047982,3
L7Q:S8R:H10F,L7Q:S8R:H10F,-3.1265641651745266,3
L7Q:S8R:H10Y,L7Q:S8R:H10Y,-3.9877463630507135,3
L7Q:S8L:H10F,L7Q:S8L:H10F,-3.1625032546501624,3
L7Q:S8L:H10Y,L7Q:S8L:H10Y,-3.905661211373244,3
L7Q:S8C:H10Y,L7Q:S8C:H10Y,-3.871087715211831,3
L7Q:S8T:H10Y,L7Q:S8T:H10Y,-3.645576614842954,3
L7V:S8K:H10F,L7V:S8K:H10F,-0.8553936370695975,3
L7V:S8K:H10Y,L7V:S8K:H10Y,-3.958025938832648,3
L7V:S8R:H10F,L7V:S8R:H10F,-2.9777399015880324,3
L7V:S8R:H10Y,L7V:S8R:H10Y,-3.6022233908938213,3
L7V:S8L:H10Y,L7V:S8L:H10Y,-3.969655313762443,3
L7V:S8C:H10Y,L7V:S8C:H10Y,-3.9225082201239894,3
L7V:S8T:H10F,L7V:S8T:H10F,-3.225380900613745,3
L7I:S8K:A11S,L7I:S8K:A11S,-3.2761350789992982,3
L7I:S8R:A11S,L7I:S8R:A11S,-3.4522520780075348,3
L7I:S8L:A11S,L7I:S8L:A11S,-3.2329948631069967,3
L7I:S8C:A11S,L7I:S8C:A11S,-3.084975583455434,3
L7I:S8T:A11S,L7I:S8T:A11S,-2.9788141918654425,3
L7Q:S8K:A11S,L7Q:S8K:A11S,-3.076572323072056,3
L7Q:S8R:A11S,L7Q:S8R:A11S,-3.1823024947521463,3
L7Q:S8L:A11S,L7Q:S8L:A11S,-3.3529186467000143,3
L7V:S8K:A11S,L7V:S8K:A11S,-3.190875741922635,3
L7V:S8R:A11S,L7V:S8R:A11S,-3.263836877910002,3
L7V:S8C:A11S,L7V:S8C:A11S,-3.3688125408117093,3
L7V:S8T:A11S,L7V:S8T:A11S,-3.1201450887208044,3
L7I:Q9K:H10F,L7I:Q9K:H10F,-2.789978149623496,3
L7I:Q9K:H10Y,L7I:Q9K:H10Y,-4.077276945238369,3
L7I:Q9A:H10F,L7I:Q9A:H10F,-0.48374024683979344,3
L7Q:Q9K:H10Y,L7Q:Q9K:H10Y,-4.3304185520689575,3
L7Q:Q9R:H10Y,L7Q:Q9R:H10Y,-1.4931442320153756,3
L7I:Q9R:A11S,L7I:Q9R:A11S,-1.5314979063728995,3
L7I:H10F:A11S,L7I:H10F:A11S,-1.485823216543353,3
L7V:H10Y:A11S,L7V:H10Y:A11S,-1.3741353838495896,3
S8R:Q9K:H10F,S8R:Q9K:H10F,-1.2844066269118777,3
S8R:Q9K:H10Y,S8R:Q9K:H10Y,-1.1322874203609465,3
S8R:Q9A:H10F,S8R:Q9A:H10F,-0.9939479493391785,3
S8L:Q9R:H10Y,S8L:Q9R:H10Y,-1.5569553491851529,3
S8C:Q9A:H10F,S8C:Q9A:H10F,-1.0621170720426718,3
S8T:Q9K:H10Y,S8T:Q9K:H10Y,-1.349535505104296,3
S8T:Q9A:H10Y,S8T:Q9A:H10Y,-1.4717275191458306,3
S8L:Q9K:A11S,S8L:Q9K:A11S,-1.3206242813255775,3
S8L:Q9R:A11S,S8L:Q9R:A11S,-1.3652375841187703,3
S8C:Q9K:A11S,S8C:Q9K:A11S,-1.1223884461238478,3
S8T:Q9R:A11S,S8T:Q9R:A11S,-0.5275949692364857,3
S8K:H10Y:A11S,S8K:H10Y:A11S,-1.2978398347802427,3
S8R:H10Y:A11S,S8R:H10Y:A11S,-1.6190735203847344,3
S8L:H10F:A11S,S8L:H10F:A11S,-1.4013328539477805,3
S8L:H10Y:A11S,S8L:H10Y:A11S,-1.7297186835025018,3
Q9R:H10Y:A11S,Q9R:H10Y:A11S,-1.4270029732742506,3
Q9A:H10Y:A11S,Q9A:H10Y:A11S,-1.0647727830386426,3
