mutant,component_score,nabu_score
R4D:T6S:D60Q:R97D:V106M,1.272111095732046,1.9532159530183522
R4D:T6S:A28H:D60Q:T112E,1.2772816948905614,1.9416641162046062
R4D:T6S:G33T:R97D:V106M,1.273706751346611,1.9258153665745517
R4D:T6S:A28H:G33T:T112E,1.2788773505051263,1.9173485584909118
R4D:T6S:D60Q:V106M:T112E,1.273905001513392,1.9050859954929853
G2E:R4D:T6S:D60Q:V106M,1.2761969940775013,1.8829257677747582
R4D:T6S:R97D:V106M:T112E,1.229224581137548,1.8642993245312738
G2E:R4D:T6S:A28K:D60Q,1.235934322676645,1.8520379165677043
R4D:T6S:D60Q:I91C:V106M,1.235130224013299,1.8515209776225166
R4D:T6S:A28K:D60Q:T112E,1.2336423301125354,1.8291055893893953
R4D:T6S:A28K:D60Q:R97D,1.2318484243311896,1.815676005230295
R4D:T6S:A28K:G33T:R97D,1.2334440799457544,1.8064585654604222
R4D:T6S:D60Q:V106M:V108Q,1.2028032439170957,1.7994377308414826
G2E:R4D:T6S:G33T:R97D,1.2528666281565572,1.7894043425986053
R4D:T6S:D60Q:D95Q:V106M,1.196557689087806,1.7806190435649567
G2E:R4D:T6S:A28K:V106M,1.2161799238363102,1.778497513165123
R4D:G33T:D60Q:R97D:V106M,1.1399074746932616,1.7722767461610065
G2E:R4D:T6S:V106M:T112E,1.2333104794830034,1.771093694587213
T6S:A28H:G33T:R97D:V106M,1.1715490201149221,1.7696562191886853
G2E:R4D:T6S:A28H:R97D,1.234893267078827,1.7676023781829828
L3N:R4D:T6S:G33T:D60Q,1.232141602912598,1.7645966902454138
R4D:T6S:A28H:V106M:V108Q,1.1864255384539306,1.7565230032896462
R4D:T6S:A28H:G33T:D95Q,1.2015300380795404,1.755850454486446
G2E:R4D:T6S:A28K:T112E,1.193047808082147,1.7522418036063097
T6S:G33T:D60Q:R97D:T112E,1.164794609823924,1.7494379562083142
G2E:R4D:T6S:R97D:T112E,1.2083844579474943,1.7489060400484866
L3N:R4D:T6S:D60Q:V106M,1.2107915484576983,1.7410983036409708
L3N:R4D:T6S:A28H:G33T,1.2157638974494327,1.7367525047386136
R4D:T6S:A28H:V108Q:T112E,1.1632934226997673,1.7356715208106621
G2E:R4D:T6S:I91C:V106M,1.1945357019829106,1.7343907366214004
R4D:T6S:G33T:D95Q:T112E,1.1750212289482076,1.7312113629094528
R4D:A28H:G33T:R97D:V106M,1.1235297692300965,1.730719929966687
R4D:A28H:D60Q:R97D:V106M,1.1219341136155316,1.7257974319088465
R4D:T6S:G33T:D60Q,1.2796318335623864,1.7115801785827882
R4D:T6S:A28K:I91C:V106M,1.175113153772108,1.71131338710819
R4D:T6S:A28K:D60Q:V108Q,1.1625405725162392,1.7069740969085547
T6S:A28H:G33T:R97D:T112E,1.1484169043607588,1.7065208293131406
L3N:R4D:T6S:D60Q:T112E,1.187659432703535,1.7062054412258565
G2E:R4D:T6H:G33T:D60Q,1.0347174300103363,1.7053094121569954
R4D:T6S:A28K:G33T:V108Q,1.164136228130804,1.702234036642667
L3N:R4D:T6S:G33T:V106M,1.2123872040722632,1.6994278141176984
R4D:T6S:G33T:R97D:V108Q,1.1794728779961514,1.6967327557674934
G2E:R4D:T6S:G33T:V108Q,1.1835587763416069,1.6950253891656093
R4D:T6S:A28H:D95Q:T112E,1.1570478678704776,1.69407482235198
R4D:G33T:R97D:V106M:T112E,1.0970209600987637,1.6914605606863073
R4D:A28H:G33T:V106M:T112E,1.1253236750114421,1.6895712865830916
R4D:T6H:G33T:R97D:V106M,1.0108771328245463,1.6849368632147599
R4D:T6H:D60Q:R97D:V106M,1.0092814772099814,1.683336015662825
G2E:R4D:A28H:D60Q:V106M,1.1260200119609869,1.6829360187731273
G2E:L3N:R4D:T6S:D60Q,1.1899514252676446,1.6786834137071514
